card_id,collector_number,card_name,finish,pokemon_tcg_api_card_id,pokemon_tcg_api_variant,api_low,api_market,api_mid,api_high,api_updated_at,tcgdex_card_id,tcgdex_variant,tcgdex_low,tcgdex_market,tcgdex_updated_at,comparison_status,difference_low,difference_market,identity_status,finish_status,eligible,reason
25165,001,Bulbasaur,normal,sv3pt5-1,normal,0.01,0.26,0.25,18.42,2026/09/01,sv03.5-001,normal,0.01,0.26,2026-09-01T12:00:20.170Z,MATCH,0.0,0.0,EXACT,EXACT,True,exact identity and finish
25166,001,Bulbasaur,reverse_holo,sv3pt5-1,reverseHolofoil,0.09,0.41,0.4,41.93,2026/09/01,sv03.5-001,reverse-holofoil,0.09,0.39,2026-09-01T12:00:20.170Z,MINOR_DIFFERENCE,0.0,0.04878048780487796,EXACT,EXACT,True,price discrepancy is diagnostic only; API remains authority
25167,002,Ivysaur,normal,sv3pt5-2,normal,0.04,0.27,0.28,19.98,2026/09/01,sv03.5-002,normal,0.04,0.26,2026-09-01T12:00:20.170Z,MINOR_DIFFERENCE,0.0,0.03703703703703707,EXACT,EXACT,True,price discrepancy is diagnostic only; API remains authority
25168,002,Ivysaur,reverse_holo,sv3pt5-2,reverseHolofoil,0.1,0.41,0.44,19.14,2026/09/01,sv03.5-002,reverse-holofoil,0.1,0.41,2026-09-01T12:00:20.170Z,MATCH,0.0,0.0,EXACT,EXACT,True,exact identity and finish
25169,003,Venusaur ex,holo,sv3pt5-3,holofoil,0.55,1.5,1.43,17.5,2026/09/01,sv03.5-003,holofoil,0.55,1.5,2026-09-01T12:00:20.170Z,MATCH,0.0,0.0,EXACT,EXACT,True,exact identity and finish
25171,004,Charmander,holo,sv3pt5-4,holofoil,,,,,2026/09/01,sv03.5-004,,,,2026-08-14T19:11:56+01:00,IDENTITY_CONFLICT,,,EXACT,CONFLICT,False,TCGdex finish variant is not exact; API finish variant missing
25170,004,Charmander,normal,sv3pt5-4,normal,0.01,0.24,0.25,25.0,2026/09/01,sv03.5-004,normal,0.01,0.23,2026-09-01T12:00:20.170Z,MINOR_DIFFERENCE,0.0,0.04166666666666659,EXACT,EXACT,True,price discrepancy is diagnostic only; API remains authority
25172,004,Charmander,reverse_holo,sv3pt5-4,reverseHolofoil,0.1,0.37,0.42,19.97,2026/09/01,sv03.5-004,reverse-holofoil,0.1,0.38,2026-09-01T12:00:20.170Z,MINOR_DIFFERENCE,0.0,0.026315789473684233,EXACT,EXACT,True,price discrepancy is diagnostic only; API remains authority
25174,005,Charmeleon,holo,sv3pt5-5,holofoil,,,,,2026/09/01,sv03.5-005,,,,2026-08-14T19:11:56+01:00,IDENTITY_CONFLICT,,,EXACT,CONFLICT,False,TCGdex finish variant is not exact; API finish variant missing
25173,005,Charmeleon,normal,sv3pt5-5,normal,0.02,0.23,0.25,19.98,2026/09/01,sv03.5-005,normal,0.02,0.24,2026-09-01T12:00:20.170Z,MINOR_DIFFERENCE,0.0,0.04166666666666659,EXACT,EXACT,True,price discrepancy is diagnostic only; API remains authority
25175,005,Charmeleon,reverse_holo,sv3pt5-5,reverseHolofoil,0.1,0.37,0.4,18.82,2026/09/01,sv03.5-005,reverse-holofoil,0.1,0.37,2026-09-01T12:00:20.170Z,MATCH,0.0,0.0,EXACT,EXACT,True,exact identity and finish
25176,006,Charizard ex,holo,sv3pt5-6,holofoil,4.49,8.57,9.4,112.99,2026/09/01,sv03.5-006,holofoil,4.49,8.57,2026-09-01T12:00:20.170Z,MATCH,0.0,0.0,EXACT,EXACT,True,exact identity and finish
25177,007,Squirtle,normal,sv3pt5-7,normal,0.05,0.24,0.25,18.94,2026/09/01,sv03.5-007,normal,0.05,0.24,2026-09-01T12:00:20.170Z,MATCH,0.0,0.0,EXACT,EXACT,True,exact identity and finish
25178,007,Squirtle,reverse_holo,sv3pt5-7,reverseHolofoil,0.1,0.43,0.45,96.95,2026/09/01,sv03.5-007,reverse-holofoil,0.1,0.43,2026-09-01T12:00:20.170Z,MATCH,0.0,0.0,EXACT,EXACT,True,exact identity and finish
25179,008,Wartortle,normal,sv3pt5-8,normal,0.09,0.26,0.29,25.0,2026/09/01,sv03.5-008,normal,0.08,0.25,2026-09-01T12:00:20.170Z,MINOR_DIFFERENCE,0.11111111111111106,0.03846153846153849,EXACT,EXACT,True,price discrepancy is diagnostic only; API remains authority
25180,008,Wartortle,reverse_holo,sv3pt5-8,reverseHolofoil,0.22,0.56,0.64,40.0,2026/09/01,sv03.5-008,reverse-holofoil,0.22,0.54,2026-09-01T12:00:20.170Z,MINOR_DIFFERENCE,0.0,0.03571428571428574,EXACT,EXACT,True,price discrepancy is diagnostic only; API remains authority
25181,009,Blastoise ex,holo,sv3pt5-9,holofoil,1.0,2.91,2.7,55.55,2026/09/01,sv03.5-009,holofoil,1.0,3.02,2026-09-01T12:00:20.170Z,MINOR_DIFFERENCE,0.0,0.036423841059602606,EXACT,EXACT,True,price discrepancy is diagnostic only; API remains authority
25182,010,Caterpie,normal,sv3pt5-10,normal,0.01,0.19,0.19,19.98,2026/09/01,sv03.5-010,normal,0.01,0.2,2026-09-01T12:00:20.170Z,MINOR_DIFFERENCE,0.0,0.050000000000000044,EXACT,EXACT,True,price discrepancy is diagnostic only; API remains authority
25183,010,Caterpie,reverse_holo,sv3pt5-10,reverseHolofoil,0.08,0.31,0.3,20.0,2026/09/01,sv03.5-010,reverse-holofoil,0.08,0.31,2026-09-01T12:00:20.170Z,MATCH,0.0,0.0,EXACT,EXACT,True,exact identity and finish
25184,011,Metapod,normal,sv3pt5-11,normal,0.05,0.23,0.24,19.98,2026/09/01,sv03.5-011,normal,0.05,0.23,2026-09-01T12:00:20.170Z,MATCH,0.0,0.0,EXACT,EXACT,True,exact identity and finish
25185,011,Metapod,reverse_holo,sv3pt5-11,reverseHolofoil,1.65,2.96,3.08,96.95,2026/09/01,sv03.5-011,reverse-holofoil,1.65,2.96,2026-09-01T12:00:20.170Z,MATCH,0.0,0.0,EXACT,EXACT,True,exact identity and finish
25186,012,Butterfree,normal,sv3pt5-12,normal,0.01,0.22,0.21,990.0,2026/09/01,sv03.5-012,normal,0.01,0.21,2026-09-01T12:00:20.170Z,MINOR_DIFFERENCE,0.0,0.0454545454545455,EXACT,EXACT,True,price discrepancy is diagnostic only; API remains authority
25187,012,Butterfree,reverse_holo,sv3pt5-12,reverseHolofoil,0.14,0.28,0.29,19.98,2026/09/01,sv03.5-012,reverse-holofoil,0.14,0.28,2026-09-01T12:00:20.170Z,MATCH,0.0,0.0,EXACT,EXACT,True,exact identity and finish
25188,013,Weedle,normal,sv3pt5-13,normal,0.01,0.19,0.19,19.98,2026/09/01,sv03.5-013,normal,0.01,0.2,2026-09-01T12:00:20.170Z,MINOR_DIFFERENCE,0.0,0.050000000000000044,EXACT,EXACT,True,price discrepancy is diagnostic only; API remains authority
25189,013,Weedle,reverse_holo,sv3pt5-13,reverseHolofoil,0.05,0.27,0.28,15.23,2026/09/01,sv03.5-013,reverse-holofoil,0.05,0.27,2026-09-01T12:00:20.170Z,MATCH,0.0,0.0,EXACT,EXACT,True,exact identity and finish
25190,014,Kakuna,normal,sv3pt5-14,normal,0.05,0.2,0.22,20.0,2026/09/01,sv03.5-014,normal,0.05,0.2,2026-09-01T12:00:20.170Z,MATCH,0.0,0.0,EXACT,EXACT,True,exact identity and finish
25191,014,Kakuna,reverse_holo,sv3pt5-14,reverseHolofoil,1.19,2.8,3.03,18.2,2026/09/01,sv03.5-014,reverse-holofoil,1.19,2.8,2026-09-01T12:00:20.170Z,MATCH,0.0,0.0,EXACT,EXACT,True,exact identity and finish
25192,015,Beedrill,holo,sv3pt5-15,holofoil,0.05,0.27,0.27,31.23,2026/09/01,sv03.5-015,holofoil,0.05,0.27,2026-09-01T12:00:20.170Z,MATCH,0.0,0.0,EXACT,EXACT,True,exact identity and finish
25193,015,Beedrill,reverse_holo,sv3pt5-15,reverseHolofoil,0.3,0.9,1.12,96.95,2026/09/01,sv03.5-015,reverse-holofoil,0.3,0.9,2026-09-01T12:00:20.170Z,MATCH,0.0,0.0,EXACT,EXACT,True,exact identity and finish
25194,016,Pidgey,normal,sv3pt5-16,normal,0.04,0.2,0.23,19.58,2026/09/01,sv03.5-016,normal,0.04,0.2,2026-09-01T12:00:20.170Z,MATCH,0.0,0.0,EXACT,EXACT,True,exact identity and finish
25195,016,Pidgey,reverse_holo,sv3pt5-16,reverseHolofoil,0.07,0.29,0.31,19.52,2026/09/01,sv03.5-016,reverse-holofoil,0.07,0.29,2026-09-01T12:00:20.170Z,MATCH,0.0,0.0,EXACT,EXACT,True,exact identity and finish
25196,017,Pidgeotto,normal,sv3pt5-17,normal,0.1,0.35,0.33,19.98,2026/09/01,sv03.5-017,normal,0.1,0.35,2026-09-01T12:00:20.170Z,MATCH,0.0,0.0,EXACT,EXACT,True,exact identity and finish
25197,017,Pidgeotto,reverse_holo,sv3pt5-17,reverseHolofoil,0.94,2.9,2.82,14.66,2026/09/01,sv03.5-017,reverse-holofoil,0.94,2.9,2026-09-01T12:00:20.170Z,MATCH,0.0,0.0,EXACT,EXACT,True,exact identity and finish
25198,018,Pidgeot,normal,sv3pt5-18,normal,0.01,0.19,0.2,19.98,2026/09/01,sv03.5-018,normal,0.01,0.21,2026-09-01T12:00:20.170Z,MINOR_DIFFERENCE,0.0,0.09523809523809519,EXACT,EXACT,True,price discrepancy is diagnostic only; API remains authority
25199,018,Pidgeot,reverse_holo,sv3pt5-18,reverseHolofoil,0.09,0.27,0.3,17.76,2026/09/01,sv03.5-018,reverse-holofoil,0.09,0.27,2026-09-01T12:00:20.170Z,MATCH,0.0,0.0,EXACT,EXACT,True,exact identity and finish
25200,019,Rattata,normal,sv3pt5-19,normal,0.01,0.13,0.15,19.98,2026/09/01,sv03.5-019,normal,0.01,0.13,2026-09-01T12:00:20.170Z,MATCH,0.0,0.0,EXACT,EXACT,True,exact identity and finish
25201,019,Rattata,reverse_holo,sv3pt5-19,reverseHolofoil,0.07,0.26,0.28,15.24,2026/09/01,sv03.5-019,reverse-holofoil,0.07,0.26,2026-09-01T12:00:20.170Z,MATCH,0.0,0.0,EXACT,EXACT,True,exact identity and finish
25202,020,Raticate,normal,sv3pt5-20,normal,0.01,0.17,0.2,19.98,2026/09/01,sv03.5-020,normal,0.01,0.17,2026-09-01T12:00:20.170Z,MATCH,0.0,0.0,EXACT,EXACT,True,exact identity and finish
25203,020,Raticate,reverse_holo,sv3pt5-20,reverseHolofoil,0.06,0.26,0.27,5.0,2026/09/01,sv03.5-020,reverse-holofoil,0.06,0.26,2026-09-01T12:00:20.170Z,MATCH,0.0,0.0,EXACT,EXACT,True,exact identity and finish
25204,021,Spearow,normal,sv3pt5-21,normal,0.01,0.14,0.17,25.0,2026/09/01,sv03.5-021,normal,0.01,0.14,2026-09-01T12:00:20.170Z,MATCH,0.0,0.0,EXACT,EXACT,True,exact identity and finish
25205,021,Spearow,reverse_holo,sv3pt5-21,reverseHolofoil,0.1,1.26,1.41,50.0,2026/09/01,sv03.5-021,reverse-holofoil,0.1,1.26,2026-09-01T12:00:20.170Z,MATCH,0.0,0.0,EXACT,EXACT,True,exact identity and finish
25206,022,Fearow,normal,sv3pt5-22,normal,0.01,0.18,0.19,20.0,2026/09/01,sv03.5-022,normal,0.01,0.18,2026-09-01T12:00:20.170Z,MATCH,0.0,0.0,EXACT,EXACT,True,exact identity and finish
25207,022,Fearow,reverse_holo,sv3pt5-22,reverseHolofoil,0.08,0.2,0.25,5.0,2026/09/01,sv03.5-022,reverse-holofoil,0.08,0.2,2026-09-01T12:00:20.170Z,MATCH,0.0,0.0,EXACT,EXACT,True,exact identity and finish
25208,023,Ekans,normal,sv3pt5-23,normal,0.01,0.14,0.19,18.34,2026/09/01,sv03.5-023,normal,0.01,0.14,2026-09-01T12:00:20.170Z,MATCH,0.0,0.0,EXACT,EXACT,True,exact identity and finish
25209,023,Ekans,reverse_holo,sv3pt5-23,reverseHolofoil,0.04,0.32,0.3,17.74,2026/09/01,sv03.5-023,reverse-holofoil,0.04,0.32,2026-09-01T12:00:20.170Z,MATCH,0.0,0.0,EXACT,EXACT,True,exact identity and finish
25210,024,Arbok ex,holo,sv3pt5-24,holofoil,0.57,1.9,1.81,22.0,2026/09/01,sv03.5-024,holofoil,0.57,1.88,2026-09-01T12:00:20.170Z,MINOR_DIFFERENCE,0.0,0.010526315789473694,EXACT,EXACT,True,price discrepancy is diagnostic only; API remains authority
25211,025,Pikachu,normal,sv3pt5-25,normal,0.01,0.29,0.29,19.98,2026/09/01,sv03.5-025,normal,0.01,0.28,2026-09-01T12:00:20.170Z,MINOR_DIFFERENCE,0.0,0.034482758620689495,EXACT,EXACT,True,price discrepancy is diagnostic only; API remains authority
25212,025,Pikachu,reverse_holo,sv3pt5-25,reverseHolofoil,0.2,1.27,1.02,75.0,2026/09/01,sv03.5-025,reverse-holofoil,0.2,1.29,2026-09-01T12:00:20.170Z,MINOR_DIFFERENCE,0.0,0.015503875968992262,EXACT,EXACT,True,price discrepancy is diagnostic only; API remains authority
25213,026,Raichu,holo,sv3pt5-26,holofoil,0.08,0.28,0.32,19.54,2026/09/01,sv03.5-026,holofoil,0.08,0.28,2026-09-01T12:00:20.170Z,MATCH,0.0,0.0,EXACT,EXACT,True,exact identity and finish
25214,026,Raichu,reverse_holo,sv3pt5-26,reverseHolofoil,0.48,1.39,1.5,18.14,2026/09/01,sv03.5-026,reverse-holofoil,0.48,1.39,2026-09-01T12:00:20.170Z,MATCH,0.0,0.0,EXACT,EXACT,True,exact identity and finish
25215,027,Sandshrew,normal,sv3pt5-27,normal,0.01,0.15,0.19,20.0,2026/09/01,sv03.5-027,normal,0.01,0.15,2026-09-01T12:00:20.170Z,MATCH,0.0,0.0,EXACT,EXACT,True,exact identity and finish
25216,027,Sandshrew,reverse_holo,sv3pt5-27,reverseHolofoil,0.1,0.27,0.27,19.06,2026/09/01,sv03.5-027,reverse-holofoil,0.1,0.27,2026-09-01T12:00:20.170Z,MATCH,0.0,0.0,EXACT,EXACT,True,exact identity and finish
25217,028,Sandslash,normal,sv3pt5-28,normal,0.01,0.2,0.2,19.96,2026/09/01,sv03.5-028,normal,0.01,0.2,2026-09-01T12:00:20.170Z,MATCH,0.0,0.0,EXACT,EXACT,True,exact identity and finish
25218,028,Sandslash,reverse_holo,sv3pt5-28,reverseHolofoil,0.05,0.28,0.29,990.0,2026/09/01,sv03.5-028,reverse-holofoil,0.05,0.28,2026-09-01T12:00:20.170Z,MATCH,0.0,0.0,EXACT,EXACT,True,exact identity and finish
25219,029,Nidoran♀,normal,sv3pt5-29,normal,0.05,0.29,0.26,19.98,2026/09/01,sv03.5-029,normal,0.05,0.29,2026-09-01T12:00:20.170Z,IDENTITY_CONFLICT,0.0,0.0,CONFLICT,EXACT,False,Pokémon TCG API identity: name 'Nidoran ♀' != 'Nidoran♀'
25220,029,Nidoran♀,reverse_holo,sv3pt5-29,reverseHolofoil,1.0,1.67,1.91,40.0,2026/09/01,sv03.5-029,reverse-holofoil,1.0,1.67,2026-09-01T12:00:20.170Z,IDENTITY_CONFLICT,0.0,0.0,CONFLICT,EXACT,False,Pokémon TCG API identity: name 'Nidoran ♀' != 'Nidoran♀'
25221,030,Nidorina,normal,sv3pt5-30,normal,0.01,0.2,0.2,19.06,2026/09/01,sv03.5-030,normal,0.01,0.2,2026-09-01T12:00:20.170Z,MATCH,0.0,0.0,EXACT,EXACT,True,exact identity and finish
25222,030,Nidorina,reverse_holo,sv3pt5-30,reverseHolofoil,0.1,0.31,0.3,990.0,2026/09/01,sv03.5-030,reverse-holofoil,0.1,0.31,2026-09-01T12:00:20.170Z,MATCH,0.0,0.0,EXACT,EXACT,True,exact identity and finish
25223,031,Nidoqueen,normal,sv3pt5-31,normal,0.01,0.17,0.2,19.98,2026/09/01,sv03.5-031,normal,0.01,0.17,2026-09-01T12:00:20.170Z,MATCH,0.0,0.0,EXACT,EXACT,True,exact identity and finish
25224,031,Nidoqueen,reverse_holo,sv3pt5-31,reverseHolofoil,0.05,0.31,0.31,19.64,2026/09/01,sv03.5-031,reverse-holofoil,0.05,0.31,2026-09-01T12:00:20.170Z,MATCH,0.0,0.0,EXACT,EXACT,True,exact identity and finish
25225,032,Nidoran♂,normal,sv3pt5-32,normal,0.06,0.23,0.25,20.0,2026/09/01,sv03.5-032,normal,0.06,0.23,2026-09-01T12:00:20.170Z,IDENTITY_CONFLICT,0.0,0.0,CONFLICT,EXACT,False,Pokémon TCG API identity: name 'Nidoran ♂' != 'Nidoran♂'
25226,032,Nidoran♂,reverse_holo,sv3pt5-32,reverseHolofoil,1.25,3.0,3.04,7.24,2026/09/01,sv03.5-032,reverse-holofoil,1.25,3.0,2026-09-01T12:00:20.170Z,IDENTITY_CONFLICT,0.0,0.0,CONFLICT,EXACT,False,Pokémon TCG API identity: name 'Nidoran ♂' != 'Nidoran♂'
25227,033,Nidorino,normal,sv3pt5-33,normal,0.01,0.21,0.21,2.17,2026/09/01,sv03.5-033,normal,0.01,0.21,2026-09-01T12:00:20.170Z,MATCH,0.0,0.0,EXACT,EXACT,True,exact identity and finish
25228,033,Nidorino,reverse_holo,sv3pt5-33,reverseHolofoil,0.1,0.27,0.28,15.23,2026/09/01,sv03.5-033,reverse-holofoil,0.1,0.27,2026-09-01T12:00:20.170Z,MATCH,0.0,0.0,EXACT,EXACT,True,exact identity and finish
25229,034,Nidoking,holo,sv3pt5-34,holofoil,0.09,0.3,0.32,25.0,2026/09/01,sv03.5-034,holofoil,0.09,0.3,2026-09-01T12:00:20.170Z,MATCH,0.0,0.0,EXACT,EXACT,True,exact identity and finish
25230,034,Nidoking,reverse_holo,sv3pt5-34,reverseHolofoil,0.61,1.71,1.75,17.19,2026/09/01,sv03.5-034,reverse-holofoil,0.61,1.71,2026-09-01T12:00:20.170Z,MATCH,0.0,0.0,EXACT,EXACT,True,exact identity and finish
25231,035,Clefairy,normal,sv3pt5-35,normal,0.01,0.22,0.23,19.54,2026/09/01,sv03.5-035,normal,0.01,0.22,2026-09-01T12:00:20.170Z,MATCH,0.0,0.0,EXACT,EXACT,True,exact identity and finish
25232,035,Clefairy,reverse_holo,sv3pt5-35,reverseHolofoil,0.09,0.32,0.32,36.0,2026/09/01,sv03.5-035,reverse-holofoil,0.09,0.32,2026-09-01T12:00:20.170Z,MATCH,0.0,0.0,EXACT,EXACT,True,exact identity and finish
25233,036,Clefable,normal,sv3pt5-36,normal,0.02,0.14,0.2,19.98,2026/09/01,sv03.5-036,normal,0.02,0.14,2026-09-01T12:00:20.170Z,MATCH,0.0,0.0,EXACT,EXACT,True,exact identity and finish
25234,036,Clefable,reverse_holo,sv3pt5-36,reverseHolofoil,0.05,0.32,0.31,15.29,2026/09/01,sv03.5-036,reverse-holofoil,0.05,0.32,2026-09-01T12:00:20.170Z,MATCH,0.0,0.0,EXACT,EXACT,True,exact identity and finish
25235,037,Vulpix,normal,sv3pt5-37,normal,0.01,0.16,0.19,19.6,2026/09/01,sv03.5-037,normal,0.01,0.16,2026-09-01T12:00:20.170Z,MATCH,0.0,0.0,EXACT,EXACT,True,exact identity and finish
25236,037,Vulpix,reverse_holo,sv3pt5-37,reverseHolofoil,0.01,0.34,0.34,18.94,2026/09/01,sv03.5-037,reverse-holofoil,0.01,0.34,2026-09-01T12:00:20.170Z,MATCH,0.0,0.0,EXACT,EXACT,True,exact identity and finish
25237,038,Ninetales ex,holo,sv3pt5-38,holofoil,1.0,2.23,2.37,64.0,2026/09/01,sv03.5-038,holofoil,1.0,2.28,2026-09-01T12:00:20.170Z,MINOR_DIFFERENCE,0.0,0.02192982456140343,EXACT,EXACT,True,price discrepancy is diagnostic only; API remains authority
25238,039,Jigglypuff,normal,sv3pt5-39,normal,0.01,0.17,0.2,19.74,2026/09/01,sv03.5-039,normal,0.01,0.17,2026-09-01T12:00:20.170Z,MATCH,0.0,0.0,EXACT,EXACT,True,exact identity and finish
25239,039,Jigglypuff,reverse_holo,sv3pt5-39,reverseHolofoil,0.1,0.32,0.34,19.48,2026/09/01,sv03.5-039,reverse-holofoil,0.1,0.31,2026-09-01T12:00:20.170Z,MINOR_DIFFERENCE,0.0,0.03125000000000003,EXACT,EXACT,True,price discrepancy is diagnostic only; API remains authority
25240,040,Wigglytuff ex,holo,sv3pt5-40,holofoil,0.3,1.43,1.47,25.0,2026/09/01,sv03.5-040,holofoil,0.3,1.48,2026-09-01T12:00:20.170Z,MINOR_DIFFERENCE,0.0,0.03378378378378381,EXACT,EXACT,True,price discrepancy is diagnostic only; API remains authority
25241,041,Zubat,normal,sv3pt5-41,normal,0.01,0.11,0.15,990.0,2026/09/01,sv03.5-041,normal,0.01,0.11,2026-09-01T12:00:20.170Z,MATCH,0.0,0.0,EXACT,EXACT,True,exact identity and finish
25242,041,Zubat,reverse_holo,sv3pt5-41,reverseHolofoil,0.1,0.26,0.28,15.23,2026/09/01,sv03.5-041,reverse-holofoil,0.1,0.26,2026-09-01T12:00:20.170Z,MATCH,0.0,0.0,EXACT,EXACT,True,exact identity and finish
25243,042,Golbat,normal,sv3pt5-42,normal,0.01,0.09,0.17,20.0,2026/09/01,sv03.5-042,normal,0.01,0.09,2026-09-01T12:00:20.170Z,MATCH,0.0,0.0,EXACT,EXACT,True,exact identity and finish
25244,042,Golbat,reverse_holo,sv3pt5-42,reverseHolofoil,0.09,0.31,0.3,19.04,2026/09/01,sv03.5-042,reverse-holofoil,0.09,0.31,2026-09-01T12:00:20.170Z,MATCH,0.0,0.0,EXACT,EXACT,True,exact identity and finish
25245,043,Oddish,normal,sv3pt5-43,normal,0.01,0.17,0.18,19.98,2026/09/01,sv03.5-043,normal,0.01,0.16,2026-09-01T12:00:20.170Z,MINOR_DIFFERENCE,0.0,0.058823529411764754,EXACT,EXACT,True,price discrepancy is diagnostic only; API remains authority
25246,043,Oddish,reverse_holo,sv3pt5-43,reverseHolofoil,0.05,0.26,0.28,18.18,2026/09/01,sv03.5-043,reverse-holofoil,0.05,0.26,2026-09-01T12:00:20.170Z,MATCH,0.0,0.0,EXACT,EXACT,True,exact identity and finish
25247,044,Gloom,normal,sv3pt5-44,normal,0.01,0.2,0.2,19.98,2026/09/01,sv03.5-044,normal,0.01,0.2,2026-09-01T12:00:20.170Z,MATCH,0.0,0.0,EXACT,EXACT,True,exact identity and finish
25248,044,Gloom,reverse_holo,sv3pt5-44,reverseHolofoil,0.07,0.27,0.29,40.0,2026/09/01,sv03.5-044,reverse-holofoil,0.07,0.27,2026-09-01T12:00:20.170Z,MATCH,0.0,0.0,EXACT,EXACT,True,exact identity and finish
25249,045,Vileplume,holo,sv3pt5-45,holofoil,0.03,0.26,0.28,18.18,2026/09/01,sv03.5-045,holofoil,0.03,0.26,2026-09-01T12:00:20.170Z,MATCH,0.0,0.0,EXACT,EXACT,True,exact identity and finish
25250,045,Vileplume,reverse_holo,sv3pt5-45,reverseHolofoil,0.48,0.83,0.96,50.0,2026/09/01,sv03.5-045,reverse-holofoil,0.48,0.83,2026-09-01T12:00:20.170Z,MATCH,0.0,0.0,EXACT,EXACT,True,exact identity and finish
25251,046,Paras,normal,sv3pt5-46,normal,0.01,0.15,0.16,25.0,2026/09/01,sv03.5-046,normal,0.01,0.15,2026-09-01T12:00:20.170Z,MATCH,0.0,0.0,EXACT,EXACT,True,exact identity and finish
25252,046,Paras,reverse_holo,sv3pt5-46,reverseHolofoil,0.05,0.25,0.25,3.69,2026/09/01,sv03.5-046,reverse-holofoil,0.05,0.25,2026-09-01T12:00:20.170Z,MATCH,0.0,0.0,EXACT,EXACT,True,exact identity and finish
25253,047,Parasect,normal,sv3pt5-47,normal,0.01,0.2,0.19,5.0,2026/09/01,sv03.5-047,normal,0.01,0.2,2026-09-01T12:00:20.170Z,MATCH,0.0,0.0,EXACT,EXACT,True,exact identity and finish
25254,047,Parasect,reverse_holo,sv3pt5-47,reverseHolofoil,0.07,0.29,0.27,5.0,2026/09/01,sv03.5-047,reverse-holofoil,0.07,0.29,2026-09-01T12:00:20.170Z,MATCH,0.0,0.0,EXACT,EXACT,True,exact identity and finish
25255,048,Venonat,normal,sv3pt5-48,normal,0.01,0.18,0.2,19.98,2026/09/01,sv03.5-048,normal,0.01,0.18,2026-09-01T12:00:20.170Z,MATCH,0.0,0.0,EXACT,EXACT,True,exact identity and finish
25256,048,Venonat,reverse_holo,sv3pt5-48,reverseHolofoil,0.07,0.22,0.25,19.98,2026/09/01,sv03.5-048,reverse-holofoil,0.07,0.22,2026-09-01T12:00:20.170Z,MATCH,0.0,0.0,EXACT,EXACT,True,exact identity and finish
25257,049,Venomoth,normal,sv3pt5-49,normal,0.04,0.17,0.2,2.08,2026/09/01,sv03.5-049,normal,0.04,0.17,2026-09-01T12:00:20.170Z,MATCH,0.0,0.0,EXACT,EXACT,True,exact identity and finish
25258,049,Venomoth,reverse_holo,sv3pt5-49,reverseHolofoil,0.1,0.32,0.31,25.0,2026/09/01,sv03.5-049,reverse-holofoil,0.1,0.32,2026-09-01T12:00:20.170Z,MATCH,0.0,0.0,EXACT,EXACT,True,exact identity and finish
25259,050,Diglett,normal,sv3pt5-50,normal,0.01,0.14,0.16,19.54,2026/09/01,sv03.5-050,normal,0.01,0.14,2026-09-01T12:00:20.170Z,MATCH,0.0,0.0,EXACT,EXACT,True,exact identity and finish
25260,050,Diglett,reverse_holo,sv3pt5-50,reverseHolofoil,0.01,0.26,0.27,15.23,2026/09/01,sv03.5-050,reverse-holofoil,0.08,0.26,2026-09-01T12:00:20.170Z,MATERIAL_DIFFERENCE,0.8750000000000001,0.0,EXACT,EXACT,True,price discrepancy is diagnostic only; API remains authority
25261,051,Dugtrio,normal,sv3pt5-51,normal,0.01,0.12,0.17,19.54,2026/09/01,sv03.5-051,normal,0.01,0.12,2026-09-01T12:00:20.170Z,MATCH,0.0,0.0,EXACT,EXACT,True,exact identity and finish
25262,051,Dugtrio,reverse_holo,sv3pt5-51,reverseHolofoil,0.01,0.23,0.25,19.98,2026/09/01,sv03.5-051,reverse-holofoil,0.01,0.23,2026-09-01T12:00:20.170Z,MATCH,0.0,0.0,EXACT,EXACT,True,exact identity and finish
25263,052,Meowth,normal,sv3pt5-52,normal,0.03,0.19,0.2,20.0,2026/09/01,sv03.5-052,normal,0.03,0.19,2026-09-01T12:00:20.170Z,MATCH,0.0,0.0,EXACT,EXACT,True,exact identity and finish
25264,052,Meowth,reverse_holo,sv3pt5-52,reverseHolofoil,0.09,0.25,0.29,19.98,2026/09/01,sv03.5-052,reverse-holofoil,0.09,0.26,2026-09-01T12:00:20.170Z,MINOR_DIFFERENCE,0.0,0.03846153846153849,EXACT,EXACT,True,price discrepancy is diagnostic only; API remains authority
25265,053,Persian,normal,sv3pt5-53,normal,0.01,0.15,0.2,30.0,2026/09/01,sv03.5-053,normal,0.01,0.15,2026-09-01T12:00:20.170Z,MATCH,0.0,0.0,EXACT,EXACT,True,exact identity and finish
25266,053,Persian,reverse_holo,sv3pt5-53,reverseHolofoil,0.08,0.26,0.29,25.0,2026/09/01,sv03.5-053,reverse-holofoil,0.08,0.26,2026-09-01T12:00:20.170Z,MATCH,0.0,0.0,EXACT,EXACT,True,exact identity and finish
25267,054,Psyduck,normal,sv3pt5-54,normal,0.03,0.27,0.25,19.08,2026/09/01,sv03.5-054,normal,0.03,0.26,2026-09-01T12:00:20.170Z,MINOR_DIFFERENCE,0.0,0.03703703703703707,EXACT,EXACT,True,price discrepancy is diagnostic only; API remains authority
25268,054,Psyduck,reverse_holo,sv3pt5-54,reverseHolofoil,0.15,0.88,0.8,19.28,2026/09/01,sv03.5-054,reverse-holofoil,0.15,0.88,2026-09-01T12:00:20.170Z,MATCH,0.0,0.0,EXACT,EXACT,True,exact identity and finish
25269,055,Golduck,normal,sv3pt5-55,normal,0.01,0.16,0.19,19.98,2026/09/01,sv03.5-055,normal,0.01,0.16,2026-09-01T12:00:20.170Z,MATCH,0.0,0.0,EXACT,EXACT,True,exact identity and finish
25270,055,Golduck,reverse_holo,sv3pt5-55,reverseHolofoil,0.06,0.28,0.29,15.26,2026/09/01,sv03.5-055,reverse-holofoil,0.06,0.28,2026-09-01T12:00:20.170Z,MATCH,0.0,0.0,EXACT,EXACT,True,exact identity and finish
25271,056,Mankey,normal,sv3pt5-56,normal,0.01,0.14,0.16,19.98,2026/09/01,sv03.5-056,normal,0.01,0.14,2026-09-01T12:00:20.170Z,MATCH,0.0,0.0,EXACT,EXACT,True,exact identity and finish
25272,056,Mankey,reverse_holo,sv3pt5-56,reverseHolofoil,0.08,0.25,0.27,15.22,2026/09/01,sv03.5-056,reverse-holofoil,0.08,0.25,2026-09-01T12:00:20.170Z,MATCH,0.0,0.0,EXACT,EXACT,True,exact identity and finish
25273,057,Primeape,normal,sv3pt5-57,normal,0.01,0.16,0.18,20.0,2026/09/01,sv03.5-057,normal,0.01,0.16,2026-09-01T12:00:20.170Z,MATCH,0.0,0.0,EXACT,EXACT,True,exact identity and finish
25274,057,Primeape,reverse_holo,sv3pt5-57,reverseHolofoil,0.05,0.27,0.27,25.0,2026/09/01,sv03.5-057,reverse-holofoil,0.05,0.27,2026-09-01T12:00:20.170Z,MATCH,0.0,0.0,EXACT,EXACT,True,exact identity and finish
25275,058,Growlithe,normal,sv3pt5-58,normal,0.01,0.17,0.2,19.98,2026/09/01,sv03.5-058,normal,0.01,0.17,2026-09-01T12:00:20.170Z,MATCH,0.0,0.0,EXACT,EXACT,True,exact identity and finish
25276,058,Growlithe,reverse_holo,sv3pt5-58,reverseHolofoil,0.1,0.3,0.31,19.34,2026/09/01,sv03.5-058,reverse-holofoil,0.1,0.3,2026-09-01T12:00:20.170Z,MATCH,0.0,0.0,EXACT,EXACT,True,exact identity and finish
25277,059,Arcanine,normal,sv3pt5-59,normal,0.04,0.25,0.25,19.98,2026/09/01,sv03.5-059,normal,0.04,0.24,2026-09-01T12:00:20.170Z,MINOR_DIFFERENCE,0.0,0.040000000000000036,EXACT,EXACT,True,price discrepancy is diagnostic only; API remains authority
25278,059,Arcanine,reverse_holo,sv3pt5-59,reverseHolofoil,0.12,0.36,0.35,19.56,2026/09/01,sv03.5-059,reverse-holofoil,0.12,0.36,2026-09-01T12:00:20.170Z,MATCH,0.0,0.0,EXACT,EXACT,True,exact identity and finish
25279,060,Poliwag,normal,sv3pt5-60,normal,0.01,0.11,0.17,20.0,2026/09/01,sv03.5-060,normal,0.01,0.11,2026-09-01T12:00:20.170Z,MATCH,0.0,0.0,EXACT,EXACT,True,exact identity and finish
25280,060,Poliwag,reverse_holo,sv3pt5-60,reverseHolofoil,0.1,0.28,0.29,40.0,2026/09/01,sv03.5-060,reverse-holofoil,0.1,0.28,2026-09-01T12:00:20.170Z,MATCH,0.0,0.0,EXACT,EXACT,True,exact identity and finish
25281,061,Poliwhirl,normal,sv3pt5-61,normal,0.04,0.25,0.25,24.0,2026/09/01,sv03.5-061,normal,0.04,0.25,2026-09-01T12:00:20.170Z,MATCH,0.0,0.0,EXACT,EXACT,True,exact identity and finish
25282,061,Poliwhirl,reverse_holo,sv3pt5-61,reverseHolofoil,1.0,3.85,3.01,31.84,2026/09/01,sv03.5-061,reverse-holofoil,1.0,3.85,2026-09-01T12:00:20.170Z,MATCH,0.0,0.0,EXACT,EXACT,True,exact identity and finish
25283,062,Poliwrath,normal,sv3pt5-62,normal,0.01,0.18,0.2,19.38,2026/09/01,sv03.5-062,normal,0.01,0.18,2026-09-01T12:00:20.170Z,MATCH,0.0,0.0,EXACT,EXACT,True,exact identity and finish
25284,062,Poliwrath,reverse_holo,sv3pt5-62,reverseHolofoil,0.1,0.29,0.31,25.0,2026/09/01,sv03.5-062,reverse-holofoil,0.1,0.29,2026-09-01T12:00:20.170Z,MATCH,0.0,0.0,EXACT,EXACT,True,exact identity and finish
25285,063,Abra,normal,sv3pt5-63,normal,0.01,0.17,0.19,1.99,2026/09/01,sv03.5-063,normal,0.01,0.16,2026-09-01T12:00:20.170Z,MINOR_DIFFERENCE,0.0,0.058823529411764754,EXACT,EXACT,True,price discrepancy is diagnostic only; API remains authority
25286,063,Abra,reverse_holo,sv3pt5-63,reverseHolofoil,0.01,0.3,0.3,41.0,2026/09/01,sv03.5-063,reverse-holofoil,0.01,0.3,2026-09-01T12:00:20.170Z,MATCH,0.0,0.0,EXACT,EXACT,True,exact identity and finish
25287,064,Kadabra,normal,sv3pt5-64,normal,0.03,0.24,0.21,19.98,2026/09/01,sv03.5-064,normal,0.03,0.25,2026-09-01T12:00:20.170Z,MINOR_DIFFERENCE,0.0,0.040000000000000036,EXACT,EXACT,True,price discrepancy is diagnostic only; API remains authority
25288,064,Kadabra,reverse_holo,sv3pt5-64,reverseHolofoil,0.07,0.27,0.3,19.98,2026/09/01,sv03.5-064,reverse-holofoil,0.07,0.27,2026-09-01T12:00:20.170Z,MATCH,0.0,0.0,EXACT,EXACT,True,exact identity and finish
25289,065,Alakazam ex,holo,sv3pt5-65,holofoil,0.75,2.39,2.4,20.7,2026/09/01,sv03.5-065,holofoil,0.75,2.35,2026-09-01T12:00:20.170Z,MINOR_DIFFERENCE,0.0,0.01673640167364018,EXACT,EXACT,True,price discrepancy is diagnostic only; API remains authority
25290,066,Machop,normal,sv3pt5-66,normal,0.01,0.2,0.2,19.98,2026/09/01,sv03.5-066,normal,0.01,0.2,2026-09-01T12:00:20.170Z,MATCH,0.0,0.0,EXACT,EXACT,True,exact identity and finish
25291,066,Machop,reverse_holo,sv3pt5-66,reverseHolofoil,0.07,0.32,0.31,15.24,2026/09/01,sv03.5-066,reverse-holofoil,0.07,0.32,2026-09-01T12:00:20.170Z,MATCH,0.0,0.0,EXACT,EXACT,True,exact identity and finish
25292,067,Machoke,normal,sv3pt5-67,normal,0.01,0.21,0.2,19.26,2026/09/01,sv03.5-067,normal,0.01,0.21,2026-09-01T12:00:20.170Z,MATCH,0.0,0.0,EXACT,EXACT,True,exact identity and finish
25293,067,Machoke,reverse_holo,sv3pt5-67,reverseHolofoil,0.05,0.32,0.3,19.98,2026/09/01,sv03.5-067,reverse-holofoil,0.05,0.31,2026-09-01T12:00:20.170Z,MINOR_DIFFERENCE,0.0,0.03125000000000003,EXACT,EXACT,True,price discrepancy is diagnostic only; API remains authority
25294,068,Machamp,holo,sv3pt5-68,holofoil,0.07,0.27,0.31,60.0,2026/09/01,sv03.5-068,holofoil,0.07,0.26,2026-09-01T12:00:20.170Z,MINOR_DIFFERENCE,0.0,0.03703703703703707,EXACT,EXACT,True,price discrepancy is diagnostic only; API remains authority
25295,068,Machamp,reverse_holo,sv3pt5-68,reverseHolofoil,0.55,0.9,0.97,50.0,2026/09/01,sv03.5-068,reverse-holofoil,0.55,0.89,2026-09-01T12:00:20.170Z,MINOR_DIFFERENCE,0.0,0.01111111111111112,EXACT,EXACT,True,price discrepancy is diagnostic only; API remains authority
25296,069,Bellsprout,normal,sv3pt5-69,normal,0.01,0.15,0.17,20.0,2026/09/01,sv03.5-069,normal,0.01,0.15,2026-09-01T12:00:20.170Z,MATCH,0.0,0.0,EXACT,EXACT,True,exact identity and finish
25297,069,Bellsprout,reverse_holo,sv3pt5-69,reverseHolofoil,0.05,0.3,0.29,15.24,2026/09/01,sv03.5-069,reverse-holofoil,0.05,0.3,2026-09-01T12:00:20.170Z,MATCH,0.0,0.0,EXACT,EXACT,True,exact identity and finish
25298,070,Weepinbell,normal,sv3pt5-70,normal,0.01,0.17,0.21,19.98,2026/09/01,sv03.5-070,normal,0.01,0.17,2026-09-01T12:00:20.170Z,MATCH,0.0,0.0,EXACT,EXACT,True,exact identity and finish
25299,070,Weepinbell,reverse_holo,sv3pt5-70,reverseHolofoil,1.24,1.59,1.77,124.14,2026/09/01,sv03.5-070,reverse-holofoil,1.24,1.59,2026-09-01T12:00:20.170Z,MATCH,0.0,0.0,EXACT,EXACT,True,exact identity and finish
25300,071,Victreebel,normal,sv3pt5-71,normal,0.03,0.17,0.19,19.98,2026/09/01,sv03.5-071,normal,0.03,0.17,2026-09-01T12:00:20.170Z,MATCH,0.0,0.0,EXACT,EXACT,True,exact identity and finish
25301,071,Victreebel,reverse_holo,sv3pt5-71,reverseHolofoil,0.1,0.26,0.25,19.98,2026/09/01,sv03.5-071,reverse-holofoil,0.1,0.26,2026-09-01T12:00:20.170Z,MATCH,0.0,0.0,EXACT,EXACT,True,exact identity and finish
25302,072,Tentacool,normal,sv3pt5-72,normal,0.01,0.16,0.18,24.0,2026/09/01,sv03.5-072,normal,0.01,0.16,2026-09-01T12:00:20.170Z,MATCH,0.0,0.0,EXACT,EXACT,True,exact identity and finish
25303,072,Tentacool,reverse_holo,sv3pt5-72,reverseHolofoil,0.05,0.27,0.25,15.2,2026/09/01,sv03.5-072,reverse-holofoil,0.05,0.27,2026-09-01T12:00:20.170Z,MATCH,0.0,0.0,EXACT,EXACT,True,exact identity and finish
25304,073,Tentacruel,normal,sv3pt5-73,normal,0.01,0.22,0.23,1.99,2026/09/01,sv03.5-073,normal,0.01,0.22,2026-09-01T12:00:20.170Z,MATCH,0.0,0.0,EXACT,EXACT,True,exact identity and finish
25305,073,Tentacruel,reverse_holo,sv3pt5-73,reverseHolofoil,0.08,0.29,0.3,40.0,2026/09/01,sv03.5-073,reverse-holofoil,0.08,0.29,2026-09-01T12:00:20.170Z,MATCH,0.0,0.0,EXACT,EXACT,True,exact identity and finish
25306,074,Geodude,normal,sv3pt5-74,normal,0.01,0.14,0.15,19.98,2026/09/01,sv03.5-074,normal,0.01,0.14,2026-09-01T12:00:20.170Z,MATCH,0.0,0.0,EXACT,EXACT,True,exact identity and finish
25307,074,Geodude,reverse_holo,sv3pt5-74,reverseHolofoil,0.07,0.23,0.26,40.0,2026/09/01,sv03.5-074,reverse-holofoil,0.07,0.23,2026-09-01T12:00:20.170Z,MATCH,0.0,0.0,EXACT,EXACT,True,exact identity and finish
25308,075,Graveler,normal,sv3pt5-75,normal,0.01,0.16,0.19,20.0,2026/09/01,sv03.5-075,normal,0.01,0.16,2026-09-01T12:00:20.170Z,MATCH,0.0,0.0,EXACT,EXACT,True,exact identity and finish
25309,075,Graveler,reverse_holo,sv3pt5-75,reverseHolofoil,0.06,0.26,0.27,15.22,2026/09/01,sv03.5-075,reverse-holofoil,0.06,0.26,2026-09-01T12:00:20.170Z,MATCH,0.0,0.0,EXACT,EXACT,True,exact identity and finish
25310,076,Golem ex,holo,sv3pt5-76,holofoil,0.5,1.14,1.25,18.48,2026/09/01,sv03.5-076,holofoil,0.5,1.16,2026-09-01T12:00:20.170Z,MINOR_DIFFERENCE,0.0,0.017241379310344845,EXACT,EXACT,True,price discrepancy is diagnostic only; API remains authority
25311,077,Ponyta,normal,sv3pt5-77,normal,0.01,0.14,0.17,50.0,2026/09/01,sv03.5-077,normal,0.01,0.14,2026-09-01T12:00:20.170Z,MATCH,0.0,0.0,EXACT,EXACT,True,exact identity and finish
25312,077,Ponyta,reverse_holo,sv3pt5-77,reverseHolofoil,0.08,0.26,0.27,18.32,2026/09/01,sv03.5-077,reverse-holofoil,0.08,0.26,2026-09-01T12:00:20.170Z,MATCH,0.0,0.0,EXACT,EXACT,True,exact identity and finish
25313,078,Rapidash,normal,sv3pt5-78,normal,0.02,0.18,0.2,20.0,2026/09/01,sv03.5-078,normal,0.02,0.18,2026-09-01T12:00:20.170Z,MATCH,0.0,0.0,EXACT,EXACT,True,exact identity and finish
25314,078,Rapidash,reverse_holo,sv3pt5-78,reverseHolofoil,0.06,0.23,0.27,15.25,2026/09/01,sv03.5-078,reverse-holofoil,0.06,0.24,2026-09-01T12:00:20.170Z,MINOR_DIFFERENCE,0.0,0.04166666666666659,EXACT,EXACT,True,price discrepancy is diagnostic only; API remains authority
25315,079,Slowpoke,normal,sv3pt5-79,normal,0.04,0.23,0.23,20.0,2026/09/01,sv03.5-079,normal,0.04,0.23,2026-09-01T12:00:20.170Z,MATCH,0.0,0.0,EXACT,EXACT,True,exact identity and finish
25316,079,Slowpoke,reverse_holo,sv3pt5-79,reverseHolofoil,0.1,0.45,0.42,19.12,2026/09/01,sv03.5-079,reverse-holofoil,0.1,0.45,2026-09-01T12:00:20.170Z,MATCH,0.0,0.0,EXACT,EXACT,True,exact identity and finish
25317,080,Slowbro,normal,sv3pt5-80,normal,0.03,0.23,0.24,19.98,2026/09/01,sv03.5-080,normal,0.03,0.27,2026-09-01T12:00:20.170Z,MINOR_DIFFERENCE,0.0,0.14814814814814817,EXACT,EXACT,True,price discrepancy is diagnostic only; API remains authority
25318,080,Slowbro,reverse_holo,sv3pt5-80,reverseHolofoil,0.09,0.34,0.34,70.0,2026/09/01,sv03.5-080,reverse-holofoil,0.09,0.38,2026-09-01T12:00:20.170Z,MINOR_DIFFERENCE,0.0,0.1052631578947368,EXACT,EXACT,True,price discrepancy is diagnostic only; API remains authority
25319,081,Magnemite,normal,sv3pt5-81,normal,0.02,0.17,0.2,19.28,2026/09/01,sv03.5-081,normal,0.03,0.16,2026-09-01T12:00:20.170Z,MATERIAL_DIFFERENCE,0.3333333333333333,0.058823529411764754,EXACT,EXACT,True,price discrepancy is diagnostic only; API remains authority
25320,081,Magnemite,reverse_holo,sv3pt5-81,reverseHolofoil,0.09,0.36,0.37,25.0,2026/09/01,sv03.5-081,reverse-holofoil,0.09,0.36,2026-09-01T12:00:20.170Z,MATCH,0.0,0.0,EXACT,EXACT,True,exact identity and finish
25321,082,Magneton,normal,sv3pt5-82,normal,0.04,0.19,0.22,19.3,2026/09/01,sv03.5-082,normal,0.04,0.19,2026-09-01T12:00:20.170Z,MATCH,0.0,0.0,EXACT,EXACT,True,exact identity and finish
25322,082,Magneton,reverse_holo,sv3pt5-82,reverseHolofoil,0.1,0.33,0.34,18.66,2026/09/01,sv03.5-082,reverse-holofoil,0.1,0.33,2026-09-01T12:00:20.170Z,MATCH,0.0,0.0,EXACT,EXACT,True,exact identity and finish
25323,083,Farfetch’d,normal,sv3pt5-83,normal,0.01,0.15,0.17,20.0,2026/09/01,sv03.5-083,normal,0.01,0.15,2026-09-01T12:00:20.170Z,IDENTITY_CONFLICT,0.0,0.0,CONFLICT,EXACT,False,"Pokémon TCG API identity: name ""Farfetch'd"" != 'Farfetch’d'; TCGdex identity: name ""Farfetch'd"" != 'Farfetch’d'"
25324,083,Farfetch’d,reverse_holo,sv3pt5-83,reverseHolofoil,0.1,0.26,0.26,17.62,2026/09/01,sv03.5-083,reverse-holofoil,0.1,0.26,2026-09-01T12:00:20.170Z,IDENTITY_CONFLICT,0.0,0.0,CONFLICT,EXACT,False,"Pokémon TCG API identity: name ""Farfetch'd"" != 'Farfetch’d'; TCGdex identity: name ""Farfetch'd"" != 'Farfetch’d'"
25325,084,Doduo,normal,sv3pt5-84,normal,0.01,0.13,0.16,1.99,2026/09/01,sv03.5-084,normal,0.01,0.14,2026-09-01T12:00:20.170Z,MINOR_DIFFERENCE,0.0,0.07142857142857148,EXACT,EXACT,True,price discrepancy is diagnostic only; API remains authority
25326,084,Doduo,reverse_holo,sv3pt5-84,reverseHolofoil,0.05,0.23,0.28,15.23,2026/09/01,sv03.5-084,reverse-holofoil,0.05,0.23,2026-09-01T12:00:20.170Z,MATCH,0.0,0.0,EXACT,EXACT,True,exact identity and finish
25327,085,Dodrio,holo,sv3pt5-85,holofoil,0.05,0.32,0.29,40.0,2026/09/01,sv03.5-085,holofoil,0.05,0.29,2026-09-01T12:00:20.170Z,MINOR_DIFFERENCE,0.0,0.09375000000000008,EXACT,EXACT,True,price discrepancy is diagnostic only; API remains authority
25328,085,Dodrio,reverse_holo,sv3pt5-85,reverseHolofoil,0.4,1.07,1.21,21.5,2026/09/01,sv03.5-085,reverse-holofoil,0.4,1.07,2026-09-01T12:00:20.170Z,MATCH,0.0,0.0,EXACT,EXACT,True,exact identity and finish
25329,086,Seel,normal,sv3pt5-86,normal,0.01,0.18,0.18,35.0,2026/09/01,sv03.5-086,normal,0.01,0.18,2026-09-01T12:00:20.170Z,MATCH,0.0,0.0,EXACT,EXACT,True,exact identity and finish
25330,086,Seel,reverse_holo,sv3pt5-86,reverseHolofoil,0.05,0.21,0.25,15.26,2026/09/01,sv03.5-086,reverse-holofoil,0.05,0.21,2026-09-01T12:00:20.170Z,MATCH,0.0,0.0,EXACT,EXACT,True,exact identity and finish
25331,087,Dewgong,normal,sv3pt5-87,normal,0.01,0.13,0.18,1.99,2026/09/01,sv03.5-087,normal,0.01,0.13,2026-09-01T12:00:20.170Z,MATCH,0.0,0.0,EXACT,EXACT,True,exact identity and finish
25332,087,Dewgong,reverse_holo,sv3pt5-87,reverseHolofoil,0.02,0.25,0.26,200.0,2026/09/01,sv03.5-087,reverse-holofoil,0.02,0.25,2026-09-01T12:00:20.170Z,MATCH,0.0,0.0,EXACT,EXACT,True,exact identity and finish
25333,088,Grimer,normal,sv3pt5-88,normal,0.01,0.17,0.18,20.0,2026/09/01,sv03.5-088,normal,0.01,0.17,2026-09-01T12:00:20.170Z,MATCH,0.0,0.0,EXACT,EXACT,True,exact identity and finish
25334,088,Grimer,reverse_holo,sv3pt5-88,reverseHolofoil,0.1,0.23,0.25,15.26,2026/09/01,sv03.5-088,reverse-holofoil,0.1,0.23,2026-09-01T12:00:20.170Z,MATCH,0.0,0.0,EXACT,EXACT,True,exact identity and finish
25335,089,Muk,normal,sv3pt5-89,normal,0.01,0.18,0.19,20.0,2026/09/01,sv03.5-089,normal,0.01,0.18,2026-09-01T12:00:20.170Z,MATCH,0.0,0.0,EXACT,EXACT,True,exact identity and finish
25336,089,Muk,reverse_holo,sv3pt5-89,reverseHolofoil,0.05,0.28,0.29,50.0,2026/09/01,sv03.5-089,reverse-holofoil,0.05,0.28,2026-09-01T12:00:20.170Z,MATCH,0.0,0.0,EXACT,EXACT,True,exact identity and finish
25337,090,Shellder,normal,sv3pt5-90,normal,0.01,0.15,0.17,18.5,2026/09/01,sv03.5-090,normal,0.01,0.15,2026-09-01T12:00:20.170Z,MATCH,0.0,0.0,EXACT,EXACT,True,exact identity and finish
25338,090,Shellder,reverse_holo,sv3pt5-90,reverseHolofoil,0.05,0.26,0.26,5.0,2026/09/01,sv03.5-090,reverse-holofoil,0.05,0.26,2026-09-01T12:00:20.170Z,MATCH,0.0,0.0,EXACT,EXACT,True,exact identity and finish
25339,091,Cloyster,normal,sv3pt5-91,normal,0.01,0.18,0.2,990.0,2026/09/01,sv03.5-091,normal,0.01,0.18,2026-09-01T12:00:20.170Z,MATCH,0.0,0.0,EXACT,EXACT,True,exact identity and finish
25340,091,Cloyster,reverse_holo,sv3pt5-91,reverseHolofoil,0.06,0.38,0.34,990.0,2026/09/01,sv03.5-091,reverse-holofoil,0.06,0.38,2026-09-01T12:00:20.170Z,MATCH,0.0,0.0,EXACT,EXACT,True,exact identity and finish
25341,092,Gastly,normal,sv3pt5-92,normal,0.01,0.2,0.21,19.84,2026/09/01,sv03.5-092,normal,0.01,0.21,2026-09-01T12:00:20.170Z,MINOR_DIFFERENCE,0.0,0.04761904761904753,EXACT,EXACT,True,price discrepancy is diagnostic only; API remains authority
25342,092,Gastly,reverse_holo,sv3pt5-92,reverseHolofoil,0.1,0.38,0.4,20.0,2026/09/01,sv03.5-092,reverse-holofoil,0.1,0.38,2026-09-01T12:00:20.170Z,MATCH,0.0,0.0,EXACT,EXACT,True,exact identity and finish
25343,093,Haunter,normal,sv3pt5-93,normal,0.05,0.21,0.24,19.98,2026/09/01,sv03.5-093,normal,0.05,0.21,2026-09-01T12:00:20.170Z,MATCH,0.0,0.0,EXACT,EXACT,True,exact identity and finish
25344,093,Haunter,reverse_holo,sv3pt5-93,reverseHolofoil,0.1,0.53,0.56,60.0,2026/09/01,sv03.5-093,reverse-holofoil,0.1,0.53,2026-09-01T12:00:20.170Z,MATCH,0.0,0.0,EXACT,EXACT,True,exact identity and finish
25345,094,Gengar,holo,sv3pt5-94,holofoil,1.25,2.83,3.13,100.0,2026/09/01,sv03.5-094,holofoil,1.25,2.81,2026-09-01T12:00:20.170Z,MINOR_DIFFERENCE,0.0,0.007067137809187285,EXACT,EXACT,True,price discrepancy is diagnostic only; API remains authority
25346,094,Gengar,reverse_holo,sv3pt5-94,reverseHolofoil,6.0,8.44,8.95,96.95,2026/09/01,sv03.5-094,reverse-holofoil,6.16,8.13,2026-09-01T12:00:20.170Z,MINOR_DIFFERENCE,0.025974025974025997,0.036729857819905065,EXACT,EXACT,True,price discrepancy is diagnostic only; API remains authority
25347,095,Onix,normal,sv3pt5-95,normal,0.01,0.19,0.2,20.0,2026/09/01,sv03.5-095,normal,0.01,0.19,2026-09-01T12:00:20.170Z,MATCH,0.0,0.0,EXACT,EXACT,True,exact identity and finish
25348,095,Onix,reverse_holo,sv3pt5-95,reverseHolofoil,0.74,1.46,1.53,40.0,2026/09/01,sv03.5-095,reverse-holofoil,0.74,1.46,2026-09-01T12:00:20.170Z,MATCH,0.0,0.0,EXACT,EXACT,True,exact identity and finish
25349,096,Drowzee,normal,sv3pt5-96,normal,0.01,0.1,0.15,19.98,2026/09/01,sv03.5-096,normal,0.01,0.1,2026-09-01T12:00:20.170Z,MATCH,0.0,0.0,EXACT,EXACT,True,exact identity and finish
25350,096,Drowzee,reverse_holo,sv3pt5-96,reverseHolofoil,0.08,0.25,0.27,5.0,2026/09/01,sv03.5-096,reverse-holofoil,0.08,0.25,2026-09-01T12:00:20.170Z,MATCH,0.0,0.0,EXACT,EXACT,True,exact identity and finish
25351,097,Hypno,normal,sv3pt5-97,normal,0.01,0.12,0.18,18.82,2026/09/01,sv03.5-097,normal,0.01,0.12,2026-09-01T12:00:20.170Z,MATCH,0.0,0.0,EXACT,EXACT,True,exact identity and finish
25352,097,Hypno,reverse_holo,sv3pt5-97,reverseHolofoil,0.87,1.52,1.71,50.0,2026/09/01,sv03.5-097,reverse-holofoil,0.87,1.56,2026-09-01T12:00:20.170Z,MINOR_DIFFERENCE,0.0,0.025641025641025664,EXACT,EXACT,True,price discrepancy is diagnostic only; API remains authority
25353,098,Krabby,normal,sv3pt5-98,normal,0.01,0.16,0.19,1.98,2026/09/01,sv03.5-098,normal,0.01,0.16,2026-09-01T12:00:20.170Z,MATCH,0.0,0.0,EXACT,EXACT,True,exact identity and finish
25354,098,Krabby,reverse_holo,sv3pt5-98,reverseHolofoil,0.1,0.24,0.26,15.24,2026/09/01,sv03.5-098,reverse-holofoil,0.1,0.24,2026-09-01T12:00:20.170Z,MATCH,0.0,0.0,EXACT,EXACT,True,exact identity and finish
25355,099,Kingler,normal,sv3pt5-99,normal,0.01,0.18,0.2,2.11,2026/09/01,sv03.5-099,normal,0.01,0.18,2026-09-01T12:00:20.170Z,MATCH,0.0,0.0,EXACT,EXACT,True,exact identity and finish
25356,099,Kingler,reverse_holo,sv3pt5-99,reverseHolofoil,0.7,1.25,1.35,5.99,2026/09/01,sv03.5-099,reverse-holofoil,0.7,1.25,2026-09-01T12:00:20.170Z,MATCH,0.0,0.0,EXACT,EXACT,True,exact identity and finish
25357,100,Voltorb,normal,sv3pt5-100,normal,0.01,0.13,0.16,19.74,2026/09/01,sv03.5-100,normal,0.01,0.13,2026-09-01T12:00:20.170Z,MATCH,0.0,0.0,EXACT,EXACT,True,exact identity and finish
25358,100,Voltorb,reverse_holo,sv3pt5-100,reverseHolofoil,0.08,0.25,0.26,20.0,2026/09/01,sv03.5-100,reverse-holofoil,0.08,0.25,2026-09-01T12:00:20.170Z,MATCH,0.0,0.0,EXACT,EXACT,True,exact identity and finish
25359,101,Electrode,holo,sv3pt5-101,holofoil,0.02,0.22,0.25,16.3,2026/09/01,sv03.5-101,holofoil,0.02,0.22,2026-09-01T12:00:20.170Z,MATCH,0.0,0.0,EXACT,EXACT,True,exact identity and finish
25360,101,Electrode,reverse_holo,sv3pt5-101,reverseHolofoil,0.9,1.65,1.85,50.0,2026/09/01,sv03.5-101,reverse-holofoil,0.9,1.62,2026-09-01T12:00:20.170Z,MINOR_DIFFERENCE,0.0,0.018181818181818063,EXACT,EXACT,True,price discrepancy is diagnostic only; API remains authority
25361,102,Exeggcute,normal,sv3pt5-102,normal,0.01,0.14,0.16,2.05,2026/09/01,sv03.5-102,normal,0.01,0.14,2026-09-01T12:00:20.170Z,MATCH,0.0,0.0,EXACT,EXACT,True,exact identity and finish
25362,102,Exeggcute,reverse_holo,sv3pt5-102,reverseHolofoil,0.1,0.24,0.26,15.23,2026/09/01,sv03.5-102,reverse-holofoil,0.1,0.24,2026-09-01T12:00:20.170Z,MATCH,0.0,0.0,EXACT,EXACT,True,exact identity and finish
25363,103,Exeggutor,normal,sv3pt5-103,normal,0.01,0.18,0.2,19.06,2026/09/01,sv03.5-103,normal,0.01,0.18,2026-09-01T12:00:20.170Z,MATCH,0.0,0.0,EXACT,EXACT,True,exact identity and finish
25364,103,Exeggutor,reverse_holo,sv3pt5-103,reverseHolofoil,0.5,1.31,1.44,6.21,2026/09/01,sv03.5-103,reverse-holofoil,0.5,1.31,2026-09-01T12:00:20.170Z,MATCH,0.0,0.0,EXACT,EXACT,True,exact identity and finish
25365,104,Cubone,normal,sv3pt5-104,normal,0.03,0.19,0.21,20.0,2026/09/01,sv03.5-104,normal,0.03,0.19,2026-09-01T12:00:20.170Z,MATCH,0.0,0.0,EXACT,EXACT,True,exact identity and finish
25366,104,Cubone,reverse_holo,sv3pt5-104,reverseHolofoil,0.1,0.32,0.32,20.0,2026/09/01,sv03.5-104,reverse-holofoil,0.1,0.32,2026-09-01T12:00:20.170Z,MATCH,0.0,0.0,EXACT,EXACT,True,exact identity and finish
25367,105,Marowak,holo,sv3pt5-105,holofoil,0.01,0.28,0.28,19.06,2026/09/01,sv03.5-105,holofoil,0.01,0.28,2026-09-01T12:00:20.170Z,MATCH,0.0,0.0,EXACT,EXACT,True,exact identity and finish
25368,105,Marowak,reverse_holo,sv3pt5-105,reverseHolofoil,0.5,0.86,0.92,50.0,2026/09/01,sv03.5-105,reverse-holofoil,0.5,0.86,2026-09-01T12:00:20.170Z,MATCH,0.0,0.0,EXACT,EXACT,True,exact identity and finish
25369,106,Hitmonlee,normal,sv3pt5-106,normal,0.01,0.17,0.2,19.98,2026/09/01,sv03.5-106,normal,0.01,0.17,2026-09-01T12:00:20.170Z,MATCH,0.0,0.0,EXACT,EXACT,True,exact identity and finish
25370,106,Hitmonlee,reverse_holo,sv3pt5-106,reverseHolofoil,0.63,2.52,2.35,19.3,2026/09/01,sv03.5-106,reverse-holofoil,0.89,2.52,2026-09-01T12:00:20.170Z,MATERIAL_DIFFERENCE,0.29213483146067415,0.0,EXACT,EXACT,True,price discrepancy is diagnostic only; API remains authority
25371,107,Hitmonchan,normal,sv3pt5-107,normal,0.01,0.23,0.23,19.98,2026/09/01,sv03.5-107,normal,0.01,0.23,2026-09-01T12:00:20.170Z,MATCH,0.0,0.0,EXACT,EXACT,True,exact identity and finish
25372,107,Hitmonchan,reverse_holo,sv3pt5-107,reverseHolofoil,0.48,1.44,1.5,50.0,2026/09/01,sv03.5-107,reverse-holofoil,0.48,1.44,2026-09-01T12:00:20.170Z,MATCH,0.0,0.0,EXACT,EXACT,True,exact identity and finish
25373,108,Lickitung,normal,sv3pt5-108,normal,0.01,0.16,0.18,19.98,2026/09/01,sv03.5-108,normal,0.01,0.16,2026-09-01T12:00:20.170Z,MATCH,0.0,0.0,EXACT,EXACT,True,exact identity and finish
25374,108,Lickitung,reverse_holo,sv3pt5-108,reverseHolofoil,0.09,0.27,0.29,40.0,2026/09/01,sv03.5-108,reverse-holofoil,0.09,0.27,2026-09-01T12:00:20.170Z,MATCH,0.0,0.0,EXACT,EXACT,True,exact identity and finish
25375,109,Koffing,normal,sv3pt5-109,normal,0.01,0.16,0.19,19.98,2026/09/01,sv03.5-109,normal,0.01,0.16,2026-09-01T12:00:20.170Z,MATCH,0.0,0.0,EXACT,EXACT,True,exact identity and finish
25376,109,Koffing,reverse_holo,sv3pt5-109,reverseHolofoil,0.1,0.28,0.28,19.98,2026/09/01,sv03.5-109,reverse-holofoil,0.1,0.28,2026-09-01T12:00:20.170Z,MATCH,0.0,0.0,EXACT,EXACT,True,exact identity and finish
25377,110,Weezing,holo,sv3pt5-110,holofoil,0.06,0.26,0.26,38.0,2026/09/01,sv03.5-110,holofoil,0.06,0.26,2026-09-01T12:00:20.170Z,MATCH,0.0,0.0,EXACT,EXACT,True,exact identity and finish
25378,110,Weezing,reverse_holo,sv3pt5-110,reverseHolofoil,0.52,1.01,1.14,40.0,2026/09/01,sv03.5-110,reverse-holofoil,0.52,1.01,2026-09-01T12:00:20.170Z,MATCH,0.0,0.0,EXACT,EXACT,True,exact identity and finish
25379,111,Rhyhorn,normal,sv3pt5-111,normal,0.01,0.14,0.16,2.07,2026/09/01,sv03.5-111,normal,0.01,0.14,2026-09-01T12:00:20.170Z,MATCH,0.0,0.0,EXACT,EXACT,True,exact identity and finish
25380,111,Rhyhorn,reverse_holo,sv3pt5-111,reverseHolofoil,0.1,0.29,0.28,15.25,2026/09/01,sv03.5-111,reverse-holofoil,0.1,0.29,2026-09-01T12:00:20.170Z,MATCH,0.0,0.0,EXACT,EXACT,True,exact identity and finish
25381,112,Rhydon,normal,sv3pt5-112,normal,0.01,0.2,0.2,2.09,2026/09/01,sv03.5-112,normal,0.01,0.21,2026-09-01T12:00:20.170Z,MINOR_DIFFERENCE,0.0,0.04761904761904753,EXACT,EXACT,True,price discrepancy is diagnostic only; API remains authority
25382,112,Rhydon,reverse_holo,sv3pt5-112,reverseHolofoil,0.1,0.28,0.27,40.0,2026/09/01,sv03.5-112,reverse-holofoil,0.1,0.28,2026-09-01T12:00:20.170Z,MATCH,0.0,0.0,EXACT,EXACT,True,exact identity and finish
25383,113,Chansey,holo,sv3pt5-113,holofoil,0.07,0.34,0.35,990.0,2026/09/01,sv03.5-113,holofoil,0.07,0.36,2026-09-01T12:00:20.170Z,MINOR_DIFFERENCE,0.0,0.055555555555555455,EXACT,EXACT,True,price discrepancy is diagnostic only; API remains authority
25384,113,Chansey,reverse_holo,sv3pt5-113,reverseHolofoil,0.35,1.51,1.55,17.56,2026/09/01,sv03.5-113,reverse-holofoil,0.35,1.51,2026-09-01T12:00:20.170Z,MATCH,0.0,0.0,EXACT,EXACT,True,exact identity and finish
25385,114,Tangela,normal,sv3pt5-114,normal,0.01,0.17,0.18,2.23,2026/09/01,sv03.5-114,normal,0.01,0.17,2026-09-01T12:00:20.170Z,MATCH,0.0,0.0,EXACT,EXACT,True,exact identity and finish
25386,114,Tangela,reverse_holo,sv3pt5-114,reverseHolofoil,0.05,0.27,0.27,19.98,2026/09/01,sv03.5-114,reverse-holofoil,0.05,0.27,2026-09-01T12:00:20.170Z,MATCH,0.0,0.0,EXACT,EXACT,True,exact identity and finish
25387,115,Kangaskhan ex,holo,sv3pt5-115,holofoil,0.52,1.27,1.24,50.0,2026/09/01,sv03.5-115,holofoil,0.65,1.3,2026-09-01T12:00:20.170Z,MINOR_DIFFERENCE,0.2,0.023076923076923096,EXACT,EXACT,True,price discrepancy is diagnostic only; API remains authority
25388,116,Horsea,normal,sv3pt5-116,normal,0.01,0.09,0.16,25.0,2026/09/01,sv03.5-116,normal,0.01,0.09,2026-09-01T12:00:20.170Z,MATCH,0.0,0.0,EXACT,EXACT,True,exact identity and finish
25389,116,Horsea,reverse_holo,sv3pt5-116,reverseHolofoil,0.1,0.23,0.25,5.0,2026/09/01,sv03.5-116,reverse-holofoil,0.1,0.23,2026-09-01T12:00:20.170Z,MATCH,0.0,0.0,EXACT,EXACT,True,exact identity and finish
25390,117,Seadra,normal,sv3pt5-117,normal,0.01,0.18,0.18,19.98,2026/09/01,sv03.5-117,normal,0.01,0.18,2026-09-01T12:00:20.170Z,MATCH,0.0,0.0,EXACT,EXACT,True,exact identity and finish
25391,117,Seadra,reverse_holo,sv3pt5-117,reverseHolofoil,0.08,0.26,0.26,15.21,2026/09/01,sv03.5-117,reverse-holofoil,0.08,0.26,2026-09-01T12:00:20.170Z,MATCH,0.0,0.0,EXACT,EXACT,True,exact identity and finish
25392,118,Goldeen,normal,sv3pt5-118,normal,0.01,0.15,0.15,19.98,2026/09/01,sv03.5-118,normal,0.01,0.15,2026-09-01T12:00:20.170Z,MATCH,0.0,0.0,EXACT,EXACT,True,exact identity and finish
25393,118,Goldeen,reverse_holo,sv3pt5-118,reverseHolofoil,0.05,0.25,0.25,4.25,2026/09/01,sv03.5-118,reverse-holofoil,0.05,0.25,2026-09-01T12:00:20.170Z,MATCH,0.0,0.0,EXACT,EXACT,True,exact identity and finish
25394,119,Seaking,normal,sv3pt5-119,normal,0.01,0.15,0.18,1.69,2026/09/01,sv03.5-119,normal,0.01,0.15,2026-09-01T12:00:20.170Z,MATCH,0.0,0.0,EXACT,EXACT,True,exact identity and finish
25395,119,Seaking,reverse_holo,sv3pt5-119,reverseHolofoil,0.55,1.55,1.56,16.34,2026/09/01,sv03.5-119,reverse-holofoil,0.55,1.55,2026-09-01T12:00:20.170Z,MATCH,0.0,0.0,EXACT,EXACT,True,exact identity and finish
25396,120,Staryu,normal,sv3pt5-120,normal,0.01,0.16,0.19,19.98,2026/09/01,sv03.5-120,normal,0.01,0.16,2026-09-01T12:00:20.170Z,MATCH,0.0,0.0,EXACT,EXACT,True,exact identity and finish
25397,120,Staryu,reverse_holo,sv3pt5-120,reverseHolofoil,0.05,0.29,0.3,3.69,2026/09/01,sv03.5-120,reverse-holofoil,0.05,0.29,2026-09-01T12:00:20.170Z,MATCH,0.0,0.0,EXACT,EXACT,True,exact identity and finish
25398,121,Starmie,holo,sv3pt5-121,holofoil,0.08,0.25,0.27,19.04,2026/09/01,sv03.5-121,holofoil,0.08,0.25,2026-09-01T12:00:20.170Z,MATCH,0.0,0.0,EXACT,EXACT,True,exact identity and finish
25399,121,Starmie,reverse_holo,sv3pt5-121,reverseHolofoil,0.45,0.71,0.81,50.0,2026/09/01,sv03.5-121,reverse-holofoil,0.45,0.71,2026-09-01T12:00:20.170Z,MATCH,0.0,0.0,EXACT,EXACT,True,exact identity and finish
25400,122,Mr. Mime,holo,sv3pt5-122,holofoil,0.02,0.31,0.3,19.62,2026/09/01,sv03.5-122,holofoil,0.02,0.31,2026-09-01T12:00:20.170Z,MATCH,0.0,0.0,EXACT,EXACT,True,exact identity and finish
25401,122,Mr. Mime,reverse_holo,sv3pt5-122,reverseHolofoil,0.18,0.65,0.75,50.0,2026/09/01,sv03.5-122,reverse-holofoil,0.18,0.67,2026-09-01T12:00:20.170Z,MINOR_DIFFERENCE,0.0,0.02985074626865674,EXACT,EXACT,True,price discrepancy is diagnostic only; API remains authority
25402,123,Scyther,normal,sv3pt5-123,normal,0.01,0.25,0.25,19.98,2026/09/01,sv03.5-123,normal,0.01,0.25,2026-09-01T12:00:20.170Z,MATCH,0.0,0.0,EXACT,EXACT,True,exact identity and finish
25403,123,Scyther,reverse_holo,sv3pt5-123,reverseHolofoil,1.0,2.15,2.21,100.0,2026/09/01,sv03.5-123,reverse-holofoil,1.0,2.15,2026-09-01T12:00:20.170Z,MATCH,0.0,0.0,EXACT,EXACT,True,exact identity and finish
25404,124,Jynx ex,holo,sv3pt5-124,holofoil,0.5,1.49,1.48,19.99,2026/09/01,sv03.5-124,holofoil,0.5,1.49,2026-09-01T12:00:20.170Z,MATCH,0.0,0.0,EXACT,EXACT,True,exact identity and finish
25405,125,Electabuzz,normal,sv3pt5-125,normal,0.01,0.17,0.18,18.88,2026/09/01,sv03.5-125,normal,0.01,0.17,2026-09-01T12:00:20.170Z,MATCH,0.0,0.0,EXACT,EXACT,True,exact identity and finish
25406,125,Electabuzz,reverse_holo,sv3pt5-125,reverseHolofoil,0.45,0.61,0.72,17.32,2026/09/01,sv03.5-125,reverse-holofoil,0.45,0.61,2026-09-01T12:00:20.170Z,MATCH,0.0,0.0,EXACT,EXACT,True,exact identity and finish
25407,126,Magmar,normal,sv3pt5-126,normal,0.01,0.13,0.15,20.0,2026/09/01,sv03.5-126,normal,0.01,0.13,2026-09-01T12:00:20.170Z,MATCH,0.0,0.0,EXACT,EXACT,True,exact identity and finish
25408,126,Magmar,reverse_holo,sv3pt5-126,reverseHolofoil,0.75,1.25,1.44,50.0,2026/09/01,sv03.5-126,reverse-holofoil,0.75,1.25,2026-09-01T12:00:20.170Z,MATCH,0.0,0.0,EXACT,EXACT,True,exact identity and finish
25409,127,Pinsir,normal,sv3pt5-127,normal,0.01,0.2,0.2,19.22,2026/09/01,sv03.5-127,normal,0.01,0.2,2026-09-01T12:00:20.170Z,MATCH,0.0,0.0,EXACT,EXACT,True,exact identity and finish
25410,127,Pinsir,reverse_holo,sv3pt5-127,reverseHolofoil,0.44,1.36,1.44,17.24,2026/09/01,sv03.5-127,reverse-holofoil,0.44,1.36,2026-09-01T12:00:20.170Z,MATCH,0.0,0.0,EXACT,EXACT,True,exact identity and finish
25411,128,Tauros,normal,sv3pt5-128,normal,0.01,0.17,0.2,19.98,2026/09/01,sv03.5-128,normal,0.01,0.2,2026-09-01T12:00:20.170Z,MINOR_DIFFERENCE,0.0,0.15,EXACT,EXACT,True,price discrepancy is diagnostic only; API remains authority
25412,128,Tauros,reverse_holo,sv3pt5-128,reverseHolofoil,0.56,1.24,1.26,50.0,2026/09/01,sv03.5-128,reverse-holofoil,0.56,1.24,2026-09-01T12:00:20.170Z,MATCH,0.0,0.0,EXACT,EXACT,True,exact identity and finish
25413,129,Magikarp,normal,sv3pt5-129,normal,0.01,0.22,0.21,19.98,2026/09/01,sv03.5-129,normal,0.01,0.22,2026-09-01T12:00:20.170Z,MATCH,0.0,0.0,EXACT,EXACT,True,exact identity and finish
25414,129,Magikarp,reverse_holo,sv3pt5-129,reverseHolofoil,0.13,0.33,0.34,18.32,2026/09/01,sv03.5-129,reverse-holofoil,0.12,0.33,2026-09-01T12:00:20.170Z,MINOR_DIFFERENCE,0.07692307692307698,0.0,EXACT,EXACT,True,price discrepancy is diagnostic only; API remains authority
25415,130,Gyarados,holo,sv3pt5-130,holofoil,0.07,0.29,0.34,200.0,2026/09/01,sv03.5-130,holofoil,0.07,0.29,2026-09-01T12:00:20.170Z,MATCH,0.0,0.0,EXACT,EXACT,True,exact identity and finish
25416,130,Gyarados,reverse_holo,sv3pt5-130,reverseHolofoil,0.85,1.43,1.62,50.0,2026/09/01,sv03.5-130,reverse-holofoil,0.85,1.43,2026-09-01T12:00:20.170Z,MATCH,0.0,0.0,EXACT,EXACT,True,exact identity and finish
25417,131,Lapras,normal,sv3pt5-131,normal,0.03,0.25,0.25,20.0,2026/09/01,sv03.5-131,normal,0.03,0.25,2026-09-01T12:00:20.170Z,MATCH,0.0,0.0,EXACT,EXACT,True,exact identity and finish
25418,131,Lapras,reverse_holo,sv3pt5-131,reverseHolofoil,1.2,1.91,2.01,17.32,2026/09/01,sv03.5-131,reverse-holofoil,1.2,1.88,2026-09-01T12:00:20.170Z,MINOR_DIFFERENCE,0.0,0.015706806282722526,EXACT,EXACT,True,price discrepancy is diagnostic only; API remains authority
25419,132,Ditto,holo,sv3pt5-132,holofoil,0.29,0.81,0.79,25.0,2026/09/01,sv03.5-132,holofoil,0.29,0.82,2026-09-01T12:00:20.170Z,MINOR_DIFFERENCE,0.0,0.012195121951219388,EXACT,EXACT,True,price discrepancy is diagnostic only; API remains authority
25420,132,Ditto,reverse_holo,sv3pt5-132,reverseHolofoil,1.25,1.98,2.08,85.0,2026/09/01,sv03.5-132,reverse-holofoil,1.25,2.02,2026-09-01T12:00:20.170Z,MINOR_DIFFERENCE,0.0,0.01980198019801982,EXACT,EXACT,True,price discrepancy is diagnostic only; API remains authority
25421,133,Eevee,normal,sv3pt5-133,normal,0.05,0.21,0.24,990.0,2026/09/01,sv03.5-133,normal,0.05,0.21,2026-09-01T12:00:20.170Z,MATCH,0.0,0.0,EXACT,EXACT,True,exact identity and finish
25422,133,Eevee,reverse_holo,sv3pt5-133,reverseHolofoil,0.1,0.54,0.5,19.5,2026/09/01,sv03.5-133,reverse-holofoil,0.1,0.51,2026-09-01T12:00:20.170Z,MINOR_DIFFERENCE,0.0,0.0555555555555556,EXACT,EXACT,True,price discrepancy is diagnostic only; API remains authority
25423,134,Vaporeon,holo,sv3pt5-134,holofoil,0.18,0.38,0.38,200.0,2026/09/01,sv03.5-134,holofoil,0.18,0.38,2026-09-01T12:00:20.170Z,MATCH,0.0,0.0,EXACT,EXACT,True,exact identity and finish
25424,134,Vaporeon,reverse_holo,sv3pt5-134,reverseHolofoil,0.89,1.86,2.0,39.06,2026/09/01,sv03.5-134,reverse-holofoil,0.89,1.86,2026-09-01T12:00:20.170Z,MATCH,0.0,0.0,EXACT,EXACT,True,exact identity and finish
25425,135,Jolteon,holo,sv3pt5-135,holofoil,0.1,0.36,0.35,200.0,2026/09/01,sv03.5-135,holofoil,0.1,0.36,2026-09-01T12:00:20.170Z,MATCH,0.0,0.0,EXACT,EXACT,True,exact identity and finish
25426,135,Jolteon,reverse_holo,sv3pt5-135,reverseHolofoil,1.15,3.57,3.49,24.72,2026/09/01,sv03.5-135,reverse-holofoil,1.15,3.57,2026-09-01T12:00:20.170Z,MATCH,0.0,0.0,EXACT,EXACT,True,exact identity and finish
25427,136,Flareon,holo,sv3pt5-136,holofoil,0.05,0.32,0.34,80.0,2026/09/01,sv03.5-136,holofoil,0.05,0.32,2026-09-01T12:00:20.170Z,MATCH,0.0,0.0,EXACT,EXACT,True,exact identity and finish
25428,136,Flareon,reverse_holo,sv3pt5-136,reverseHolofoil,0.71,1.73,1.79,19.58,2026/09/01,sv03.5-136,reverse-holofoil,0.31,1.73,2026-09-01T12:00:20.170Z,MATERIAL_DIFFERENCE,0.5633802816901409,0.0,EXACT,EXACT,True,price discrepancy is diagnostic only; API remains authority
25429,137,Porygon,normal,sv3pt5-137,normal,0.01,0.14,0.16,18.66,2026/09/01,sv03.5-137,normal,0.01,0.14,2026-09-01T12:00:20.170Z,MATCH,0.0,0.0,EXACT,EXACT,True,exact identity and finish
25430,137,Porygon,reverse_holo,sv3pt5-137,reverseHolofoil,0.1,0.27,0.28,18.84,2026/09/01,sv03.5-137,reverse-holofoil,0.1,0.27,2026-09-01T12:00:20.170Z,MATCH,0.0,0.0,EXACT,EXACT,True,exact identity and finish
25431,138,Omanyte,normal,sv3pt5-138,normal,0.01,0.22,0.22,20.0,2026/09/01,sv03.5-138,normal,0.01,0.22,2026-09-01T12:00:20.170Z,MATCH,0.0,0.0,EXACT,EXACT,True,exact identity and finish
25432,138,Omanyte,reverse_holo,sv3pt5-138,reverseHolofoil,0.75,1.38,1.49,17.92,2026/09/01,sv03.5-138,reverse-holofoil,0.75,1.38,2026-09-01T12:00:20.170Z,MATCH,0.0,0.0,EXACT,EXACT,True,exact identity and finish
25433,139,Omastar,holo,sv3pt5-139,holofoil,0.01,0.28,0.29,60.0,2026/09/01,sv03.5-139,holofoil,0.01,0.28,2026-09-01T12:00:20.170Z,MATCH,0.0,0.0,EXACT,EXACT,True,exact identity and finish
25434,139,Omastar,reverse_holo,sv3pt5-139,reverseHolofoil,0.18,1.18,1.23,50.0,2026/09/01,sv03.5-139,reverse-holofoil,0.18,1.18,2026-09-01T12:00:20.170Z,MATCH,0.0,0.0,EXACT,EXACT,True,exact identity and finish
25435,140,Kabuto,normal,sv3pt5-140,normal,0.01,0.25,0.25,20.0,2026/09/01,sv03.5-140,normal,0.01,0.25,2026-09-01T12:00:20.170Z,MATCH,0.0,0.0,EXACT,EXACT,True,exact identity and finish
25436,140,Kabuto,reverse_holo,sv3pt5-140,reverseHolofoil,0.75,1.67,1.71,18.52,2026/09/01,sv03.5-140,reverse-holofoil,0.75,1.67,2026-09-01T12:00:20.170Z,MATCH,0.0,0.0,EXACT,EXACT,True,exact identity and finish
25437,141,Kabutops,holo,sv3pt5-141,holofoil,0.02,0.26,0.29,18.06,2026/09/01,sv03.5-141,holofoil,0.02,0.27,2026-09-01T12:00:20.170Z,MINOR_DIFFERENCE,0.0,0.03703703703703707,EXACT,EXACT,True,price discrepancy is diagnostic only; API remains authority
25438,141,Kabutops,reverse_holo,sv3pt5-141,reverseHolofoil,0.62,2.41,2.43,19.62,2026/09/01,sv03.5-141,reverse-holofoil,0.62,2.34,2026-09-01T12:00:20.170Z,MINOR_DIFFERENCE,0.0,0.029045643153527086,EXACT,EXACT,True,price discrepancy is diagnostic only; API remains authority
25439,142,Aerodactyl,holo,sv3pt5-142,holofoil,0.1,0.39,0.39,15.3,2026/09/01,sv03.5-142,holofoil,0.1,0.4,2026-09-01T12:00:20.170Z,MINOR_DIFFERENCE,0.0,0.025000000000000022,EXACT,EXACT,True,price discrepancy is diagnostic only; API remains authority
25440,142,Aerodactyl,reverse_holo,sv3pt5-142,reverseHolofoil,0.5,1.21,1.31,21.75,2026/09/01,sv03.5-142,reverse-holofoil,0.5,1.23,2026-09-01T12:00:20.170Z,MINOR_DIFFERENCE,0.0,0.016260162601626032,EXACT,EXACT,True,price discrepancy is diagnostic only; API remains authority
25441,143,Snorlax,normal,sv3pt5-143,normal,0.03,0.27,0.29,19.68,2026/09/01,sv03.5-143,normal,0.03,0.32,2026-09-01T12:00:20.170Z,MINOR_DIFFERENCE,0.0,0.15624999999999997,EXACT,EXACT,True,price discrepancy is diagnostic only; API remains authority
25442,143,Snorlax,reverse_holo,sv3pt5-143,reverseHolofoil,1.5,5.5,5.39,96.95,2026/09/01,sv03.5-143,reverse-holofoil,1.5,5.5,2026-09-01T12:00:20.170Z,MATCH,0.0,0.0,EXACT,EXACT,True,exact identity and finish
25443,144,Articuno,holo,sv3pt5-144,holofoil,0.08,0.33,0.36,18.22,2026/09/01,sv03.5-144,holofoil,0.08,0.33,2026-09-01T12:00:20.170Z,MATCH,0.0,0.0,EXACT,EXACT,True,exact identity and finish
25444,144,Articuno,reverse_holo,sv3pt5-144,reverseHolofoil,0.66,1.18,1.23,16.68,2026/09/01,sv03.5-144,reverse-holofoil,0.66,1.19,2026-09-01T12:00:20.170Z,MINOR_DIFFERENCE,0.0,0.008403361344537823,EXACT,EXACT,True,price discrepancy is diagnostic only; API remains authority
25445,145,Zapdos ex,holo,sv3pt5-145,holofoil,0.75,2.08,1.89,16.0,2026/09/01,sv03.5-145,holofoil,0.97,2.1,2026-09-01T12:00:20.170Z,MATERIAL_DIFFERENCE,0.22680412371134018,0.009523809523809532,EXACT,EXACT,True,price discrepancy is diagnostic only; API remains authority
25446,146,Moltres,holo,sv3pt5-146,holofoil,0.1,0.31,0.32,18.54,2026/09/01,sv03.5-146,holofoil,0.1,0.32,2026-09-01T12:00:20.170Z,MINOR_DIFFERENCE,0.0,0.03125000000000003,EXACT,EXACT,True,price discrepancy is diagnostic only; API remains authority
25447,146,Moltres,reverse_holo,sv3pt5-146,reverseHolofoil,0.67,1.33,1.4,100.0,2026/09/01,sv03.5-146,reverse-holofoil,0.67,1.33,2026-09-01T12:00:20.170Z,MATCH,0.0,0.0,EXACT,EXACT,True,exact identity and finish
25448,147,Dratini,normal,sv3pt5-147,normal,0.09,0.24,0.24,990.0,2026/09/01,sv03.5-147,normal,0.09,0.24,2026-09-01T12:00:20.170Z,MATCH,0.0,0.0,EXACT,EXACT,True,exact identity and finish
25449,147,Dratini,reverse_holo,sv3pt5-147,reverseHolofoil,0.07,0.34,0.35,18.74,2026/09/01,sv03.5-147,reverse-holofoil,0.07,0.34,2026-09-01T12:00:20.170Z,MATCH,0.0,0.0,EXACT,EXACT,True,exact identity and finish
25450,148,Dragonair,normal,sv3pt5-148,normal,0.02,0.26,0.25,3.25,2026/09/01,sv03.5-148,normal,0.02,0.26,2026-09-01T12:00:20.170Z,MATCH,0.0,0.0,EXACT,EXACT,True,exact identity and finish
25451,148,Dragonair,reverse_holo,sv3pt5-148,reverseHolofoil,1.6,2.85,3.26,96.95,2026/09/01,sv03.5-148,reverse-holofoil,1.6,2.85,2026-09-01T12:00:20.170Z,MATCH,0.0,0.0,EXACT,EXACT,True,exact identity and finish
25452,149,Dragonite,holo,sv3pt5-149,holofoil,0.3,1.8,1.59,129.0,2026/09/01,sv03.5-149,holofoil,0.3,1.8,2026-09-01T12:00:20.170Z,MATCH,0.0,0.0,EXACT,EXACT,True,exact identity and finish
25453,149,Dragonite,reverse_holo,sv3pt5-149,reverseHolofoil,0.75,2.62,2.76,26.52,2026/09/01,sv03.5-149,reverse-holofoil,0.75,2.67,2026-09-01T12:00:20.170Z,MINOR_DIFFERENCE,0.0,0.01872659176029956,EXACT,EXACT,True,price discrepancy is diagnostic only; API remains authority
25454,150,Mewtwo,holo,sv3pt5-150,holofoil,0.69,2.36,2.53,348.0,2026/09/01,sv03.5-150,holofoil,0.69,2.36,2026-09-01T12:00:20.170Z,MATCH,0.0,0.0,EXACT,EXACT,True,exact identity and finish
25455,150,Mewtwo,reverse_holo,sv3pt5-150,reverseHolofoil,2.79,4.41,4.62,203862.68,2026/09/01,sv03.5-150,reverse-holofoil,2.79,4.41,2026-09-01T12:00:20.170Z,MATCH,0.0,0.0,EXACT,EXACT,True,exact identity and finish
25456,151,Mew ex,holo,sv3pt5-151,holofoil,6.0,9.73,9.46,96.95,2026/09/01,sv03.5-151,holofoil,5.49,9.73,2026-09-01T12:00:20.170Z,MINOR_DIFFERENCE,0.08499999999999996,0.0,EXACT,EXACT,True,price discrepancy is diagnostic only; API remains authority
25457,152,Antique Dome Fossil,normal,sv3pt5-152,normal,0.04,0.22,0.23,20.0,2026/09/01,sv03.5-152,normal,0.04,0.23,2026-09-01T12:00:20.170Z,MINOR_DIFFERENCE,0.0,0.04347826086956525,EXACT,EXACT,True,price discrepancy is diagnostic only; API remains authority
25458,152,Antique Dome Fossil,reverse_holo,sv3pt5-152,reverseHolofoil,0.19,3.2,1.53,66.73,2026/09/01,sv03.5-152,reverse-holofoil,0.19,3.2,2026-09-01T12:00:20.170Z,MATCH,0.0,0.0,EXACT,EXACT,True,exact identity and finish
25459,153,Antique Helix Fossil,normal,sv3pt5-153,normal,0.03,0.22,0.23,990.0,2026/09/01,sv03.5-153,normal,0.03,0.21,2026-09-01T12:00:20.170Z,MINOR_DIFFERENCE,0.0,0.0454545454545455,EXACT,EXACT,True,price discrepancy is diagnostic only; API remains authority
25460,153,Antique Helix Fossil,reverse_holo,sv3pt5-153,reverseHolofoil,0.5,1.13,1.14,16.92,2026/09/01,sv03.5-153,reverse-holofoil,0.5,1.13,2026-09-01T12:00:20.170Z,MATCH,0.0,0.0,EXACT,EXACT,True,exact identity and finish
25461,154,Antique Old Amber,normal,sv3pt5-154,normal,0.01,0.26,0.25,19.16,2026/09/01,sv03.5-154,normal,0.01,0.26,2026-09-01T12:00:20.170Z,MATCH,0.0,0.0,EXACT,EXACT,True,exact identity and finish
25462,154,Antique Old Amber,reverse_holo,sv3pt5-154,reverseHolofoil,0.5,0.92,0.98,25.0,2026/09/01,sv03.5-154,reverse-holofoil,0.5,0.92,2026-09-01T12:00:20.170Z,MATCH,0.0,0.0,EXACT,EXACT,True,exact identity and finish
25463,155,Big Air Balloon,normal,sv3pt5-155,normal,0.01,0.23,0.21,2.5,2026/09/01,sv03.5-155,normal,0.01,0.23,2026-09-01T12:00:20.170Z,MATCH,0.0,0.0,EXACT,EXACT,True,exact identity and finish
25464,155,Big Air Balloon,reverse_holo,sv3pt5-155,reverseHolofoil,0.25,0.68,0.79,5000.32,2026/09/01,sv03.5-155,reverse-holofoil,0.25,0.68,2026-09-01T12:00:20.170Z,MATCH,0.0,0.0,EXACT,EXACT,True,exact identity and finish
25465,156,Bill’s Transfer,normal,sv3pt5-156,normal,0.01,0.21,0.2,18.0,2026/09/01,sv03.5-156,normal,0.01,0.22,2026-09-01T12:00:20.170Z,IDENTITY_CONFLICT,0.0,0.0454545454545455,CONFLICT,EXACT,False,"Pokémon TCG API identity: name ""Bill's Transfer"" != 'Bill’s Transfer'; TCGdex identity: name ""Bill's Transfer"" != 'Bill’s Transfer'"
25466,156,Bill’s Transfer,reverse_holo,sv3pt5-156,reverseHolofoil,0.21,0.62,0.66,15.98,2026/09/01,sv03.5-156,reverse-holofoil,0.21,0.62,2026-09-01T12:00:20.170Z,IDENTITY_CONFLICT,0.0,0.0,CONFLICT,EXACT,False,"Pokémon TCG API identity: name ""Bill's Transfer"" != 'Bill’s Transfer'; TCGdex identity: name ""Bill's Transfer"" != 'Bill’s Transfer'"
25467,157,Cycling Road,normal,sv3pt5-157,normal,0.01,0.18,0.19,19.98,2026/09/01,sv03.5-157,normal,0.01,0.18,2026-09-01T12:00:20.170Z,MATCH,0.0,0.0,EXACT,EXACT,True,exact identity and finish
25468,157,Cycling Road,reverse_holo,sv3pt5-157,reverseHolofoil,0.48,0.63,0.7,25.0,2026/09/01,sv03.5-157,reverse-holofoil,0.48,0.63,2026-09-01T12:00:20.170Z,MATCH,0.0,0.0,EXACT,EXACT,True,exact identity and finish
25469,158,Daisy’s Help,normal,sv3pt5-158,normal,0.01,0.22,0.2,19.98,2026/09/01,sv03.5-158,normal,0.01,0.22,2026-09-01T12:00:20.170Z,IDENTITY_CONFLICT,0.0,0.0,CONFLICT,EXACT,False,"Pokémon TCG API identity: name ""Daisy's Help"" != 'Daisy’s Help'; TCGdex identity: name ""Daisy's Help"" != 'Daisy’s Help'"
25470,158,Daisy’s Help,reverse_holo,sv3pt5-158,reverseHolofoil,0.25,0.63,0.67,19.6,2026/09/01,sv03.5-158,reverse-holofoil,0.25,0.63,2026-09-01T12:00:20.170Z,IDENTITY_CONFLICT,0.0,0.0,CONFLICT,EXACT,False,"Pokémon TCG API identity: name ""Daisy's Help"" != 'Daisy’s Help'; TCGdex identity: name ""Daisy's Help"" != 'Daisy’s Help'"
25471,159,Energy Sticker,normal,sv3pt5-159,normal,0.05,0.27,0.27,19.98,2026/09/01,sv03.5-159,normal,0.05,0.27,2026-09-01T12:00:20.170Z,MATCH,0.0,0.0,EXACT,EXACT,True,exact identity and finish
25472,159,Energy Sticker,reverse_holo,sv3pt5-159,reverseHolofoil,0.6,1.03,1.11,25.0,2026/09/01,sv03.5-159,reverse-holofoil,0.6,1.03,2026-09-01T12:00:20.170Z,MATCH,0.0,0.0,EXACT,EXACT,True,exact identity and finish
25473,160,Erika’s Invitation,normal,sv3pt5-160,normal,0.02,0.2,0.2,18.52,2026/09/01,sv03.5-160,normal,0.02,0.2,2026-09-01T12:00:20.170Z,IDENTITY_CONFLICT,0.0,0.0,CONFLICT,EXACT,False,"Pokémon TCG API identity: name ""Erika's Invitation"" != 'Erika’s Invitation'; TCGdex identity: name ""Erika's Invitation"" != 'Erika’s Invitation'"
25474,160,Erika’s Invitation,reverse_holo,sv3pt5-160,reverseHolofoil,0.5,0.92,1.0,7.95,2026/09/01,sv03.5-160,reverse-holofoil,0.5,0.92,2026-09-01T12:00:20.170Z,IDENTITY_CONFLICT,0.0,0.0,CONFLICT,EXACT,False,"Pokémon TCG API identity: name ""Erika's Invitation"" != 'Erika’s Invitation'; TCGdex identity: name ""Erika's Invitation"" != 'Erika’s Invitation'"
25475,161,Giovanni’s Charisma,normal,sv3pt5-161,normal,0.01,0.23,0.22,19.2,2026/09/01,sv03.5-161,normal,0.01,0.24,2026-09-01T12:00:20.170Z,IDENTITY_CONFLICT,0.0,0.04166666666666659,CONFLICT,EXACT,False,"Pokémon TCG API identity: name ""Giovanni's Charisma"" != 'Giovanni’s Charisma'; TCGdex identity: name ""Giovanni's Charisma"" != 'Giovanni’s Charisma'"
25476,161,Giovanni’s Charisma,reverse_holo,sv3pt5-161,reverseHolofoil,0.6,1.01,1.06,25.0,2026/09/01,sv03.5-161,reverse-holofoil,0.6,1.01,2026-09-01T12:00:20.170Z,IDENTITY_CONFLICT,0.0,0.0,CONFLICT,EXACT,False,"Pokémon TCG API identity: name ""Giovanni's Charisma"" != 'Giovanni’s Charisma'; TCGdex identity: name ""Giovanni's Charisma"" != 'Giovanni’s Charisma'"
25477,162,Grabber,normal,sv3pt5-162,normal,0.05,0.26,0.27,990.0,2026/09/01,sv03.5-162,normal,0.05,0.26,2026-09-01T12:00:20.170Z,MATCH,0.0,0.0,EXACT,EXACT,True,exact identity and finish
25478,162,Grabber,reverse_holo,sv3pt5-162,reverseHolofoil,0.38,1.0,1.01,16.02,2026/09/01,sv03.5-162,reverse-holofoil,0.38,1.0,2026-09-01T12:00:20.170Z,MATCH,0.0,0.0,EXACT,EXACT,True,exact identity and finish
25479,163,Leftovers,normal,sv3pt5-163,normal,0.01,0.22,0.23,18.18,2026/09/01,sv03.5-163,normal,0.01,0.23,2026-09-01T12:00:20.170Z,MINOR_DIFFERENCE,0.0,0.04347826086956525,EXACT,EXACT,True,price discrepancy is diagnostic only; API remains authority
25480,163,Leftovers,reverse_holo,sv3pt5-163,reverseHolofoil,0.3,0.73,0.75,18.2,2026/09/01,sv03.5-163,reverse-holofoil,0.3,0.73,2026-09-01T12:00:20.170Z,MATCH,0.0,0.0,EXACT,EXACT,True,exact identity and finish
25481,164,Protective Goggles,normal,sv3pt5-164,normal,0.01,0.28,0.26,18.0,2026/09/01,sv03.5-164,normal,0.01,0.28,2026-09-01T12:00:20.170Z,MATCH,0.0,0.0,EXACT,EXACT,True,exact identity and finish
25482,164,Protective Goggles,reverse_holo,sv3pt5-164,reverseHolofoil,0.3,0.73,0.77,18.78,2026/09/01,sv03.5-164,reverse-holofoil,0.3,0.73,2026-09-01T12:00:20.170Z,MATCH,0.0,0.0,EXACT,EXACT,True,exact identity and finish
25483,165,Rigid Band,normal,sv3pt5-165,normal,0.01,0.2,0.22,19.98,2026/09/01,sv03.5-165,normal,0.01,0.2,2026-09-01T12:00:20.170Z,MATCH,0.0,0.0,EXACT,EXACT,True,exact identity and finish
25484,165,Rigid Band,reverse_holo,sv3pt5-165,reverseHolofoil,0.49,0.9,1.0,96.83,2026/09/01,sv03.5-165,reverse-holofoil,0.49,0.9,2026-09-01T12:00:20.170Z,MATCH,0.0,0.0,EXACT,EXACT,True,exact identity and finish
25485,166,Bulbasaur,holo,sv3pt5-166,holofoil,62.99,80.66,87.18,721.26,2026/09/01,sv03.5-166,holofoil,62.99,80.66,2026-09-01T12:00:20.170Z,MATCH,0.0,0.0,EXACT,EXACT,True,exact identity and finish
25486,167,Ivysaur,holo,sv3pt5-167,holofoil,38.66,44.19,50.29,455.56,2026/09/01,sv03.5-167,holofoil,38.66,44.19,2026-09-01T12:00:20.170Z,MATCH,0.0,0.0,EXACT,EXACT,True,exact identity and finish
25487,168,Charmander,holo,sv3pt5-168,holofoil,74.23,94.32,109.7,856.26,2026/09/01,sv03.5-168,holofoil,74.99,94.32,2026-09-01T12:00:20.170Z,MINOR_DIFFERENCE,0.010134684624616495,0.0,EXACT,EXACT,True,price discrepancy is diagnostic only; API remains authority
25488,169,Charmeleon,holo,sv3pt5-169,holofoil,51.67,56.89,66.04,746.24,2026/09/01,sv03.5-169,holofoil,51.67,56.87,2026-09-01T12:00:20.170Z,MINOR_DIFFERENCE,0.0,0.00035155563367908466,EXACT,EXACT,True,price discrepancy is diagnostic only; API remains authority
25489,170,Squirtle,holo,sv3pt5-170,holofoil,84.98,97.63,102.12,957.32,2026/09/01,sv03.5-170,holofoil,84.98,97.85,2026-09-01T12:00:20.170Z,MINOR_DIFFERENCE,0.0,0.002248339294839028,EXACT,EXACT,True,price discrepancy is diagnostic only; API remains authority
25490,171,Wartortle,holo,sv3pt5-171,holofoil,46.98,62.36,67.2,549.09,2026/09/01,sv03.5-171,holofoil,46.98,62.31,2026-09-01T12:00:20.170Z,MINOR_DIFFERENCE,0.0,0.0008017960230916798,EXACT,EXACT,True,price discrepancy is diagnostic only; API remains authority
25491,172,Caterpie,holo,sv3pt5-172,holofoil,16.43,19.79,20.92,9999.0,2026/09/01,sv03.5-172,holofoil,16.42,19.79,2026-09-01T12:00:20.170Z,MINOR_DIFFERENCE,0.0006086427267192946,0.0,EXACT,EXACT,True,price discrepancy is diagnostic only; API remains authority
25492,173,Pikachu,holo,sv3pt5-173,holofoil,70.98,84.5,96.71,10000.0,2026/09/01,sv03.5-173,holofoil,71.98,84.67,2026-09-01T12:00:20.170Z,MINOR_DIFFERENCE,0.013892747985551542,0.00200779496870204,EXACT,EXACT,True,price discrepancy is diagnostic only; API remains authority
25493,174,Nidoking,holo,sv3pt5-174,holofoil,16.5,20.98,22.09,198.98,2026/09/01,sv03.5-174,holofoil,16.5,21.07,2026-09-01T12:00:20.170Z,MINOR_DIFFERENCE,0.0,0.004271476032273368,EXACT,EXACT,True,price discrepancy is diagnostic only; API remains authority
25494,175,Psyduck,holo,sv3pt5-175,holofoil,58.0,66.9,72.91,5000.0,2026/09/01,sv03.5-175,holofoil,58.0,66.9,2026-09-01T12:00:20.170Z,MATCH,0.0,0.0,EXACT,EXACT,True,exact identity and finish
25495,176,Poliwhirl,holo,sv3pt5-176,holofoil,34.0,42.86,47.96,390.15,2026/09/01,sv03.5-176,holofoil,37.11,42.88,2026-09-01T12:00:20.170Z,MINOR_DIFFERENCE,0.08380490433845324,0.0004664179104478341,EXACT,EXACT,True,price discrepancy is diagnostic only; API remains authority
25496,177,Machoke,holo,sv3pt5-177,holofoil,18.0,22.5,25.2,250.0,2026/09/01,sv03.5-177,holofoil,18.25,22.5,2026-09-01T12:00:20.170Z,MINOR_DIFFERENCE,0.0136986301369863,0.0,EXACT,EXACT,True,price discrepancy is diagnostic only; API remains authority
25497,178,Tangela,holo,sv3pt5-178,holofoil,11.25,15.43,17.7,141.8,2026/09/01,sv03.5-178,holofoil,11.25,15.43,2026-09-01T12:00:20.170Z,MATCH,0.0,0.0,EXACT,EXACT,True,exact identity and finish
25498,179,Mr. Mime,holo,sv3pt5-179,holofoil,10.99,14.15,15.1,109.76,2026/09/01,sv03.5-179,holofoil,10.99,14.15,2026-09-01T12:00:20.170Z,MATCH,0.0,0.0,EXACT,EXACT,True,exact identity and finish
25499,180,Omanyte,holo,sv3pt5-180,holofoil,9.75,13.7,15.16,157.4,2026/09/01,sv03.5-180,holofoil,9.75,13.7,2026-09-01T12:00:20.170Z,MATCH,0.0,0.0,EXACT,EXACT,True,exact identity and finish
25500,181,Dragonair,holo,sv3pt5-181,holofoil,38.99,50.68,52.94,1700.0,2026/09/01,sv03.5-181,holofoil,38.99,50.18,2026-09-01T12:00:20.170Z,MINOR_DIFFERENCE,0.0,0.009865824782951855,EXACT,EXACT,True,price discrepancy is diagnostic only; API remains authority
25501,182,Venusaur ex,holo,sv3pt5-182,holofoil,10.65,14.26,16.4,142.49,2026/09/01,sv03.5-182,holofoil,10.65,14.29,2026-09-01T12:00:20.170Z,MINOR_DIFFERENCE,0.0,0.002099370188943272,EXACT,EXACT,True,price discrepancy is diagnostic only; API remains authority
25502,183,Charizard ex,holo,sv3pt5-183,holofoil,30.16,41.0,45.45,372.06,2026/09/01,sv03.5-183,holofoil,30.16,41.0,2026-09-01T12:00:20.170Z,MATCH,0.0,0.0,EXACT,EXACT,True,exact identity and finish
25503,184,Blastoise ex,holo,sv3pt5-184,holofoil,16.96,19.32,22.0,1000.0,2026/09/01,sv03.5-184,holofoil,16.96,19.32,2026-09-01T12:00:20.170Z,MATCH,0.0,0.0,EXACT,EXACT,True,exact identity and finish
25504,185,Arbok ex,holo,sv3pt5-185,holofoil,4.5,6.83,8.23,139.8,2026/09/01,sv03.5-185,holofoil,4.95,6.83,2026-09-01T12:00:20.170Z,MINOR_DIFFERENCE,0.09090909090909094,0.0,EXACT,EXACT,True,price discrepancy is diagnostic only; API remains authority
25505,186,Ninetales ex,holo,sv3pt5-186,holofoil,13.0,14.75,16.06,181.76,2026/09/01,sv03.5-186,holofoil,13.0,14.75,2026-09-01T12:00:20.170Z,MATCH,0.0,0.0,EXACT,EXACT,True,exact identity and finish
25506,187,Wigglytuff ex,holo,sv3pt5-187,holofoil,5.0,8.8,9.06,96.95,2026/09/01,sv03.5-187,holofoil,5.0,8.75,2026-09-01T12:00:20.170Z,MINOR_DIFFERENCE,0.0,0.005681818181818262,EXACT,EXACT,True,price discrepancy is diagnostic only; API remains authority
25507,188,Alakazam ex,holo,sv3pt5-188,holofoil,7.98,10.75,12.72,139.48,2026/09/01,sv03.5-188,holofoil,7.97,10.75,2026-09-01T12:00:20.170Z,MINOR_DIFFERENCE,0.001253132832080285,0.0,EXACT,EXACT,True,price discrepancy is diagnostic only; API remains authority
25508,189,Golem ex,holo,sv3pt5-189,holofoil,4.3,7.27,7.99,74.84,2026/09/01,sv03.5-189,holofoil,5.0,7.27,2026-09-01T12:00:20.170Z,MINOR_DIFFERENCE,0.14000000000000004,0.0,EXACT,EXACT,True,price discrepancy is diagnostic only; API remains authority
25509,190,Kangaskhan ex,holo,sv3pt5-190,holofoil,4.5,5.8,7.0,99.48,2026/09/01,sv03.5-190,holofoil,4.5,5.79,2026-09-01T12:00:20.170Z,MINOR_DIFFERENCE,0.0,0.001724137931034446,EXACT,EXACT,True,price discrepancy is diagnostic only; API remains authority
25510,191,Jynx ex,holo,sv3pt5-191,holofoil,4.0,6.34,7.27,96.95,2026/09/01,sv03.5-191,holofoil,4.0,6.34,2026-09-01T12:00:20.170Z,MATCH,0.0,0.0,EXACT,EXACT,True,exact identity and finish
25511,192,Zapdos ex,holo,sv3pt5-192,holofoil,8.25,10.87,12.0,80.0,2026/09/01,sv03.5-192,holofoil,8.25,10.87,2026-09-01T12:00:20.170Z,MATCH,0.0,0.0,EXACT,EXACT,True,exact identity and finish
25512,193,Mew ex,holo,sv3pt5-193,holofoil,29.02,32.79,37.54,362.34,2026/09/01,sv03.5-193,holofoil,29.02,32.79,2026-09-01T12:00:20.170Z,MATCH,0.0,0.0,EXACT,EXACT,True,exact identity and finish
25513,194,Bill’s Transfer,holo,sv3pt5-194,holofoil,1.8,3.36,3.7,200.0,2026/09/01,sv03.5-194,holofoil,1.8,3.36,2026-09-01T12:00:20.170Z,IDENTITY_CONFLICT,0.0,0.0,CONFLICT,EXACT,False,"Pokémon TCG API identity: name ""Bill's Transfer"" != 'Bill’s Transfer'; TCGdex identity: name ""Bill's Transfer"" != 'Bill’s Transfer'"
25514,195,Daisy’s Help,holo,sv3pt5-195,holofoil,1.5,2.9,3.46,75.0,2026/09/01,sv03.5-195,holofoil,1.5,2.9,2026-09-01T12:00:20.170Z,IDENTITY_CONFLICT,0.0,0.0,CONFLICT,EXACT,False,"Pokémon TCG API identity: name ""Daisy's Help"" != 'Daisy’s Help'; TCGdex identity: name ""Daisy's Help"" != 'Daisy’s Help'"
25515,196,Erika’s Invitation,holo,sv3pt5-196,holofoil,4.39,6.32,7.99,160.0,2026/09/01,sv03.5-196,holofoil,4.39,6.32,2026-09-01T12:00:20.170Z,IDENTITY_CONFLICT,0.0,0.0,CONFLICT,EXACT,False,"Pokémon TCG API identity: name ""Erika's Invitation"" != 'Erika’s Invitation'; TCGdex identity: name ""Erika's Invitation"" != 'Erika’s Invitation'"
25516,197,Giovanni’s Charisma,holo,sv3pt5-197,holofoil,3.46,5.36,5.2,60.0,2026/09/01,sv03.5-197,holofoil,2.99,5.36,2026-09-01T12:00:20.170Z,IDENTITY_CONFLICT,0.13583815028901727,0.0,CONFLICT,EXACT,False,"Pokémon TCG API identity: name ""Giovanni's Charisma"" != 'Giovanni’s Charisma'; TCGdex identity: name ""Giovanni's Charisma"" != 'Giovanni’s Charisma'"
25517,198,Venusaur ex,holo,sv3pt5-198,holofoil,92.0,118.63,124.46,1237.98,2026/09/01,sv03.5-198,holofoil,92.0,118.63,2026-09-01T12:00:20.170Z,MATCH,0.0,0.0,EXACT,EXACT,True,exact identity and finish
25518,199,Charizard ex,holo,sv3pt5-199,holofoil,322.31,368.57,405.0,10000.0,2026/09/01,sv03.5-199,holofoil,322.25,368.57,2026-09-01T12:00:20.170Z,MINOR_DIFFERENCE,0.00018615618503925498,0.0,EXACT,EXACT,True,price discrepancy is diagnostic only; API remains authority
25519,200,Blastoise ex,holo,sv3pt5-200,holofoil,122.38,140.62,151.05,20000.0,2026/09/01,sv03.5-200,holofoil,122.38,140.68,2026-09-01T12:00:20.170Z,MINOR_DIFFERENCE,0.0,0.00042649985783339687,EXACT,EXACT,True,price discrepancy is diagnostic only; API remains authority
25520,201,Alakazam ex,holo,sv3pt5-201,holofoil,59.99,70.94,77.77,698.0,2026/09/01,sv03.5-201,holofoil,59.99,70.94,2026-09-01T12:00:20.170Z,MATCH,0.0,0.0,EXACT,EXACT,True,exact identity and finish
25521,202,Zapdos ex,holo,sv3pt5-202,holofoil,74.53,93.3,107.02,776.61,2026/09/01,sv03.5-202,holofoil,74.53,93.3,2026-09-01T12:00:20.170Z,MATCH,0.0,0.0,EXACT,EXACT,True,exact identity and finish
25522,203,Erika’s Invitation,holo,sv3pt5-203,holofoil,14.59,16.13,18.8,180.0,2026/09/01,sv03.5-203,holofoil,14.59,16.13,2026-09-01T12:00:20.170Z,IDENTITY_CONFLICT,0.0,0.0,CONFLICT,EXACT,False,"Pokémon TCG API identity: name ""Erika's Invitation"" != 'Erika’s Invitation'; TCGdex identity: name ""Erika's Invitation"" != 'Erika’s Invitation'"
25523,204,Giovanni’s Charisma,holo,sv3pt5-204,holofoil,12.89,14.55,16.35,206.7,2026/09/01,sv03.5-204,holofoil,12.92,14.55,2026-09-01T12:00:20.170Z,IDENTITY_CONFLICT,0.0023219814241485573,0.0,CONFLICT,EXACT,False,"Pokémon TCG API identity: name ""Giovanni's Charisma"" != 'Giovanni’s Charisma'; TCGdex identity: name ""Giovanni's Charisma"" != 'Giovanni’s Charisma'"
25524,205,Mew ex,holo,sv3pt5-205,holofoil,25.0,29.87,32.98,225.63,2026/09/01,sv03.5-205,holofoil,25.0,29.87,2026-09-01T12:00:20.170Z,MATCH,0.0,0.0,EXACT,EXACT,True,exact identity and finish
25525,206,Switch,holo,sv3pt5-206,holofoil,1.2,2.64,2.98,21.99,2026/09/01,sv03.5-206,holofoil,1.0,2.64,2026-09-01T12:00:20.170Z,MINOR_DIFFERENCE,0.16666666666666663,0.0,EXACT,EXACT,True,price discrepancy is diagnostic only; API remains authority
25526,207,Basic Energy,holo,sv3pt5-207,holofoil,3.47,4.48,5.29,56.44,2026/09/01,sv03.5-207,holofoil,3.47,4.48,2026-09-01T12:00:20.170Z,IDENTITY_CONFLICT,0.0,0.0,CONFLICT,EXACT,False,Pokémon TCG API identity: name 'Basic Psychic Energy' != 'Basic Energy'; TCGdex identity: name 'Basic Psychic Energy' != 'Basic Energy'
