card_id,collector_number,card_name,finish,source_provider,market,source_variant,low,mid,high,market_price,direct_low,currency,source_updated_at,observed_at,snapshot_key,pricing_status,pricing_eligible,would_insert,would_update,reason
25165,001,Bulbasaur,normal,pokemon_tcg_api,0.26,normal,0.01,0.25,18.42,0.26,0.15,USD,2026/09/01,2026-09-01T13:02:34+00:00,3d2c8831361ecafe7cd2815caa1ed6ef4ff66fbcb917b7d4f0e06ecff2c9e4f2,MATCH,True,False,False,exact identity and finish
25166,001,Bulbasaur,reverse_holo,pokemon_tcg_api,0.41,reverseHolofoil,0.09,0.4,41.93,0.41,0.39,USD,2026/09/01,2026-09-01T13:02:34+00:00,3d2c8831361ecafe7cd2815caa1ed6ef4ff66fbcb917b7d4f0e06ecff2c9e4f2,MINOR_DIFFERENCE,True,False,False,price discrepancy is diagnostic only; API remains authority
25167,002,Ivysaur,normal,pokemon_tcg_api,0.27,normal,0.04,0.28,19.98,0.27,0.25,USD,2026/09/01,2026-09-01T13:02:34+00:00,3d2c8831361ecafe7cd2815caa1ed6ef4ff66fbcb917b7d4f0e06ecff2c9e4f2,MINOR_DIFFERENCE,True,False,False,price discrepancy is diagnostic only; API remains authority
25168,002,Ivysaur,reverse_holo,pokemon_tcg_api,0.41,reverseHolofoil,0.1,0.44,19.14,0.41,0.47,USD,2026/09/01,2026-09-01T13:02:34+00:00,3d2c8831361ecafe7cd2815caa1ed6ef4ff66fbcb917b7d4f0e06ecff2c9e4f2,MATCH,True,False,False,exact identity and finish
25169,003,Venusaur ex,holo,pokemon_tcg_api,1.5,holofoil,0.55,1.43,17.5,1.5,1.91,USD,2026/09/01,2026-09-01T13:02:34+00:00,3d2c8831361ecafe7cd2815caa1ed6ef4ff66fbcb917b7d4f0e06ecff2c9e4f2,MATCH,True,False,False,exact identity and finish
25171,004,Charmander,holo,,,,,,,,,,,,,IDENTITY_CONFLICT,False,False,False,TCGdex finish variant is not exact; API finish variant missing
25170,004,Charmander,normal,pokemon_tcg_api,0.24,normal,0.01,0.25,25.0,0.24,0.24,USD,2026/09/01,2026-09-01T13:02:34+00:00,3d2c8831361ecafe7cd2815caa1ed6ef4ff66fbcb917b7d4f0e06ecff2c9e4f2,MINOR_DIFFERENCE,True,False,False,price discrepancy is diagnostic only; API remains authority
25172,004,Charmander,reverse_holo,pokemon_tcg_api,0.37,reverseHolofoil,0.1,0.42,19.97,0.37,0.39,USD,2026/09/01,2026-09-01T13:02:34+00:00,3d2c8831361ecafe7cd2815caa1ed6ef4ff66fbcb917b7d4f0e06ecff2c9e4f2,MINOR_DIFFERENCE,True,False,False,price discrepancy is diagnostic only; API remains authority
25174,005,Charmeleon,holo,,,,,,,,,,,,,IDENTITY_CONFLICT,False,False,False,TCGdex finish variant is not exact; API finish variant missing
25173,005,Charmeleon,normal,pokemon_tcg_api,0.23,normal,0.02,0.25,19.98,0.23,,USD,2026/09/01,2026-09-01T13:02:34+00:00,3d2c8831361ecafe7cd2815caa1ed6ef4ff66fbcb917b7d4f0e06ecff2c9e4f2,MINOR_DIFFERENCE,True,False,False,price discrepancy is diagnostic only; API remains authority
25175,005,Charmeleon,reverse_holo,pokemon_tcg_api,0.37,reverseHolofoil,0.1,0.4,18.82,0.37,0.38,USD,2026/09/01,2026-09-01T13:02:34+00:00,3d2c8831361ecafe7cd2815caa1ed6ef4ff66fbcb917b7d4f0e06ecff2c9e4f2,MATCH,True,False,False,exact identity and finish
25176,006,Charizard ex,holo,pokemon_tcg_api,8.57,holofoil,4.49,9.4,112.99,8.57,7.28,USD,2026/09/01,2026-09-01T13:02:34+00:00,3d2c8831361ecafe7cd2815caa1ed6ef4ff66fbcb917b7d4f0e06ecff2c9e4f2,MATCH,True,False,False,exact identity and finish
25177,007,Squirtle,normal,pokemon_tcg_api,0.24,normal,0.05,0.25,18.94,0.24,0.25,USD,2026/09/01,2026-09-01T13:02:34+00:00,3d2c8831361ecafe7cd2815caa1ed6ef4ff66fbcb917b7d4f0e06ecff2c9e4f2,MATCH,True,False,False,exact identity and finish
25178,007,Squirtle,reverse_holo,pokemon_tcg_api,0.43,reverseHolofoil,0.1,0.45,96.95,0.43,,USD,2026/09/01,2026-09-01T13:02:34+00:00,3d2c8831361ecafe7cd2815caa1ed6ef4ff66fbcb917b7d4f0e06ecff2c9e4f2,MATCH,True,False,False,exact identity and finish
25179,008,Wartortle,normal,pokemon_tcg_api,0.26,normal,0.09,0.29,25.0,0.26,0.22,USD,2026/09/01,2026-09-01T13:02:34+00:00,3d2c8831361ecafe7cd2815caa1ed6ef4ff66fbcb917b7d4f0e06ecff2c9e4f2,MINOR_DIFFERENCE,True,False,False,price discrepancy is diagnostic only; API remains authority
25180,008,Wartortle,reverse_holo,pokemon_tcg_api,0.56,reverseHolofoil,0.22,0.64,40.0,0.56,,USD,2026/09/01,2026-09-01T13:02:34+00:00,3d2c8831361ecafe7cd2815caa1ed6ef4ff66fbcb917b7d4f0e06ecff2c9e4f2,MINOR_DIFFERENCE,True,False,False,price discrepancy is diagnostic only; API remains authority
25181,009,Blastoise ex,holo,pokemon_tcg_api,2.91,holofoil,1.0,2.7,55.55,2.91,5.95,USD,2026/09/01,2026-09-01T13:02:34+00:00,3d2c8831361ecafe7cd2815caa1ed6ef4ff66fbcb917b7d4f0e06ecff2c9e4f2,MINOR_DIFFERENCE,True,False,False,price discrepancy is diagnostic only; API remains authority
25182,010,Caterpie,normal,pokemon_tcg_api,0.19,normal,0.01,0.19,19.98,0.19,0.07,USD,2026/09/01,2026-09-01T13:02:34+00:00,3d2c8831361ecafe7cd2815caa1ed6ef4ff66fbcb917b7d4f0e06ecff2c9e4f2,MINOR_DIFFERENCE,True,False,False,price discrepancy is diagnostic only; API remains authority
25183,010,Caterpie,reverse_holo,pokemon_tcg_api,0.31,reverseHolofoil,0.08,0.3,20.0,0.31,0.25,USD,2026/09/01,2026-09-01T13:02:34+00:00,3d2c8831361ecafe7cd2815caa1ed6ef4ff66fbcb917b7d4f0e06ecff2c9e4f2,MATCH,True,False,False,exact identity and finish
25184,011,Metapod,normal,pokemon_tcg_api,0.23,normal,0.05,0.24,19.98,0.23,0.14,USD,2026/09/01,2026-09-01T13:02:34+00:00,3d2c8831361ecafe7cd2815caa1ed6ef4ff66fbcb917b7d4f0e06ecff2c9e4f2,MATCH,True,False,False,exact identity and finish
25185,011,Metapod,reverse_holo,pokemon_tcg_api,2.96,reverseHolofoil,1.65,3.08,96.95,2.96,4.18,USD,2026/09/01,2026-09-01T13:02:34+00:00,3d2c8831361ecafe7cd2815caa1ed6ef4ff66fbcb917b7d4f0e06ecff2c9e4f2,MATCH,True,False,False,exact identity and finish
25186,012,Butterfree,normal,pokemon_tcg_api,0.22,normal,0.01,0.21,990.0,0.22,0.08,USD,2026/09/01,2026-09-01T13:02:34+00:00,3d2c8831361ecafe7cd2815caa1ed6ef4ff66fbcb917b7d4f0e06ecff2c9e4f2,MINOR_DIFFERENCE,True,False,False,price discrepancy is diagnostic only; API remains authority
25187,012,Butterfree,reverse_holo,pokemon_tcg_api,0.28,reverseHolofoil,0.14,0.29,19.98,0.28,,USD,2026/09/01,2026-09-01T13:02:34+00:00,3d2c8831361ecafe7cd2815caa1ed6ef4ff66fbcb917b7d4f0e06ecff2c9e4f2,MATCH,True,False,False,exact identity and finish
25188,013,Weedle,normal,pokemon_tcg_api,0.19,normal,0.01,0.19,19.98,0.19,0.07,USD,2026/09/01,2026-09-01T13:02:34+00:00,3d2c8831361ecafe7cd2815caa1ed6ef4ff66fbcb917b7d4f0e06ecff2c9e4f2,MINOR_DIFFERENCE,True,False,False,price discrepancy is diagnostic only; API remains authority
25189,013,Weedle,reverse_holo,pokemon_tcg_api,0.27,reverseHolofoil,0.05,0.28,15.23,0.27,0.23,USD,2026/09/01,2026-09-01T13:02:34+00:00,3d2c8831361ecafe7cd2815caa1ed6ef4ff66fbcb917b7d4f0e06ecff2c9e4f2,MATCH,True,False,False,exact identity and finish
25190,014,Kakuna,normal,pokemon_tcg_api,0.2,normal,0.05,0.22,20.0,0.2,0.1,USD,2026/09/01,2026-09-01T13:02:34+00:00,3d2c8831361ecafe7cd2815caa1ed6ef4ff66fbcb917b7d4f0e06ecff2c9e4f2,MATCH,True,False,False,exact identity and finish
25191,014,Kakuna,reverse_holo,pokemon_tcg_api,2.8,reverseHolofoil,1.19,3.03,18.2,2.8,4.03,USD,2026/09/01,2026-09-01T13:02:34+00:00,3d2c8831361ecafe7cd2815caa1ed6ef4ff66fbcb917b7d4f0e06ecff2c9e4f2,MATCH,True,False,False,exact identity and finish
25192,015,Beedrill,holo,pokemon_tcg_api,0.27,holofoil,0.05,0.27,31.23,0.27,0.17,USD,2026/09/01,2026-09-01T13:02:34+00:00,3d2c8831361ecafe7cd2815caa1ed6ef4ff66fbcb917b7d4f0e06ecff2c9e4f2,MATCH,True,False,False,exact identity and finish
25193,015,Beedrill,reverse_holo,pokemon_tcg_api,0.9,reverseHolofoil,0.3,1.12,96.95,0.9,1.09,USD,2026/09/01,2026-09-01T13:02:34+00:00,3d2c8831361ecafe7cd2815caa1ed6ef4ff66fbcb917b7d4f0e06ecff2c9e4f2,MATCH,True,False,False,exact identity and finish
25194,016,Pidgey,normal,pokemon_tcg_api,0.2,normal,0.04,0.23,19.58,0.2,0.19,USD,2026/09/01,2026-09-01T13:02:34+00:00,3d2c8831361ecafe7cd2815caa1ed6ef4ff66fbcb917b7d4f0e06ecff2c9e4f2,MATCH,True,False,False,exact identity and finish
25195,016,Pidgey,reverse_holo,pokemon_tcg_api,0.29,reverseHolofoil,0.07,0.31,19.52,0.29,0.3,USD,2026/09/01,2026-09-01T13:02:34+00:00,3d2c8831361ecafe7cd2815caa1ed6ef4ff66fbcb917b7d4f0e06ecff2c9e4f2,MATCH,True,False,False,exact identity and finish
25196,017,Pidgeotto,normal,pokemon_tcg_api,0.35,normal,0.1,0.33,19.98,0.35,0.23,USD,2026/09/01,2026-09-01T13:02:34+00:00,3d2c8831361ecafe7cd2815caa1ed6ef4ff66fbcb917b7d4f0e06ecff2c9e4f2,MATCH,True,False,False,exact identity and finish
25197,017,Pidgeotto,reverse_holo,pokemon_tcg_api,2.9,reverseHolofoil,0.94,2.82,14.66,2.9,4.32,USD,2026/09/01,2026-09-01T13:02:34+00:00,3d2c8831361ecafe7cd2815caa1ed6ef4ff66fbcb917b7d4f0e06ecff2c9e4f2,MATCH,True,False,False,exact identity and finish
25198,018,Pidgeot,normal,pokemon_tcg_api,0.19,normal,0.01,0.2,19.98,0.19,0.01,USD,2026/09/01,2026-09-01T13:02:34+00:00,3d2c8831361ecafe7cd2815caa1ed6ef4ff66fbcb917b7d4f0e06ecff2c9e4f2,MINOR_DIFFERENCE,True,False,False,price discrepancy is diagnostic only; API remains authority
25199,018,Pidgeot,reverse_holo,pokemon_tcg_api,0.27,reverseHolofoil,0.09,0.3,17.76,0.27,0.27,USD,2026/09/01,2026-09-01T13:02:34+00:00,3d2c8831361ecafe7cd2815caa1ed6ef4ff66fbcb917b7d4f0e06ecff2c9e4f2,MATCH,True,False,False,exact identity and finish
25200,019,Rattata,normal,pokemon_tcg_api,0.13,normal,0.01,0.15,19.98,0.13,0.01,USD,2026/09/01,2026-09-01T13:02:34+00:00,3d2c8831361ecafe7cd2815caa1ed6ef4ff66fbcb917b7d4f0e06ecff2c9e4f2,MATCH,True,False,False,exact identity and finish
25201,019,Rattata,reverse_holo,pokemon_tcg_api,0.26,reverseHolofoil,0.07,0.28,15.24,0.26,0.19,USD,2026/09/01,2026-09-01T13:02:34+00:00,3d2c8831361ecafe7cd2815caa1ed6ef4ff66fbcb917b7d4f0e06ecff2c9e4f2,MATCH,True,False,False,exact identity and finish
25202,020,Raticate,normal,pokemon_tcg_api,0.17,normal,0.01,0.2,19.98,0.17,0.01,USD,2026/09/01,2026-09-01T13:02:34+00:00,3d2c8831361ecafe7cd2815caa1ed6ef4ff66fbcb917b7d4f0e06ecff2c9e4f2,MATCH,True,False,False,exact identity and finish
25203,020,Raticate,reverse_holo,pokemon_tcg_api,0.26,reverseHolofoil,0.06,0.27,5.0,0.26,0.2,USD,2026/09/01,2026-09-01T13:02:34+00:00,3d2c8831361ecafe7cd2815caa1ed6ef4ff66fbcb917b7d4f0e06ecff2c9e4f2,MATCH,True,False,False,exact identity and finish
25204,021,Spearow,normal,pokemon_tcg_api,0.14,normal,0.01,0.17,25.0,0.14,0.05,USD,2026/09/01,2026-09-01T13:02:34+00:00,3d2c8831361ecafe7cd2815caa1ed6ef4ff66fbcb917b7d4f0e06ecff2c9e4f2,MATCH,True,False,False,exact identity and finish
25205,021,Spearow,reverse_holo,pokemon_tcg_api,1.26,reverseHolofoil,0.1,1.41,50.0,1.26,1.67,USD,2026/09/01,2026-09-01T13:02:34+00:00,3d2c8831361ecafe7cd2815caa1ed6ef4ff66fbcb917b7d4f0e06ecff2c9e4f2,MATCH,True,False,False,exact identity and finish
25206,022,Fearow,normal,pokemon_tcg_api,0.18,normal,0.01,0.19,20.0,0.18,0.01,USD,2026/09/01,2026-09-01T13:02:34+00:00,3d2c8831361ecafe7cd2815caa1ed6ef4ff66fbcb917b7d4f0e06ecff2c9e4f2,MATCH,True,False,False,exact identity and finish
25207,022,Fearow,reverse_holo,pokemon_tcg_api,0.2,reverseHolofoil,0.08,0.25,5.0,0.2,0.25,USD,2026/09/01,2026-09-01T13:02:34+00:00,3d2c8831361ecafe7cd2815caa1ed6ef4ff66fbcb917b7d4f0e06ecff2c9e4f2,MATCH,True,False,False,exact identity and finish
25208,023,Ekans,normal,pokemon_tcg_api,0.14,normal,0.01,0.19,18.34,0.14,0.01,USD,2026/09/01,2026-09-01T13:02:34+00:00,3d2c8831361ecafe7cd2815caa1ed6ef4ff66fbcb917b7d4f0e06ecff2c9e4f2,MATCH,True,False,False,exact identity and finish
25209,023,Ekans,reverse_holo,pokemon_tcg_api,0.32,reverseHolofoil,0.04,0.3,17.74,0.32,0.29,USD,2026/09/01,2026-09-01T13:02:34+00:00,3d2c8831361ecafe7cd2815caa1ed6ef4ff66fbcb917b7d4f0e06ecff2c9e4f2,MATCH,True,False,False,exact identity and finish
25210,024,Arbok ex,holo,pokemon_tcg_api,1.9,holofoil,0.57,1.81,22.0,1.9,2.63,USD,2026/09/01,2026-09-01T13:02:34+00:00,3d2c8831361ecafe7cd2815caa1ed6ef4ff66fbcb917b7d4f0e06ecff2c9e4f2,MINOR_DIFFERENCE,True,False,False,price discrepancy is diagnostic only; API remains authority
25211,025,Pikachu,normal,pokemon_tcg_api,0.29,normal,0.01,0.29,19.98,0.29,0.24,USD,2026/09/01,2026-09-01T13:02:34+00:00,3d2c8831361ecafe7cd2815caa1ed6ef4ff66fbcb917b7d4f0e06ecff2c9e4f2,MINOR_DIFFERENCE,True,False,False,price discrepancy is diagnostic only; API remains authority
25212,025,Pikachu,reverse_holo,pokemon_tcg_api,1.27,reverseHolofoil,0.2,1.02,75.0,1.27,1.58,USD,2026/09/01,2026-09-01T13:02:34+00:00,3d2c8831361ecafe7cd2815caa1ed6ef4ff66fbcb917b7d4f0e06ecff2c9e4f2,MINOR_DIFFERENCE,True,False,False,price discrepancy is diagnostic only; API remains authority
25213,026,Raichu,holo,pokemon_tcg_api,0.28,holofoil,0.08,0.32,19.54,0.28,,USD,2026/09/01,2026-09-01T13:02:34+00:00,3d2c8831361ecafe7cd2815caa1ed6ef4ff66fbcb917b7d4f0e06ecff2c9e4f2,MATCH,True,False,False,exact identity and finish
25214,026,Raichu,reverse_holo,pokemon_tcg_api,1.39,reverseHolofoil,0.48,1.5,18.14,1.39,,USD,2026/09/01,2026-09-01T13:02:34+00:00,3d2c8831361ecafe7cd2815caa1ed6ef4ff66fbcb917b7d4f0e06ecff2c9e4f2,MATCH,True,False,False,exact identity and finish
25215,027,Sandshrew,normal,pokemon_tcg_api,0.15,normal,0.01,0.19,20.0,0.15,0.07,USD,2026/09/01,2026-09-01T13:02:34+00:00,3d2c8831361ecafe7cd2815caa1ed6ef4ff66fbcb917b7d4f0e06ecff2c9e4f2,MATCH,True,False,False,exact identity and finish
25216,027,Sandshrew,reverse_holo,pokemon_tcg_api,0.27,reverseHolofoil,0.1,0.27,19.06,0.27,0.25,USD,2026/09/01,2026-09-01T13:02:34+00:00,3d2c8831361ecafe7cd2815caa1ed6ef4ff66fbcb917b7d4f0e06ecff2c9e4f2,MATCH,True,False,False,exact identity and finish
25217,028,Sandslash,normal,pokemon_tcg_api,0.2,normal,0.01,0.2,19.96,0.2,0.07,USD,2026/09/01,2026-09-01T13:02:34+00:00,3d2c8831361ecafe7cd2815caa1ed6ef4ff66fbcb917b7d4f0e06ecff2c9e4f2,MATCH,True,False,False,exact identity and finish
25218,028,Sandslash,reverse_holo,pokemon_tcg_api,0.28,reverseHolofoil,0.05,0.29,990.0,0.28,0.25,USD,2026/09/01,2026-09-01T13:02:34+00:00,3d2c8831361ecafe7cd2815caa1ed6ef4ff66fbcb917b7d4f0e06ecff2c9e4f2,MATCH,True,False,False,exact identity and finish
25219,029,Nidoran♀,normal,,0.29,,0.05,0.26,19.98,0.29,0.2,,,,,IDENTITY_CONFLICT,False,False,False,Pokémon TCG API identity: name 'Nidoran ♀' != 'Nidoran♀'
25220,029,Nidoran♀,reverse_holo,,1.67,,1.0,1.91,40.0,1.67,1.74,,,,,IDENTITY_CONFLICT,False,False,False,Pokémon TCG API identity: name 'Nidoran ♀' != 'Nidoran♀'
25221,030,Nidorina,normal,pokemon_tcg_api,0.2,normal,0.01,0.2,19.06,0.2,0.01,USD,2026/09/01,2026-09-01T13:02:34+00:00,3d2c8831361ecafe7cd2815caa1ed6ef4ff66fbcb917b7d4f0e06ecff2c9e4f2,MATCH,True,False,False,exact identity and finish
25222,030,Nidorina,reverse_holo,pokemon_tcg_api,0.31,reverseHolofoil,0.1,0.3,990.0,0.31,,USD,2026/09/01,2026-09-01T13:02:34+00:00,3d2c8831361ecafe7cd2815caa1ed6ef4ff66fbcb917b7d4f0e06ecff2c9e4f2,MATCH,True,False,False,exact identity and finish
25223,031,Nidoqueen,normal,pokemon_tcg_api,0.17,normal,0.01,0.2,19.98,0.17,0.01,USD,2026/09/01,2026-09-01T13:02:34+00:00,3d2c8831361ecafe7cd2815caa1ed6ef4ff66fbcb917b7d4f0e06ecff2c9e4f2,MATCH,True,False,False,exact identity and finish
25224,031,Nidoqueen,reverse_holo,pokemon_tcg_api,0.31,reverseHolofoil,0.05,0.31,19.64,0.31,0.3,USD,2026/09/01,2026-09-01T13:02:34+00:00,3d2c8831361ecafe7cd2815caa1ed6ef4ff66fbcb917b7d4f0e06ecff2c9e4f2,MATCH,True,False,False,exact identity and finish
25225,032,Nidoran♂,normal,,0.23,,0.06,0.25,20.0,0.23,0.18,,,,,IDENTITY_CONFLICT,False,False,False,Pokémon TCG API identity: name 'Nidoran ♂' != 'Nidoran♂'
25226,032,Nidoran♂,reverse_holo,,3.0,,1.25,3.04,7.24,3.0,3.72,,,,,IDENTITY_CONFLICT,False,False,False,Pokémon TCG API identity: name 'Nidoran ♂' != 'Nidoran♂'
25227,033,Nidorino,normal,pokemon_tcg_api,0.21,normal,0.01,0.21,2.17,0.21,0.08,USD,2026/09/01,2026-09-01T13:02:34+00:00,3d2c8831361ecafe7cd2815caa1ed6ef4ff66fbcb917b7d4f0e06ecff2c9e4f2,MATCH,True,False,False,exact identity and finish
25228,033,Nidorino,reverse_holo,pokemon_tcg_api,0.27,reverseHolofoil,0.1,0.28,15.23,0.27,0.2,USD,2026/09/01,2026-09-01T13:02:34+00:00,3d2c8831361ecafe7cd2815caa1ed6ef4ff66fbcb917b7d4f0e06ecff2c9e4f2,MATCH,True,False,False,exact identity and finish
25229,034,Nidoking,holo,pokemon_tcg_api,0.3,holofoil,0.09,0.32,25.0,0.3,0.28,USD,2026/09/01,2026-09-01T13:02:34+00:00,3d2c8831361ecafe7cd2815caa1ed6ef4ff66fbcb917b7d4f0e06ecff2c9e4f2,MATCH,True,False,False,exact identity and finish
25230,034,Nidoking,reverse_holo,pokemon_tcg_api,1.71,reverseHolofoil,0.61,1.75,17.19,1.71,2.55,USD,2026/09/01,2026-09-01T13:02:34+00:00,3d2c8831361ecafe7cd2815caa1ed6ef4ff66fbcb917b7d4f0e06ecff2c9e4f2,MATCH,True,False,False,exact identity and finish
25231,035,Clefairy,normal,pokemon_tcg_api,0.22,normal,0.01,0.23,19.54,0.22,0.08,USD,2026/09/01,2026-09-01T13:02:34+00:00,3d2c8831361ecafe7cd2815caa1ed6ef4ff66fbcb917b7d4f0e06ecff2c9e4f2,MATCH,True,False,False,exact identity and finish
25232,035,Clefairy,reverse_holo,pokemon_tcg_api,0.32,reverseHolofoil,0.09,0.32,36.0,0.32,0.3,USD,2026/09/01,2026-09-01T13:02:34+00:00,3d2c8831361ecafe7cd2815caa1ed6ef4ff66fbcb917b7d4f0e06ecff2c9e4f2,MATCH,True,False,False,exact identity and finish
25233,036,Clefable,normal,pokemon_tcg_api,0.14,normal,0.02,0.2,19.98,0.14,0.08,USD,2026/09/01,2026-09-01T13:02:34+00:00,3d2c8831361ecafe7cd2815caa1ed6ef4ff66fbcb917b7d4f0e06ecff2c9e4f2,MATCH,True,False,False,exact identity and finish
25234,036,Clefable,reverse_holo,pokemon_tcg_api,0.32,reverseHolofoil,0.05,0.31,15.29,0.32,0.3,USD,2026/09/01,2026-09-01T13:02:34+00:00,3d2c8831361ecafe7cd2815caa1ed6ef4ff66fbcb917b7d4f0e06ecff2c9e4f2,MATCH,True,False,False,exact identity and finish
25235,037,Vulpix,normal,pokemon_tcg_api,0.16,normal,0.01,0.19,19.6,0.16,0.07,USD,2026/09/01,2026-09-01T13:02:34+00:00,3d2c8831361ecafe7cd2815caa1ed6ef4ff66fbcb917b7d4f0e06ecff2c9e4f2,MATCH,True,False,False,exact identity and finish
25236,037,Vulpix,reverse_holo,pokemon_tcg_api,0.34,reverseHolofoil,0.01,0.34,18.94,0.34,0.27,USD,2026/09/01,2026-09-01T13:02:34+00:00,3d2c8831361ecafe7cd2815caa1ed6ef4ff66fbcb917b7d4f0e06ecff2c9e4f2,MATCH,True,False,False,exact identity and finish
25237,038,Ninetales ex,holo,pokemon_tcg_api,2.23,holofoil,1.0,2.37,64.0,2.23,3.35,USD,2026/09/01,2026-09-01T13:02:34+00:00,3d2c8831361ecafe7cd2815caa1ed6ef4ff66fbcb917b7d4f0e06ecff2c9e4f2,MINOR_DIFFERENCE,True,False,False,price discrepancy is diagnostic only; API remains authority
25238,039,Jigglypuff,normal,pokemon_tcg_api,0.17,normal,0.01,0.2,19.74,0.17,0.01,USD,2026/09/01,2026-09-01T13:02:34+00:00,3d2c8831361ecafe7cd2815caa1ed6ef4ff66fbcb917b7d4f0e06ecff2c9e4f2,MATCH,True,False,False,exact identity and finish
25239,039,Jigglypuff,reverse_holo,pokemon_tcg_api,0.32,reverseHolofoil,0.1,0.34,19.48,0.32,0.34,USD,2026/09/01,2026-09-01T13:02:34+00:00,3d2c8831361ecafe7cd2815caa1ed6ef4ff66fbcb917b7d4f0e06ecff2c9e4f2,MINOR_DIFFERENCE,True,False,False,price discrepancy is diagnostic only; API remains authority
25240,040,Wigglytuff ex,holo,pokemon_tcg_api,1.43,holofoil,0.3,1.47,25.0,1.43,2.07,USD,2026/09/01,2026-09-01T13:02:34+00:00,3d2c8831361ecafe7cd2815caa1ed6ef4ff66fbcb917b7d4f0e06ecff2c9e4f2,MINOR_DIFFERENCE,True,False,False,price discrepancy is diagnostic only; API remains authority
25241,041,Zubat,normal,pokemon_tcg_api,0.11,normal,0.01,0.15,990.0,0.11,0.04,USD,2026/09/01,2026-09-01T13:02:34+00:00,3d2c8831361ecafe7cd2815caa1ed6ef4ff66fbcb917b7d4f0e06ecff2c9e4f2,MATCH,True,False,False,exact identity and finish
25242,041,Zubat,reverse_holo,pokemon_tcg_api,0.26,reverseHolofoil,0.1,0.28,15.23,0.26,0.18,USD,2026/09/01,2026-09-01T13:02:34+00:00,3d2c8831361ecafe7cd2815caa1ed6ef4ff66fbcb917b7d4f0e06ecff2c9e4f2,MATCH,True,False,False,exact identity and finish
25243,042,Golbat,normal,pokemon_tcg_api,0.09,normal,0.01,0.17,20.0,0.09,0.01,USD,2026/09/01,2026-09-01T13:02:34+00:00,3d2c8831361ecafe7cd2815caa1ed6ef4ff66fbcb917b7d4f0e06ecff2c9e4f2,MATCH,True,False,False,exact identity and finish
25244,042,Golbat,reverse_holo,pokemon_tcg_api,0.31,reverseHolofoil,0.09,0.3,19.04,0.31,0.25,USD,2026/09/01,2026-09-01T13:02:34+00:00,3d2c8831361ecafe7cd2815caa1ed6ef4ff66fbcb917b7d4f0e06ecff2c9e4f2,MATCH,True,False,False,exact identity and finish
25245,043,Oddish,normal,pokemon_tcg_api,0.17,normal,0.01,0.18,19.98,0.17,0.01,USD,2026/09/01,2026-09-01T13:02:34+00:00,3d2c8831361ecafe7cd2815caa1ed6ef4ff66fbcb917b7d4f0e06ecff2c9e4f2,MINOR_DIFFERENCE,True,False,False,price discrepancy is diagnostic only; API remains authority
25246,043,Oddish,reverse_holo,pokemon_tcg_api,0.26,reverseHolofoil,0.05,0.28,18.18,0.26,0.24,USD,2026/09/01,2026-09-01T13:02:34+00:00,3d2c8831361ecafe7cd2815caa1ed6ef4ff66fbcb917b7d4f0e06ecff2c9e4f2,MATCH,True,False,False,exact identity and finish
25247,044,Gloom,normal,pokemon_tcg_api,0.2,normal,0.01,0.2,19.98,0.2,0.01,USD,2026/09/01,2026-09-01T13:02:34+00:00,3d2c8831361ecafe7cd2815caa1ed6ef4ff66fbcb917b7d4f0e06ecff2c9e4f2,MATCH,True,False,False,exact identity and finish
25248,044,Gloom,reverse_holo,pokemon_tcg_api,0.27,reverseHolofoil,0.07,0.29,40.0,0.27,0.25,USD,2026/09/01,2026-09-01T13:02:34+00:00,3d2c8831361ecafe7cd2815caa1ed6ef4ff66fbcb917b7d4f0e06ecff2c9e4f2,MATCH,True,False,False,exact identity and finish
25249,045,Vileplume,holo,pokemon_tcg_api,0.26,holofoil,0.03,0.28,18.18,0.26,0.16,USD,2026/09/01,2026-09-01T13:02:34+00:00,3d2c8831361ecafe7cd2815caa1ed6ef4ff66fbcb917b7d4f0e06ecff2c9e4f2,MATCH,True,False,False,exact identity and finish
25250,045,Vileplume,reverse_holo,pokemon_tcg_api,0.83,reverseHolofoil,0.48,0.96,50.0,0.83,0.95,USD,2026/09/01,2026-09-01T13:02:34+00:00,3d2c8831361ecafe7cd2815caa1ed6ef4ff66fbcb917b7d4f0e06ecff2c9e4f2,MATCH,True,False,False,exact identity and finish
25251,046,Paras,normal,pokemon_tcg_api,0.15,normal,0.01,0.16,25.0,0.15,0.01,USD,2026/09/01,2026-09-01T13:02:34+00:00,3d2c8831361ecafe7cd2815caa1ed6ef4ff66fbcb917b7d4f0e06ecff2c9e4f2,MATCH,True,False,False,exact identity and finish
25252,046,Paras,reverse_holo,pokemon_tcg_api,0.25,reverseHolofoil,0.05,0.25,3.69,0.25,0.24,USD,2026/09/01,2026-09-01T13:02:34+00:00,3d2c8831361ecafe7cd2815caa1ed6ef4ff66fbcb917b7d4f0e06ecff2c9e4f2,MATCH,True,False,False,exact identity and finish
25253,047,Parasect,normal,pokemon_tcg_api,0.2,normal,0.01,0.19,5.0,0.2,0.07,USD,2026/09/01,2026-09-01T13:02:34+00:00,3d2c8831361ecafe7cd2815caa1ed6ef4ff66fbcb917b7d4f0e06ecff2c9e4f2,MATCH,True,False,False,exact identity and finish
25254,047,Parasect,reverse_holo,pokemon_tcg_api,0.29,reverseHolofoil,0.07,0.27,5.0,0.29,0.2,USD,2026/09/01,2026-09-01T13:02:34+00:00,3d2c8831361ecafe7cd2815caa1ed6ef4ff66fbcb917b7d4f0e06ecff2c9e4f2,MATCH,True,False,False,exact identity and finish
25255,048,Venonat,normal,pokemon_tcg_api,0.18,normal,0.01,0.2,19.98,0.18,0.05,USD,2026/09/01,2026-09-01T13:02:34+00:00,3d2c8831361ecafe7cd2815caa1ed6ef4ff66fbcb917b7d4f0e06ecff2c9e4f2,MATCH,True,False,False,exact identity and finish
25256,048,Venonat,reverse_holo,pokemon_tcg_api,0.22,reverseHolofoil,0.07,0.25,19.98,0.22,0.19,USD,2026/09/01,2026-09-01T13:02:34+00:00,3d2c8831361ecafe7cd2815caa1ed6ef4ff66fbcb917b7d4f0e06ecff2c9e4f2,MATCH,True,False,False,exact identity and finish
25257,049,Venomoth,normal,pokemon_tcg_api,0.17,normal,0.04,0.2,2.08,0.17,0.07,USD,2026/09/01,2026-09-01T13:02:34+00:00,3d2c8831361ecafe7cd2815caa1ed6ef4ff66fbcb917b7d4f0e06ecff2c9e4f2,MATCH,True,False,False,exact identity and finish
25258,049,Venomoth,reverse_holo,pokemon_tcg_api,0.32,reverseHolofoil,0.1,0.31,25.0,0.32,0.29,USD,2026/09/01,2026-09-01T13:02:34+00:00,3d2c8831361ecafe7cd2815caa1ed6ef4ff66fbcb917b7d4f0e06ecff2c9e4f2,MATCH,True,False,False,exact identity and finish
25259,050,Diglett,normal,pokemon_tcg_api,0.14,normal,0.01,0.16,19.54,0.14,0.01,USD,2026/09/01,2026-09-01T13:02:34+00:00,3d2c8831361ecafe7cd2815caa1ed6ef4ff66fbcb917b7d4f0e06ecff2c9e4f2,MATCH,True,False,False,exact identity and finish
25260,050,Diglett,reverse_holo,pokemon_tcg_api,0.26,reverseHolofoil,0.01,0.27,15.23,0.26,0.2,USD,2026/09/01,2026-09-01T13:02:34+00:00,3d2c8831361ecafe7cd2815caa1ed6ef4ff66fbcb917b7d4f0e06ecff2c9e4f2,MATERIAL_DIFFERENCE,True,False,False,price discrepancy is diagnostic only; API remains authority
25261,051,Dugtrio,normal,pokemon_tcg_api,0.12,normal,0.01,0.17,19.54,0.12,0.01,USD,2026/09/01,2026-09-01T13:02:34+00:00,3d2c8831361ecafe7cd2815caa1ed6ef4ff66fbcb917b7d4f0e06ecff2c9e4f2,MATCH,True,False,False,exact identity and finish
25262,051,Dugtrio,reverse_holo,pokemon_tcg_api,0.23,reverseHolofoil,0.01,0.25,19.98,0.23,0.2,USD,2026/09/01,2026-09-01T13:02:34+00:00,3d2c8831361ecafe7cd2815caa1ed6ef4ff66fbcb917b7d4f0e06ecff2c9e4f2,MATCH,True,False,False,exact identity and finish
25263,052,Meowth,normal,pokemon_tcg_api,0.19,normal,0.03,0.2,20.0,0.19,0.09,USD,2026/09/01,2026-09-01T13:02:34+00:00,3d2c8831361ecafe7cd2815caa1ed6ef4ff66fbcb917b7d4f0e06ecff2c9e4f2,MATCH,True,False,False,exact identity and finish
25264,052,Meowth,reverse_holo,pokemon_tcg_api,0.25,reverseHolofoil,0.09,0.29,19.98,0.25,0.2,USD,2026/09/01,2026-09-01T13:02:34+00:00,3d2c8831361ecafe7cd2815caa1ed6ef4ff66fbcb917b7d4f0e06ecff2c9e4f2,MINOR_DIFFERENCE,True,False,False,price discrepancy is diagnostic only; API remains authority
25265,053,Persian,normal,pokemon_tcg_api,0.15,normal,0.01,0.2,30.0,0.15,0.07,USD,2026/09/01,2026-09-01T13:02:34+00:00,3d2c8831361ecafe7cd2815caa1ed6ef4ff66fbcb917b7d4f0e06ecff2c9e4f2,MATCH,True,False,False,exact identity and finish
25266,053,Persian,reverse_holo,pokemon_tcg_api,0.26,reverseHolofoil,0.08,0.29,25.0,0.26,0.19,USD,2026/09/01,2026-09-01T13:02:34+00:00,3d2c8831361ecafe7cd2815caa1ed6ef4ff66fbcb917b7d4f0e06ecff2c9e4f2,MATCH,True,False,False,exact identity and finish
25267,054,Psyduck,normal,pokemon_tcg_api,0.27,normal,0.03,0.25,19.08,0.27,0.22,USD,2026/09/01,2026-09-01T13:02:34+00:00,3d2c8831361ecafe7cd2815caa1ed6ef4ff66fbcb917b7d4f0e06ecff2c9e4f2,MINOR_DIFFERENCE,True,False,False,price discrepancy is diagnostic only; API remains authority
25268,054,Psyduck,reverse_holo,pokemon_tcg_api,0.88,reverseHolofoil,0.15,0.8,19.28,0.88,1.27,USD,2026/09/01,2026-09-01T13:02:34+00:00,3d2c8831361ecafe7cd2815caa1ed6ef4ff66fbcb917b7d4f0e06ecff2c9e4f2,MATCH,True,False,False,exact identity and finish
25269,055,Golduck,normal,pokemon_tcg_api,0.16,normal,0.01,0.19,19.98,0.16,0.01,USD,2026/09/01,2026-09-01T13:02:34+00:00,3d2c8831361ecafe7cd2815caa1ed6ef4ff66fbcb917b7d4f0e06ecff2c9e4f2,MATCH,True,False,False,exact identity and finish
25270,055,Golduck,reverse_holo,pokemon_tcg_api,0.28,reverseHolofoil,0.06,0.29,15.26,0.28,0.28,USD,2026/09/01,2026-09-01T13:02:34+00:00,3d2c8831361ecafe7cd2815caa1ed6ef4ff66fbcb917b7d4f0e06ecff2c9e4f2,MATCH,True,False,False,exact identity and finish
25271,056,Mankey,normal,pokemon_tcg_api,0.14,normal,0.01,0.16,19.98,0.14,0.05,USD,2026/09/01,2026-09-01T13:02:34+00:00,3d2c8831361ecafe7cd2815caa1ed6ef4ff66fbcb917b7d4f0e06ecff2c9e4f2,MATCH,True,False,False,exact identity and finish
25272,056,Mankey,reverse_holo,pokemon_tcg_api,0.25,reverseHolofoil,0.08,0.27,15.22,0.25,0.25,USD,2026/09/01,2026-09-01T13:02:34+00:00,3d2c8831361ecafe7cd2815caa1ed6ef4ff66fbcb917b7d4f0e06ecff2c9e4f2,MATCH,True,False,False,exact identity and finish
25273,057,Primeape,normal,pokemon_tcg_api,0.16,normal,0.01,0.18,20.0,0.16,0.07,USD,2026/09/01,2026-09-01T13:02:34+00:00,3d2c8831361ecafe7cd2815caa1ed6ef4ff66fbcb917b7d4f0e06ecff2c9e4f2,MATCH,True,False,False,exact identity and finish
25274,057,Primeape,reverse_holo,pokemon_tcg_api,0.27,reverseHolofoil,0.05,0.27,25.0,0.27,0.25,USD,2026/09/01,2026-09-01T13:02:34+00:00,3d2c8831361ecafe7cd2815caa1ed6ef4ff66fbcb917b7d4f0e06ecff2c9e4f2,MATCH,True,False,False,exact identity and finish
25275,058,Growlithe,normal,pokemon_tcg_api,0.17,normal,0.01,0.2,19.98,0.17,0.01,USD,2026/09/01,2026-09-01T13:02:34+00:00,3d2c8831361ecafe7cd2815caa1ed6ef4ff66fbcb917b7d4f0e06ecff2c9e4f2,MATCH,True,False,False,exact identity and finish
25276,058,Growlithe,reverse_holo,pokemon_tcg_api,0.3,reverseHolofoil,0.1,0.31,19.34,0.3,0.3,USD,2026/09/01,2026-09-01T13:02:34+00:00,3d2c8831361ecafe7cd2815caa1ed6ef4ff66fbcb917b7d4f0e06ecff2c9e4f2,MATCH,True,False,False,exact identity and finish
25277,059,Arcanine,normal,pokemon_tcg_api,0.25,normal,0.04,0.25,19.98,0.25,0.1,USD,2026/09/01,2026-09-01T13:02:34+00:00,3d2c8831361ecafe7cd2815caa1ed6ef4ff66fbcb917b7d4f0e06ecff2c9e4f2,MINOR_DIFFERENCE,True,False,False,price discrepancy is diagnostic only; API remains authority
25278,059,Arcanine,reverse_holo,pokemon_tcg_api,0.36,reverseHolofoil,0.12,0.35,19.56,0.36,,USD,2026/09/01,2026-09-01T13:02:34+00:00,3d2c8831361ecafe7cd2815caa1ed6ef4ff66fbcb917b7d4f0e06ecff2c9e4f2,MATCH,True,False,False,exact identity and finish
25279,060,Poliwag,normal,pokemon_tcg_api,0.11,normal,0.01,0.17,20.0,0.11,0.05,USD,2026/09/01,2026-09-01T13:02:34+00:00,3d2c8831361ecafe7cd2815caa1ed6ef4ff66fbcb917b7d4f0e06ecff2c9e4f2,MATCH,True,False,False,exact identity and finish
25280,060,Poliwag,reverse_holo,pokemon_tcg_api,0.28,reverseHolofoil,0.1,0.29,40.0,0.28,0.25,USD,2026/09/01,2026-09-01T13:02:34+00:00,3d2c8831361ecafe7cd2815caa1ed6ef4ff66fbcb917b7d4f0e06ecff2c9e4f2,MATCH,True,False,False,exact identity and finish
25281,061,Poliwhirl,normal,pokemon_tcg_api,0.25,normal,0.04,0.25,24.0,0.25,0.12,USD,2026/09/01,2026-09-01T13:02:34+00:00,3d2c8831361ecafe7cd2815caa1ed6ef4ff66fbcb917b7d4f0e06ecff2c9e4f2,MATCH,True,False,False,exact identity and finish
25282,061,Poliwhirl,reverse_holo,pokemon_tcg_api,3.85,reverseHolofoil,1.0,3.01,31.84,3.85,5.71,USD,2026/09/01,2026-09-01T13:02:34+00:00,3d2c8831361ecafe7cd2815caa1ed6ef4ff66fbcb917b7d4f0e06ecff2c9e4f2,MATCH,True,False,False,exact identity and finish
25283,062,Poliwrath,normal,pokemon_tcg_api,0.18,normal,0.01,0.2,19.38,0.18,0.08,USD,2026/09/01,2026-09-01T13:02:34+00:00,3d2c8831361ecafe7cd2815caa1ed6ef4ff66fbcb917b7d4f0e06ecff2c9e4f2,MATCH,True,False,False,exact identity and finish
25284,062,Poliwrath,reverse_holo,pokemon_tcg_api,0.29,reverseHolofoil,0.1,0.31,25.0,0.29,0.28,USD,2026/09/01,2026-09-01T13:02:34+00:00,3d2c8831361ecafe7cd2815caa1ed6ef4ff66fbcb917b7d4f0e06ecff2c9e4f2,MATCH,True,False,False,exact identity and finish
25285,063,Abra,normal,pokemon_tcg_api,0.17,normal,0.01,0.19,1.99,0.17,0.07,USD,2026/09/01,2026-09-01T13:02:34+00:00,3d2c8831361ecafe7cd2815caa1ed6ef4ff66fbcb917b7d4f0e06ecff2c9e4f2,MINOR_DIFFERENCE,True,False,False,price discrepancy is diagnostic only; API remains authority
25286,063,Abra,reverse_holo,pokemon_tcg_api,0.3,reverseHolofoil,0.01,0.3,41.0,0.3,0.25,USD,2026/09/01,2026-09-01T13:02:34+00:00,3d2c8831361ecafe7cd2815caa1ed6ef4ff66fbcb917b7d4f0e06ecff2c9e4f2,MATCH,True,False,False,exact identity and finish
25287,064,Kadabra,normal,pokemon_tcg_api,0.24,normal,0.03,0.21,19.98,0.24,0.1,USD,2026/09/01,2026-09-01T13:02:34+00:00,3d2c8831361ecafe7cd2815caa1ed6ef4ff66fbcb917b7d4f0e06ecff2c9e4f2,MINOR_DIFFERENCE,True,False,False,price discrepancy is diagnostic only; API remains authority
25288,064,Kadabra,reverse_holo,pokemon_tcg_api,0.27,reverseHolofoil,0.07,0.3,19.98,0.27,0.27,USD,2026/09/01,2026-09-01T13:02:34+00:00,3d2c8831361ecafe7cd2815caa1ed6ef4ff66fbcb917b7d4f0e06ecff2c9e4f2,MATCH,True,False,False,exact identity and finish
25289,065,Alakazam ex,holo,pokemon_tcg_api,2.39,holofoil,0.75,2.4,20.7,2.39,3.15,USD,2026/09/01,2026-09-01T13:02:34+00:00,3d2c8831361ecafe7cd2815caa1ed6ef4ff66fbcb917b7d4f0e06ecff2c9e4f2,MINOR_DIFFERENCE,True,False,False,price discrepancy is diagnostic only; API remains authority
25290,066,Machop,normal,pokemon_tcg_api,0.2,normal,0.01,0.2,19.98,0.2,0.08,USD,2026/09/01,2026-09-01T13:02:34+00:00,3d2c8831361ecafe7cd2815caa1ed6ef4ff66fbcb917b7d4f0e06ecff2c9e4f2,MATCH,True,False,False,exact identity and finish
25291,066,Machop,reverse_holo,pokemon_tcg_api,0.32,reverseHolofoil,0.07,0.31,15.24,0.32,0.25,USD,2026/09/01,2026-09-01T13:02:34+00:00,3d2c8831361ecafe7cd2815caa1ed6ef4ff66fbcb917b7d4f0e06ecff2c9e4f2,MATCH,True,False,False,exact identity and finish
25292,067,Machoke,normal,pokemon_tcg_api,0.21,normal,0.01,0.2,19.26,0.21,0.01,USD,2026/09/01,2026-09-01T13:02:34+00:00,3d2c8831361ecafe7cd2815caa1ed6ef4ff66fbcb917b7d4f0e06ecff2c9e4f2,MATCH,True,False,False,exact identity and finish
25293,067,Machoke,reverse_holo,pokemon_tcg_api,0.32,reverseHolofoil,0.05,0.3,19.98,0.32,0.25,USD,2026/09/01,2026-09-01T13:02:34+00:00,3d2c8831361ecafe7cd2815caa1ed6ef4ff66fbcb917b7d4f0e06ecff2c9e4f2,MINOR_DIFFERENCE,True,False,False,price discrepancy is diagnostic only; API remains authority
25294,068,Machamp,holo,pokemon_tcg_api,0.27,holofoil,0.07,0.31,60.0,0.27,0.27,USD,2026/09/01,2026-09-01T13:02:34+00:00,3d2c8831361ecafe7cd2815caa1ed6ef4ff66fbcb917b7d4f0e06ecff2c9e4f2,MINOR_DIFFERENCE,True,False,False,price discrepancy is diagnostic only; API remains authority
25295,068,Machamp,reverse_holo,pokemon_tcg_api,0.9,reverseHolofoil,0.55,0.97,50.0,0.9,,USD,2026/09/01,2026-09-01T13:02:34+00:00,3d2c8831361ecafe7cd2815caa1ed6ef4ff66fbcb917b7d4f0e06ecff2c9e4f2,MINOR_DIFFERENCE,True,False,False,price discrepancy is diagnostic only; API remains authority
25296,069,Bellsprout,normal,pokemon_tcg_api,0.15,normal,0.01,0.17,20.0,0.15,0.07,USD,2026/09/01,2026-09-01T13:02:34+00:00,3d2c8831361ecafe7cd2815caa1ed6ef4ff66fbcb917b7d4f0e06ecff2c9e4f2,MATCH,True,False,False,exact identity and finish
25297,069,Bellsprout,reverse_holo,pokemon_tcg_api,0.3,reverseHolofoil,0.05,0.29,15.24,0.3,0.25,USD,2026/09/01,2026-09-01T13:02:34+00:00,3d2c8831361ecafe7cd2815caa1ed6ef4ff66fbcb917b7d4f0e06ecff2c9e4f2,MATCH,True,False,False,exact identity and finish
25298,070,Weepinbell,normal,pokemon_tcg_api,0.17,normal,0.01,0.21,19.98,0.17,0.01,USD,2026/09/01,2026-09-01T13:02:34+00:00,3d2c8831361ecafe7cd2815caa1ed6ef4ff66fbcb917b7d4f0e06ecff2c9e4f2,MATCH,True,False,False,exact identity and finish
25299,070,Weepinbell,reverse_holo,pokemon_tcg_api,1.59,reverseHolofoil,1.24,1.77,124.14,1.59,1.57,USD,2026/09/01,2026-09-01T13:02:34+00:00,3d2c8831361ecafe7cd2815caa1ed6ef4ff66fbcb917b7d4f0e06ecff2c9e4f2,MATCH,True,False,False,exact identity and finish
25300,071,Victreebel,normal,pokemon_tcg_api,0.17,normal,0.03,0.19,19.98,0.17,0.08,USD,2026/09/01,2026-09-01T13:02:34+00:00,3d2c8831361ecafe7cd2815caa1ed6ef4ff66fbcb917b7d4f0e06ecff2c9e4f2,MATCH,True,False,False,exact identity and finish
25301,071,Victreebel,reverse_holo,pokemon_tcg_api,0.26,reverseHolofoil,0.1,0.25,19.98,0.26,0.19,USD,2026/09/01,2026-09-01T13:02:34+00:00,3d2c8831361ecafe7cd2815caa1ed6ef4ff66fbcb917b7d4f0e06ecff2c9e4f2,MATCH,True,False,False,exact identity and finish
25302,072,Tentacool,normal,pokemon_tcg_api,0.16,normal,0.01,0.18,24.0,0.16,0.01,USD,2026/09/01,2026-09-01T13:02:34+00:00,3d2c8831361ecafe7cd2815caa1ed6ef4ff66fbcb917b7d4f0e06ecff2c9e4f2,MATCH,True,False,False,exact identity and finish
25303,072,Tentacool,reverse_holo,pokemon_tcg_api,0.27,reverseHolofoil,0.05,0.25,15.2,0.27,0.24,USD,2026/09/01,2026-09-01T13:02:34+00:00,3d2c8831361ecafe7cd2815caa1ed6ef4ff66fbcb917b7d4f0e06ecff2c9e4f2,MATCH,True,False,False,exact identity and finish
25304,073,Tentacruel,normal,pokemon_tcg_api,0.22,normal,0.01,0.23,1.99,0.22,0.07,USD,2026/09/01,2026-09-01T13:02:34+00:00,3d2c8831361ecafe7cd2815caa1ed6ef4ff66fbcb917b7d4f0e06ecff2c9e4f2,MATCH,True,False,False,exact identity and finish
25305,073,Tentacruel,reverse_holo,pokemon_tcg_api,0.29,reverseHolofoil,0.08,0.3,40.0,0.29,0.2,USD,2026/09/01,2026-09-01T13:02:34+00:00,3d2c8831361ecafe7cd2815caa1ed6ef4ff66fbcb917b7d4f0e06ecff2c9e4f2,MATCH,True,False,False,exact identity and finish
25306,074,Geodude,normal,pokemon_tcg_api,0.14,normal,0.01,0.15,19.98,0.14,0.06,USD,2026/09/01,2026-09-01T13:02:34+00:00,3d2c8831361ecafe7cd2815caa1ed6ef4ff66fbcb917b7d4f0e06ecff2c9e4f2,MATCH,True,False,False,exact identity and finish
25307,074,Geodude,reverse_holo,pokemon_tcg_api,0.23,reverseHolofoil,0.07,0.26,40.0,0.23,0.15,USD,2026/09/01,2026-09-01T13:02:34+00:00,3d2c8831361ecafe7cd2815caa1ed6ef4ff66fbcb917b7d4f0e06ecff2c9e4f2,MATCH,True,False,False,exact identity and finish
25308,075,Graveler,normal,pokemon_tcg_api,0.16,normal,0.01,0.19,20.0,0.16,0.01,USD,2026/09/01,2026-09-01T13:02:34+00:00,3d2c8831361ecafe7cd2815caa1ed6ef4ff66fbcb917b7d4f0e06ecff2c9e4f2,MATCH,True,False,False,exact identity and finish
25309,075,Graveler,reverse_holo,pokemon_tcg_api,0.26,reverseHolofoil,0.06,0.27,15.22,0.26,0.25,USD,2026/09/01,2026-09-01T13:02:34+00:00,3d2c8831361ecafe7cd2815caa1ed6ef4ff66fbcb917b7d4f0e06ecff2c9e4f2,MATCH,True,False,False,exact identity and finish
25310,076,Golem ex,holo,pokemon_tcg_api,1.14,holofoil,0.5,1.25,18.48,1.14,1.25,USD,2026/09/01,2026-09-01T13:02:34+00:00,3d2c8831361ecafe7cd2815caa1ed6ef4ff66fbcb917b7d4f0e06ecff2c9e4f2,MINOR_DIFFERENCE,True,False,False,price discrepancy is diagnostic only; API remains authority
25311,077,Ponyta,normal,pokemon_tcg_api,0.14,normal,0.01,0.17,50.0,0.14,0.01,USD,2026/09/01,2026-09-01T13:02:34+00:00,3d2c8831361ecafe7cd2815caa1ed6ef4ff66fbcb917b7d4f0e06ecff2c9e4f2,MATCH,True,False,False,exact identity and finish
25312,077,Ponyta,reverse_holo,pokemon_tcg_api,0.26,reverseHolofoil,0.08,0.27,18.32,0.26,0.25,USD,2026/09/01,2026-09-01T13:02:34+00:00,3d2c8831361ecafe7cd2815caa1ed6ef4ff66fbcb917b7d4f0e06ecff2c9e4f2,MATCH,True,False,False,exact identity and finish
25313,078,Rapidash,normal,pokemon_tcg_api,0.18,normal,0.02,0.2,20.0,0.18,0.07,USD,2026/09/01,2026-09-01T13:02:34+00:00,3d2c8831361ecafe7cd2815caa1ed6ef4ff66fbcb917b7d4f0e06ecff2c9e4f2,MATCH,True,False,False,exact identity and finish
25314,078,Rapidash,reverse_holo,pokemon_tcg_api,0.23,reverseHolofoil,0.06,0.27,15.25,0.23,0.2,USD,2026/09/01,2026-09-01T13:02:34+00:00,3d2c8831361ecafe7cd2815caa1ed6ef4ff66fbcb917b7d4f0e06ecff2c9e4f2,MINOR_DIFFERENCE,True,False,False,price discrepancy is diagnostic only; API remains authority
25315,079,Slowpoke,normal,pokemon_tcg_api,0.23,normal,0.04,0.23,20.0,0.23,0.1,USD,2026/09/01,2026-09-01T13:02:34+00:00,3d2c8831361ecafe7cd2815caa1ed6ef4ff66fbcb917b7d4f0e06ecff2c9e4f2,MATCH,True,False,False,exact identity and finish
25316,079,Slowpoke,reverse_holo,pokemon_tcg_api,0.45,reverseHolofoil,0.1,0.42,19.12,0.45,0.46,USD,2026/09/01,2026-09-01T13:02:34+00:00,3d2c8831361ecafe7cd2815caa1ed6ef4ff66fbcb917b7d4f0e06ecff2c9e4f2,MATCH,True,False,False,exact identity and finish
25317,080,Slowbro,normal,pokemon_tcg_api,0.23,normal,0.03,0.24,19.98,0.23,0.08,USD,2026/09/01,2026-09-01T13:02:34+00:00,3d2c8831361ecafe7cd2815caa1ed6ef4ff66fbcb917b7d4f0e06ecff2c9e4f2,MINOR_DIFFERENCE,True,False,False,price discrepancy is diagnostic only; API remains authority
25318,080,Slowbro,reverse_holo,pokemon_tcg_api,0.34,reverseHolofoil,0.09,0.34,70.0,0.34,0.3,USD,2026/09/01,2026-09-01T13:02:34+00:00,3d2c8831361ecafe7cd2815caa1ed6ef4ff66fbcb917b7d4f0e06ecff2c9e4f2,MINOR_DIFFERENCE,True,False,False,price discrepancy is diagnostic only; API remains authority
25319,081,Magnemite,normal,pokemon_tcg_api,0.17,normal,0.02,0.2,19.28,0.17,0.08,USD,2026/09/01,2026-09-01T13:02:34+00:00,3d2c8831361ecafe7cd2815caa1ed6ef4ff66fbcb917b7d4f0e06ecff2c9e4f2,MATERIAL_DIFFERENCE,True,False,False,price discrepancy is diagnostic only; API remains authority
25320,081,Magnemite,reverse_holo,pokemon_tcg_api,0.36,reverseHolofoil,0.09,0.37,25.0,0.36,0.35,USD,2026/09/01,2026-09-01T13:02:34+00:00,3d2c8831361ecafe7cd2815caa1ed6ef4ff66fbcb917b7d4f0e06ecff2c9e4f2,MATCH,True,False,False,exact identity and finish
25321,082,Magneton,normal,pokemon_tcg_api,0.19,normal,0.04,0.22,19.3,0.19,0.08,USD,2026/09/01,2026-09-01T13:02:34+00:00,3d2c8831361ecafe7cd2815caa1ed6ef4ff66fbcb917b7d4f0e06ecff2c9e4f2,MATCH,True,False,False,exact identity and finish
25322,082,Magneton,reverse_holo,pokemon_tcg_api,0.33,reverseHolofoil,0.1,0.34,18.66,0.33,0.29,USD,2026/09/01,2026-09-01T13:02:34+00:00,3d2c8831361ecafe7cd2815caa1ed6ef4ff66fbcb917b7d4f0e06ecff2c9e4f2,MATCH,True,False,False,exact identity and finish
25323,083,Farfetch’d,normal,,0.15,,0.01,0.17,20.0,0.15,0.01,,,,,IDENTITY_CONFLICT,False,False,False,"Pokémon TCG API identity: name ""Farfetch'd"" != 'Farfetch’d'; TCGdex identity: name ""Farfetch'd"" != 'Farfetch’d'"
25324,083,Farfetch’d,reverse_holo,,0.26,,0.1,0.26,17.62,0.26,0.24,,,,,IDENTITY_CONFLICT,False,False,False,"Pokémon TCG API identity: name ""Farfetch'd"" != 'Farfetch’d'; TCGdex identity: name ""Farfetch'd"" != 'Farfetch’d'"
25325,084,Doduo,normal,pokemon_tcg_api,0.13,normal,0.01,0.16,1.99,0.13,0.01,USD,2026/09/01,2026-09-01T13:02:34+00:00,3d2c8831361ecafe7cd2815caa1ed6ef4ff66fbcb917b7d4f0e06ecff2c9e4f2,MINOR_DIFFERENCE,True,False,False,price discrepancy is diagnostic only; API remains authority
25326,084,Doduo,reverse_holo,pokemon_tcg_api,0.23,reverseHolofoil,0.05,0.28,15.23,0.23,0.24,USD,2026/09/01,2026-09-01T13:02:34+00:00,3d2c8831361ecafe7cd2815caa1ed6ef4ff66fbcb917b7d4f0e06ecff2c9e4f2,MATCH,True,False,False,exact identity and finish
25327,085,Dodrio,holo,pokemon_tcg_api,0.32,holofoil,0.05,0.29,40.0,0.32,0.19,USD,2026/09/01,2026-09-01T13:02:34+00:00,3d2c8831361ecafe7cd2815caa1ed6ef4ff66fbcb917b7d4f0e06ecff2c9e4f2,MINOR_DIFFERENCE,True,False,False,price discrepancy is diagnostic only; API remains authority
25328,085,Dodrio,reverse_holo,pokemon_tcg_api,1.07,reverseHolofoil,0.4,1.21,21.5,1.07,1.57,USD,2026/09/01,2026-09-01T13:02:34+00:00,3d2c8831361ecafe7cd2815caa1ed6ef4ff66fbcb917b7d4f0e06ecff2c9e4f2,MATCH,True,False,False,exact identity and finish
25329,086,Seel,normal,pokemon_tcg_api,0.18,normal,0.01,0.18,35.0,0.18,0.05,USD,2026/09/01,2026-09-01T13:02:34+00:00,3d2c8831361ecafe7cd2815caa1ed6ef4ff66fbcb917b7d4f0e06ecff2c9e4f2,MATCH,True,False,False,exact identity and finish
25330,086,Seel,reverse_holo,pokemon_tcg_api,0.21,reverseHolofoil,0.05,0.25,15.26,0.21,0.23,USD,2026/09/01,2026-09-01T13:02:34+00:00,3d2c8831361ecafe7cd2815caa1ed6ef4ff66fbcb917b7d4f0e06ecff2c9e4f2,MATCH,True,False,False,exact identity and finish
25331,087,Dewgong,normal,pokemon_tcg_api,0.13,normal,0.01,0.18,1.99,0.13,0.01,USD,2026/09/01,2026-09-01T13:02:34+00:00,3d2c8831361ecafe7cd2815caa1ed6ef4ff66fbcb917b7d4f0e06ecff2c9e4f2,MATCH,True,False,False,exact identity and finish
25332,087,Dewgong,reverse_holo,pokemon_tcg_api,0.25,reverseHolofoil,0.02,0.26,200.0,0.25,0.2,USD,2026/09/01,2026-09-01T13:02:34+00:00,3d2c8831361ecafe7cd2815caa1ed6ef4ff66fbcb917b7d4f0e06ecff2c9e4f2,MATCH,True,False,False,exact identity and finish
25333,088,Grimer,normal,pokemon_tcg_api,0.17,normal,0.01,0.18,20.0,0.17,0.05,USD,2026/09/01,2026-09-01T13:02:34+00:00,3d2c8831361ecafe7cd2815caa1ed6ef4ff66fbcb917b7d4f0e06ecff2c9e4f2,MATCH,True,False,False,exact identity and finish
25334,088,Grimer,reverse_holo,pokemon_tcg_api,0.23,reverseHolofoil,0.1,0.25,15.26,0.23,0.2,USD,2026/09/01,2026-09-01T13:02:34+00:00,3d2c8831361ecafe7cd2815caa1ed6ef4ff66fbcb917b7d4f0e06ecff2c9e4f2,MATCH,True,False,False,exact identity and finish
25335,089,Muk,normal,pokemon_tcg_api,0.18,normal,0.01,0.19,20.0,0.18,0.01,USD,2026/09/01,2026-09-01T13:02:34+00:00,3d2c8831361ecafe7cd2815caa1ed6ef4ff66fbcb917b7d4f0e06ecff2c9e4f2,MATCH,True,False,False,exact identity and finish
25336,089,Muk,reverse_holo,pokemon_tcg_api,0.28,reverseHolofoil,0.05,0.29,50.0,0.28,0.25,USD,2026/09/01,2026-09-01T13:02:34+00:00,3d2c8831361ecafe7cd2815caa1ed6ef4ff66fbcb917b7d4f0e06ecff2c9e4f2,MATCH,True,False,False,exact identity and finish
25337,090,Shellder,normal,pokemon_tcg_api,0.15,normal,0.01,0.17,18.5,0.15,0.01,USD,2026/09/01,2026-09-01T13:02:34+00:00,3d2c8831361ecafe7cd2815caa1ed6ef4ff66fbcb917b7d4f0e06ecff2c9e4f2,MATCH,True,False,False,exact identity and finish
25338,090,Shellder,reverse_holo,pokemon_tcg_api,0.26,reverseHolofoil,0.05,0.26,5.0,0.26,0.18,USD,2026/09/01,2026-09-01T13:02:34+00:00,3d2c8831361ecafe7cd2815caa1ed6ef4ff66fbcb917b7d4f0e06ecff2c9e4f2,MATCH,True,False,False,exact identity and finish
25339,091,Cloyster,normal,pokemon_tcg_api,0.18,normal,0.01,0.2,990.0,0.18,0.01,USD,2026/09/01,2026-09-01T13:02:34+00:00,3d2c8831361ecafe7cd2815caa1ed6ef4ff66fbcb917b7d4f0e06ecff2c9e4f2,MATCH,True,False,False,exact identity and finish
25340,091,Cloyster,reverse_holo,pokemon_tcg_api,0.38,reverseHolofoil,0.06,0.34,990.0,0.38,0.24,USD,2026/09/01,2026-09-01T13:02:34+00:00,3d2c8831361ecafe7cd2815caa1ed6ef4ff66fbcb917b7d4f0e06ecff2c9e4f2,MATCH,True,False,False,exact identity and finish
25341,092,Gastly,normal,pokemon_tcg_api,0.2,normal,0.01,0.21,19.84,0.2,0.01,USD,2026/09/01,2026-09-01T13:02:34+00:00,3d2c8831361ecafe7cd2815caa1ed6ef4ff66fbcb917b7d4f0e06ecff2c9e4f2,MINOR_DIFFERENCE,True,False,False,price discrepancy is diagnostic only; API remains authority
25342,092,Gastly,reverse_holo,pokemon_tcg_api,0.38,reverseHolofoil,0.1,0.4,20.0,0.38,0.38,USD,2026/09/01,2026-09-01T13:02:34+00:00,3d2c8831361ecafe7cd2815caa1ed6ef4ff66fbcb917b7d4f0e06ecff2c9e4f2,MATCH,True,False,False,exact identity and finish
25343,093,Haunter,normal,pokemon_tcg_api,0.21,normal,0.05,0.24,19.98,0.21,0.1,USD,2026/09/01,2026-09-01T13:02:34+00:00,3d2c8831361ecafe7cd2815caa1ed6ef4ff66fbcb917b7d4f0e06ecff2c9e4f2,MATCH,True,False,False,exact identity and finish
25344,093,Haunter,reverse_holo,pokemon_tcg_api,0.53,reverseHolofoil,0.1,0.56,60.0,0.53,,USD,2026/09/01,2026-09-01T13:02:34+00:00,3d2c8831361ecafe7cd2815caa1ed6ef4ff66fbcb917b7d4f0e06ecff2c9e4f2,MATCH,True,False,False,exact identity and finish
25345,094,Gengar,holo,pokemon_tcg_api,2.83,holofoil,1.25,3.13,100.0,2.83,4.77,USD,2026/09/01,2026-09-01T13:02:34+00:00,3d2c8831361ecafe7cd2815caa1ed6ef4ff66fbcb917b7d4f0e06ecff2c9e4f2,MINOR_DIFFERENCE,True,False,False,price discrepancy is diagnostic only; API remains authority
25346,094,Gengar,reverse_holo,pokemon_tcg_api,8.44,reverseHolofoil,6.0,8.95,96.95,8.44,17.96,USD,2026/09/01,2026-09-01T13:02:34+00:00,3d2c8831361ecafe7cd2815caa1ed6ef4ff66fbcb917b7d4f0e06ecff2c9e4f2,MINOR_DIFFERENCE,True,False,False,price discrepancy is diagnostic only; API remains authority
25347,095,Onix,normal,pokemon_tcg_api,0.19,normal,0.01,0.2,20.0,0.19,0.01,USD,2026/09/01,2026-09-01T13:02:34+00:00,3d2c8831361ecafe7cd2815caa1ed6ef4ff66fbcb917b7d4f0e06ecff2c9e4f2,MATCH,True,False,False,exact identity and finish
25348,095,Onix,reverse_holo,pokemon_tcg_api,1.46,reverseHolofoil,0.74,1.53,40.0,1.46,1.99,USD,2026/09/01,2026-09-01T13:02:34+00:00,3d2c8831361ecafe7cd2815caa1ed6ef4ff66fbcb917b7d4f0e06ecff2c9e4f2,MATCH,True,False,False,exact identity and finish
25349,096,Drowzee,normal,pokemon_tcg_api,0.1,normal,0.01,0.15,19.98,0.1,0.01,USD,2026/09/01,2026-09-01T13:02:34+00:00,3d2c8831361ecafe7cd2815caa1ed6ef4ff66fbcb917b7d4f0e06ecff2c9e4f2,MATCH,True,False,False,exact identity and finish
25350,096,Drowzee,reverse_holo,pokemon_tcg_api,0.25,reverseHolofoil,0.08,0.27,5.0,0.25,0.25,USD,2026/09/01,2026-09-01T13:02:34+00:00,3d2c8831361ecafe7cd2815caa1ed6ef4ff66fbcb917b7d4f0e06ecff2c9e4f2,MATCH,True,False,False,exact identity and finish
25351,097,Hypno,normal,pokemon_tcg_api,0.12,normal,0.01,0.18,18.82,0.12,0.01,USD,2026/09/01,2026-09-01T13:02:34+00:00,3d2c8831361ecafe7cd2815caa1ed6ef4ff66fbcb917b7d4f0e06ecff2c9e4f2,MATCH,True,False,False,exact identity and finish
25352,097,Hypno,reverse_holo,pokemon_tcg_api,1.52,reverseHolofoil,0.87,1.71,50.0,1.52,2.02,USD,2026/09/01,2026-09-01T13:02:34+00:00,3d2c8831361ecafe7cd2815caa1ed6ef4ff66fbcb917b7d4f0e06ecff2c9e4f2,MINOR_DIFFERENCE,True,False,False,price discrepancy is diagnostic only; API remains authority
25353,098,Krabby,normal,pokemon_tcg_api,0.16,normal,0.01,0.19,1.98,0.16,0.01,USD,2026/09/01,2026-09-01T13:02:34+00:00,3d2c8831361ecafe7cd2815caa1ed6ef4ff66fbcb917b7d4f0e06ecff2c9e4f2,MATCH,True,False,False,exact identity and finish
25354,098,Krabby,reverse_holo,pokemon_tcg_api,0.24,reverseHolofoil,0.1,0.26,15.24,0.24,,USD,2026/09/01,2026-09-01T13:02:34+00:00,3d2c8831361ecafe7cd2815caa1ed6ef4ff66fbcb917b7d4f0e06ecff2c9e4f2,MATCH,True,False,False,exact identity and finish
25355,099,Kingler,normal,pokemon_tcg_api,0.18,normal,0.01,0.2,2.11,0.18,0.01,USD,2026/09/01,2026-09-01T13:02:34+00:00,3d2c8831361ecafe7cd2815caa1ed6ef4ff66fbcb917b7d4f0e06ecff2c9e4f2,MATCH,True,False,False,exact identity and finish
25356,099,Kingler,reverse_holo,pokemon_tcg_api,1.25,reverseHolofoil,0.7,1.35,5.99,1.25,4.69,USD,2026/09/01,2026-09-01T13:02:34+00:00,3d2c8831361ecafe7cd2815caa1ed6ef4ff66fbcb917b7d4f0e06ecff2c9e4f2,MATCH,True,False,False,exact identity and finish
25357,100,Voltorb,normal,pokemon_tcg_api,0.13,normal,0.01,0.16,19.74,0.13,0.01,USD,2026/09/01,2026-09-01T13:02:34+00:00,3d2c8831361ecafe7cd2815caa1ed6ef4ff66fbcb917b7d4f0e06ecff2c9e4f2,MATCH,True,False,False,exact identity and finish
25358,100,Voltorb,reverse_holo,pokemon_tcg_api,0.25,reverseHolofoil,0.08,0.26,20.0,0.25,0.2,USD,2026/09/01,2026-09-01T13:02:34+00:00,3d2c8831361ecafe7cd2815caa1ed6ef4ff66fbcb917b7d4f0e06ecff2c9e4f2,MATCH,True,False,False,exact identity and finish
25359,101,Electrode,holo,pokemon_tcg_api,0.22,holofoil,0.02,0.25,16.3,0.22,0.12,USD,2026/09/01,2026-09-01T13:02:34+00:00,3d2c8831361ecafe7cd2815caa1ed6ef4ff66fbcb917b7d4f0e06ecff2c9e4f2,MATCH,True,False,False,exact identity and finish
25360,101,Electrode,reverse_holo,pokemon_tcg_api,1.65,reverseHolofoil,0.9,1.85,50.0,1.65,1.78,USD,2026/09/01,2026-09-01T13:02:34+00:00,3d2c8831361ecafe7cd2815caa1ed6ef4ff66fbcb917b7d4f0e06ecff2c9e4f2,MINOR_DIFFERENCE,True,False,False,price discrepancy is diagnostic only; API remains authority
25361,102,Exeggcute,normal,pokemon_tcg_api,0.14,normal,0.01,0.16,2.05,0.14,0.01,USD,2026/09/01,2026-09-01T13:02:34+00:00,3d2c8831361ecafe7cd2815caa1ed6ef4ff66fbcb917b7d4f0e06ecff2c9e4f2,MATCH,True,False,False,exact identity and finish
25362,102,Exeggcute,reverse_holo,pokemon_tcg_api,0.24,reverseHolofoil,0.1,0.26,15.23,0.24,0.22,USD,2026/09/01,2026-09-01T13:02:34+00:00,3d2c8831361ecafe7cd2815caa1ed6ef4ff66fbcb917b7d4f0e06ecff2c9e4f2,MATCH,True,False,False,exact identity and finish
25363,103,Exeggutor,normal,pokemon_tcg_api,0.18,normal,0.01,0.2,19.06,0.18,0.01,USD,2026/09/01,2026-09-01T13:02:34+00:00,3d2c8831361ecafe7cd2815caa1ed6ef4ff66fbcb917b7d4f0e06ecff2c9e4f2,MATCH,True,False,False,exact identity and finish
25364,103,Exeggutor,reverse_holo,pokemon_tcg_api,1.31,reverseHolofoil,0.5,1.44,6.21,1.31,1.63,USD,2026/09/01,2026-09-01T13:02:34+00:00,3d2c8831361ecafe7cd2815caa1ed6ef4ff66fbcb917b7d4f0e06ecff2c9e4f2,MATCH,True,False,False,exact identity and finish
25365,104,Cubone,normal,pokemon_tcg_api,0.19,normal,0.03,0.21,20.0,0.19,0.08,USD,2026/09/01,2026-09-01T13:02:34+00:00,3d2c8831361ecafe7cd2815caa1ed6ef4ff66fbcb917b7d4f0e06ecff2c9e4f2,MATCH,True,False,False,exact identity and finish
25366,104,Cubone,reverse_holo,pokemon_tcg_api,0.32,reverseHolofoil,0.1,0.32,20.0,0.32,0.16,USD,2026/09/01,2026-09-01T13:02:34+00:00,3d2c8831361ecafe7cd2815caa1ed6ef4ff66fbcb917b7d4f0e06ecff2c9e4f2,MATCH,True,False,False,exact identity and finish
25367,105,Marowak,holo,pokemon_tcg_api,0.28,holofoil,0.01,0.28,19.06,0.28,0.19,USD,2026/09/01,2026-09-01T13:02:34+00:00,3d2c8831361ecafe7cd2815caa1ed6ef4ff66fbcb917b7d4f0e06ecff2c9e4f2,MATCH,True,False,False,exact identity and finish
25368,105,Marowak,reverse_holo,pokemon_tcg_api,0.86,reverseHolofoil,0.5,0.92,50.0,0.86,,USD,2026/09/01,2026-09-01T13:02:34+00:00,3d2c8831361ecafe7cd2815caa1ed6ef4ff66fbcb917b7d4f0e06ecff2c9e4f2,MATCH,True,False,False,exact identity and finish
25369,106,Hitmonlee,normal,pokemon_tcg_api,0.17,normal,0.01,0.2,19.98,0.17,0.01,USD,2026/09/01,2026-09-01T13:02:34+00:00,3d2c8831361ecafe7cd2815caa1ed6ef4ff66fbcb917b7d4f0e06ecff2c9e4f2,MATCH,True,False,False,exact identity and finish
25370,106,Hitmonlee,reverse_holo,pokemon_tcg_api,2.52,reverseHolofoil,0.63,2.35,19.3,2.52,3.47,USD,2026/09/01,2026-09-01T13:02:34+00:00,3d2c8831361ecafe7cd2815caa1ed6ef4ff66fbcb917b7d4f0e06ecff2c9e4f2,MATERIAL_DIFFERENCE,True,False,False,price discrepancy is diagnostic only; API remains authority
25371,107,Hitmonchan,normal,pokemon_tcg_api,0.23,normal,0.01,0.23,19.98,0.23,0.1,USD,2026/09/01,2026-09-01T13:02:34+00:00,3d2c8831361ecafe7cd2815caa1ed6ef4ff66fbcb917b7d4f0e06ecff2c9e4f2,MATCH,True,False,False,exact identity and finish
25372,107,Hitmonchan,reverse_holo,pokemon_tcg_api,1.44,reverseHolofoil,0.48,1.5,50.0,1.44,1.95,USD,2026/09/01,2026-09-01T13:02:34+00:00,3d2c8831361ecafe7cd2815caa1ed6ef4ff66fbcb917b7d4f0e06ecff2c9e4f2,MATCH,True,False,False,exact identity and finish
25373,108,Lickitung,normal,pokemon_tcg_api,0.16,normal,0.01,0.18,19.98,0.16,0.01,USD,2026/09/01,2026-09-01T13:02:34+00:00,3d2c8831361ecafe7cd2815caa1ed6ef4ff66fbcb917b7d4f0e06ecff2c9e4f2,MATCH,True,False,False,exact identity and finish
25374,108,Lickitung,reverse_holo,pokemon_tcg_api,0.27,reverseHolofoil,0.09,0.29,40.0,0.27,0.25,USD,2026/09/01,2026-09-01T13:02:34+00:00,3d2c8831361ecafe7cd2815caa1ed6ef4ff66fbcb917b7d4f0e06ecff2c9e4f2,MATCH,True,False,False,exact identity and finish
25375,109,Koffing,normal,pokemon_tcg_api,0.16,normal,0.01,0.19,19.98,0.16,0.01,USD,2026/09/01,2026-09-01T13:02:34+00:00,3d2c8831361ecafe7cd2815caa1ed6ef4ff66fbcb917b7d4f0e06ecff2c9e4f2,MATCH,True,False,False,exact identity and finish
25376,109,Koffing,reverse_holo,pokemon_tcg_api,0.28,reverseHolofoil,0.1,0.28,19.98,0.28,0.25,USD,2026/09/01,2026-09-01T13:02:34+00:00,3d2c8831361ecafe7cd2815caa1ed6ef4ff66fbcb917b7d4f0e06ecff2c9e4f2,MATCH,True,False,False,exact identity and finish
25377,110,Weezing,holo,pokemon_tcg_api,0.26,holofoil,0.06,0.26,38.0,0.26,0.19,USD,2026/09/01,2026-09-01T13:02:34+00:00,3d2c8831361ecafe7cd2815caa1ed6ef4ff66fbcb917b7d4f0e06ecff2c9e4f2,MATCH,True,False,False,exact identity and finish
25378,110,Weezing,reverse_holo,pokemon_tcg_api,1.01,reverseHolofoil,0.52,1.14,40.0,1.01,,USD,2026/09/01,2026-09-01T13:02:34+00:00,3d2c8831361ecafe7cd2815caa1ed6ef4ff66fbcb917b7d4f0e06ecff2c9e4f2,MATCH,True,False,False,exact identity and finish
25379,111,Rhyhorn,normal,pokemon_tcg_api,0.14,normal,0.01,0.16,2.07,0.14,0.01,USD,2026/09/01,2026-09-01T13:02:34+00:00,3d2c8831361ecafe7cd2815caa1ed6ef4ff66fbcb917b7d4f0e06ecff2c9e4f2,MATCH,True,False,False,exact identity and finish
25380,111,Rhyhorn,reverse_holo,pokemon_tcg_api,0.29,reverseHolofoil,0.1,0.28,15.25,0.29,0.25,USD,2026/09/01,2026-09-01T13:02:34+00:00,3d2c8831361ecafe7cd2815caa1ed6ef4ff66fbcb917b7d4f0e06ecff2c9e4f2,MATCH,True,False,False,exact identity and finish
25381,112,Rhydon,normal,pokemon_tcg_api,0.2,normal,0.01,0.2,2.09,0.2,0.01,USD,2026/09/01,2026-09-01T13:02:34+00:00,3d2c8831361ecafe7cd2815caa1ed6ef4ff66fbcb917b7d4f0e06ecff2c9e4f2,MINOR_DIFFERENCE,True,False,False,price discrepancy is diagnostic only; API remains authority
25382,112,Rhydon,reverse_holo,pokemon_tcg_api,0.28,reverseHolofoil,0.1,0.27,40.0,0.28,0.23,USD,2026/09/01,2026-09-01T13:02:34+00:00,3d2c8831361ecafe7cd2815caa1ed6ef4ff66fbcb917b7d4f0e06ecff2c9e4f2,MATCH,True,False,False,exact identity and finish
25383,113,Chansey,holo,pokemon_tcg_api,0.34,holofoil,0.07,0.35,990.0,0.34,0.33,USD,2026/09/01,2026-09-01T13:02:34+00:00,3d2c8831361ecafe7cd2815caa1ed6ef4ff66fbcb917b7d4f0e06ecff2c9e4f2,MINOR_DIFFERENCE,True,False,False,price discrepancy is diagnostic only; API remains authority
25384,113,Chansey,reverse_holo,pokemon_tcg_api,1.51,reverseHolofoil,0.35,1.55,17.56,1.51,1.97,USD,2026/09/01,2026-09-01T13:02:34+00:00,3d2c8831361ecafe7cd2815caa1ed6ef4ff66fbcb917b7d4f0e06ecff2c9e4f2,MATCH,True,False,False,exact identity and finish
25385,114,Tangela,normal,pokemon_tcg_api,0.17,normal,0.01,0.18,2.23,0.17,0.05,USD,2026/09/01,2026-09-01T13:02:34+00:00,3d2c8831361ecafe7cd2815caa1ed6ef4ff66fbcb917b7d4f0e06ecff2c9e4f2,MATCH,True,False,False,exact identity and finish
25386,114,Tangela,reverse_holo,pokemon_tcg_api,0.27,reverseHolofoil,0.05,0.27,19.98,0.27,0.25,USD,2026/09/01,2026-09-01T13:02:34+00:00,3d2c8831361ecafe7cd2815caa1ed6ef4ff66fbcb917b7d4f0e06ecff2c9e4f2,MATCH,True,False,False,exact identity and finish
25387,115,Kangaskhan ex,holo,pokemon_tcg_api,1.27,holofoil,0.52,1.24,50.0,1.27,1.96,USD,2026/09/01,2026-09-01T13:02:34+00:00,3d2c8831361ecafe7cd2815caa1ed6ef4ff66fbcb917b7d4f0e06ecff2c9e4f2,MINOR_DIFFERENCE,True,False,False,price discrepancy is diagnostic only; API remains authority
25388,116,Horsea,normal,pokemon_tcg_api,0.09,normal,0.01,0.16,25.0,0.09,0.01,USD,2026/09/01,2026-09-01T13:02:34+00:00,3d2c8831361ecafe7cd2815caa1ed6ef4ff66fbcb917b7d4f0e06ecff2c9e4f2,MATCH,True,False,False,exact identity and finish
25389,116,Horsea,reverse_holo,pokemon_tcg_api,0.23,reverseHolofoil,0.1,0.25,5.0,0.23,,USD,2026/09/01,2026-09-01T13:02:34+00:00,3d2c8831361ecafe7cd2815caa1ed6ef4ff66fbcb917b7d4f0e06ecff2c9e4f2,MATCH,True,False,False,exact identity and finish
25390,117,Seadra,normal,pokemon_tcg_api,0.18,normal,0.01,0.18,19.98,0.18,0.07,USD,2026/09/01,2026-09-01T13:02:34+00:00,3d2c8831361ecafe7cd2815caa1ed6ef4ff66fbcb917b7d4f0e06ecff2c9e4f2,MATCH,True,False,False,exact identity and finish
25391,117,Seadra,reverse_holo,pokemon_tcg_api,0.26,reverseHolofoil,0.08,0.26,15.21,0.26,0.25,USD,2026/09/01,2026-09-01T13:02:34+00:00,3d2c8831361ecafe7cd2815caa1ed6ef4ff66fbcb917b7d4f0e06ecff2c9e4f2,MATCH,True,False,False,exact identity and finish
25392,118,Goldeen,normal,pokemon_tcg_api,0.15,normal,0.01,0.15,19.98,0.15,0.01,USD,2026/09/01,2026-09-01T13:02:34+00:00,3d2c8831361ecafe7cd2815caa1ed6ef4ff66fbcb917b7d4f0e06ecff2c9e4f2,MATCH,True,False,False,exact identity and finish
25393,118,Goldeen,reverse_holo,pokemon_tcg_api,0.25,reverseHolofoil,0.05,0.25,4.25,0.25,,USD,2026/09/01,2026-09-01T13:02:34+00:00,3d2c8831361ecafe7cd2815caa1ed6ef4ff66fbcb917b7d4f0e06ecff2c9e4f2,MATCH,True,False,False,exact identity and finish
25394,119,Seaking,normal,pokemon_tcg_api,0.15,normal,0.01,0.18,1.69,0.15,0.01,USD,2026/09/01,2026-09-01T13:02:34+00:00,3d2c8831361ecafe7cd2815caa1ed6ef4ff66fbcb917b7d4f0e06ecff2c9e4f2,MATCH,True,False,False,exact identity and finish
25395,119,Seaking,reverse_holo,pokemon_tcg_api,1.55,reverseHolofoil,0.55,1.56,16.34,1.55,1.2,USD,2026/09/01,2026-09-01T13:02:34+00:00,3d2c8831361ecafe7cd2815caa1ed6ef4ff66fbcb917b7d4f0e06ecff2c9e4f2,MATCH,True,False,False,exact identity and finish
25396,120,Staryu,normal,pokemon_tcg_api,0.16,normal,0.01,0.19,19.98,0.16,0.07,USD,2026/09/01,2026-09-01T13:02:34+00:00,3d2c8831361ecafe7cd2815caa1ed6ef4ff66fbcb917b7d4f0e06ecff2c9e4f2,MATCH,True,False,False,exact identity and finish
25397,120,Staryu,reverse_holo,pokemon_tcg_api,0.29,reverseHolofoil,0.05,0.3,3.69,0.29,0.28,USD,2026/09/01,2026-09-01T13:02:34+00:00,3d2c8831361ecafe7cd2815caa1ed6ef4ff66fbcb917b7d4f0e06ecff2c9e4f2,MATCH,True,False,False,exact identity and finish
25398,121,Starmie,holo,pokemon_tcg_api,0.25,holofoil,0.08,0.27,19.04,0.25,0.19,USD,2026/09/01,2026-09-01T13:02:34+00:00,3d2c8831361ecafe7cd2815caa1ed6ef4ff66fbcb917b7d4f0e06ecff2c9e4f2,MATCH,True,False,False,exact identity and finish
25399,121,Starmie,reverse_holo,pokemon_tcg_api,0.71,reverseHolofoil,0.45,0.81,50.0,0.71,0.69,USD,2026/09/01,2026-09-01T13:02:34+00:00,3d2c8831361ecafe7cd2815caa1ed6ef4ff66fbcb917b7d4f0e06ecff2c9e4f2,MATCH,True,False,False,exact identity and finish
25400,122,Mr. Mime,holo,pokemon_tcg_api,0.31,holofoil,0.02,0.3,19.62,0.31,0.14,USD,2026/09/01,2026-09-01T13:02:34+00:00,3d2c8831361ecafe7cd2815caa1ed6ef4ff66fbcb917b7d4f0e06ecff2c9e4f2,MATCH,True,False,False,exact identity and finish
25401,122,Mr. Mime,reverse_holo,pokemon_tcg_api,0.65,reverseHolofoil,0.18,0.75,50.0,0.65,0.71,USD,2026/09/01,2026-09-01T13:02:34+00:00,3d2c8831361ecafe7cd2815caa1ed6ef4ff66fbcb917b7d4f0e06ecff2c9e4f2,MINOR_DIFFERENCE,True,False,False,price discrepancy is diagnostic only; API remains authority
25402,123,Scyther,normal,pokemon_tcg_api,0.25,normal,0.01,0.25,19.98,0.25,0.08,USD,2026/09/01,2026-09-01T13:02:34+00:00,3d2c8831361ecafe7cd2815caa1ed6ef4ff66fbcb917b7d4f0e06ecff2c9e4f2,MATCH,True,False,False,exact identity and finish
25403,123,Scyther,reverse_holo,pokemon_tcg_api,2.15,reverseHolofoil,1.0,2.21,100.0,2.15,2.97,USD,2026/09/01,2026-09-01T13:02:34+00:00,3d2c8831361ecafe7cd2815caa1ed6ef4ff66fbcb917b7d4f0e06ecff2c9e4f2,MATCH,True,False,False,exact identity and finish
25404,124,Jynx ex,holo,pokemon_tcg_api,1.49,holofoil,0.5,1.48,19.99,1.49,2.5,USD,2026/09/01,2026-09-01T13:02:34+00:00,3d2c8831361ecafe7cd2815caa1ed6ef4ff66fbcb917b7d4f0e06ecff2c9e4f2,MATCH,True,False,False,exact identity and finish
25405,125,Electabuzz,normal,pokemon_tcg_api,0.17,normal,0.01,0.18,18.88,0.17,0.01,USD,2026/09/01,2026-09-01T13:02:34+00:00,3d2c8831361ecafe7cd2815caa1ed6ef4ff66fbcb917b7d4f0e06ecff2c9e4f2,MATCH,True,False,False,exact identity and finish
25406,125,Electabuzz,reverse_holo,pokemon_tcg_api,0.61,reverseHolofoil,0.45,0.72,17.32,0.61,1.0,USD,2026/09/01,2026-09-01T13:02:34+00:00,3d2c8831361ecafe7cd2815caa1ed6ef4ff66fbcb917b7d4f0e06ecff2c9e4f2,MATCH,True,False,False,exact identity and finish
25407,126,Magmar,normal,pokemon_tcg_api,0.13,normal,0.01,0.15,20.0,0.13,0.01,USD,2026/09/01,2026-09-01T13:02:34+00:00,3d2c8831361ecafe7cd2815caa1ed6ef4ff66fbcb917b7d4f0e06ecff2c9e4f2,MATCH,True,False,False,exact identity and finish
25408,126,Magmar,reverse_holo,pokemon_tcg_api,1.25,reverseHolofoil,0.75,1.44,50.0,1.25,1.72,USD,2026/09/01,2026-09-01T13:02:34+00:00,3d2c8831361ecafe7cd2815caa1ed6ef4ff66fbcb917b7d4f0e06ecff2c9e4f2,MATCH,True,False,False,exact identity and finish
25409,127,Pinsir,normal,pokemon_tcg_api,0.2,normal,0.01,0.2,19.22,0.2,0.08,USD,2026/09/01,2026-09-01T13:02:34+00:00,3d2c8831361ecafe7cd2815caa1ed6ef4ff66fbcb917b7d4f0e06ecff2c9e4f2,MATCH,True,False,False,exact identity and finish
25410,127,Pinsir,reverse_holo,pokemon_tcg_api,1.36,reverseHolofoil,0.44,1.44,17.24,1.36,1.76,USD,2026/09/01,2026-09-01T13:02:34+00:00,3d2c8831361ecafe7cd2815caa1ed6ef4ff66fbcb917b7d4f0e06ecff2c9e4f2,MATCH,True,False,False,exact identity and finish
25411,128,Tauros,normal,pokemon_tcg_api,0.17,normal,0.01,0.2,19.98,0.17,0.08,USD,2026/09/01,2026-09-01T13:02:34+00:00,3d2c8831361ecafe7cd2815caa1ed6ef4ff66fbcb917b7d4f0e06ecff2c9e4f2,MINOR_DIFFERENCE,True,False,False,price discrepancy is diagnostic only; API remains authority
25412,128,Tauros,reverse_holo,pokemon_tcg_api,1.24,reverseHolofoil,0.56,1.26,50.0,1.24,1.39,USD,2026/09/01,2026-09-01T13:02:34+00:00,3d2c8831361ecafe7cd2815caa1ed6ef4ff66fbcb917b7d4f0e06ecff2c9e4f2,MATCH,True,False,False,exact identity and finish
25413,129,Magikarp,normal,pokemon_tcg_api,0.22,normal,0.01,0.21,19.98,0.22,0.08,USD,2026/09/01,2026-09-01T13:02:34+00:00,3d2c8831361ecafe7cd2815caa1ed6ef4ff66fbcb917b7d4f0e06ecff2c9e4f2,MATCH,True,False,False,exact identity and finish
25414,129,Magikarp,reverse_holo,pokemon_tcg_api,0.33,reverseHolofoil,0.13,0.34,18.32,0.33,0.35,USD,2026/09/01,2026-09-01T13:02:34+00:00,3d2c8831361ecafe7cd2815caa1ed6ef4ff66fbcb917b7d4f0e06ecff2c9e4f2,MINOR_DIFFERENCE,True,False,False,price discrepancy is diagnostic only; API remains authority
25415,130,Gyarados,holo,pokemon_tcg_api,0.29,holofoil,0.07,0.34,200.0,0.29,0.34,USD,2026/09/01,2026-09-01T13:02:34+00:00,3d2c8831361ecafe7cd2815caa1ed6ef4ff66fbcb917b7d4f0e06ecff2c9e4f2,MATCH,True,False,False,exact identity and finish
25416,130,Gyarados,reverse_holo,pokemon_tcg_api,1.43,reverseHolofoil,0.85,1.62,50.0,1.43,1.76,USD,2026/09/01,2026-09-01T13:02:34+00:00,3d2c8831361ecafe7cd2815caa1ed6ef4ff66fbcb917b7d4f0e06ecff2c9e4f2,MATCH,True,False,False,exact identity and finish
25417,131,Lapras,normal,pokemon_tcg_api,0.25,normal,0.03,0.25,20.0,0.25,0.08,USD,2026/09/01,2026-09-01T13:02:34+00:00,3d2c8831361ecafe7cd2815caa1ed6ef4ff66fbcb917b7d4f0e06ecff2c9e4f2,MATCH,True,False,False,exact identity and finish
25418,131,Lapras,reverse_holo,pokemon_tcg_api,1.91,reverseHolofoil,1.2,2.01,17.32,1.91,2.72,USD,2026/09/01,2026-09-01T13:02:34+00:00,3d2c8831361ecafe7cd2815caa1ed6ef4ff66fbcb917b7d4f0e06ecff2c9e4f2,MINOR_DIFFERENCE,True,False,False,price discrepancy is diagnostic only; API remains authority
25419,132,Ditto,holo,pokemon_tcg_api,0.81,holofoil,0.29,0.79,25.0,0.81,0.77,USD,2026/09/01,2026-09-01T13:02:34+00:00,3d2c8831361ecafe7cd2815caa1ed6ef4ff66fbcb917b7d4f0e06ecff2c9e4f2,MINOR_DIFFERENCE,True,False,False,price discrepancy is diagnostic only; API remains authority
25420,132,Ditto,reverse_holo,pokemon_tcg_api,1.98,reverseHolofoil,1.25,2.08,85.0,1.98,1.64,USD,2026/09/01,2026-09-01T13:02:34+00:00,3d2c8831361ecafe7cd2815caa1ed6ef4ff66fbcb917b7d4f0e06ecff2c9e4f2,MINOR_DIFFERENCE,True,False,False,price discrepancy is diagnostic only; API remains authority
25421,133,Eevee,normal,pokemon_tcg_api,0.21,normal,0.05,0.24,990.0,0.21,0.19,USD,2026/09/01,2026-09-01T13:02:34+00:00,3d2c8831361ecafe7cd2815caa1ed6ef4ff66fbcb917b7d4f0e06ecff2c9e4f2,MATCH,True,False,False,exact identity and finish
25422,133,Eevee,reverse_holo,pokemon_tcg_api,0.54,reverseHolofoil,0.1,0.5,19.5,0.54,0.54,USD,2026/09/01,2026-09-01T13:02:34+00:00,3d2c8831361ecafe7cd2815caa1ed6ef4ff66fbcb917b7d4f0e06ecff2c9e4f2,MINOR_DIFFERENCE,True,False,False,price discrepancy is diagnostic only; API remains authority
25423,134,Vaporeon,holo,pokemon_tcg_api,0.38,holofoil,0.18,0.38,200.0,0.38,0.32,USD,2026/09/01,2026-09-01T13:02:34+00:00,3d2c8831361ecafe7cd2815caa1ed6ef4ff66fbcb917b7d4f0e06ecff2c9e4f2,MATCH,True,False,False,exact identity and finish
25424,134,Vaporeon,reverse_holo,pokemon_tcg_api,1.86,reverseHolofoil,0.89,2.0,39.06,1.86,2.49,USD,2026/09/01,2026-09-01T13:02:34+00:00,3d2c8831361ecafe7cd2815caa1ed6ef4ff66fbcb917b7d4f0e06ecff2c9e4f2,MATCH,True,False,False,exact identity and finish
25425,135,Jolteon,holo,pokemon_tcg_api,0.36,holofoil,0.1,0.35,200.0,0.36,0.22,USD,2026/09/01,2026-09-01T13:02:34+00:00,3d2c8831361ecafe7cd2815caa1ed6ef4ff66fbcb917b7d4f0e06ecff2c9e4f2,MATCH,True,False,False,exact identity and finish
25426,135,Jolteon,reverse_holo,pokemon_tcg_api,3.57,reverseHolofoil,1.15,3.49,24.72,3.57,5.32,USD,2026/09/01,2026-09-01T13:02:34+00:00,3d2c8831361ecafe7cd2815caa1ed6ef4ff66fbcb917b7d4f0e06ecff2c9e4f2,MATCH,True,False,False,exact identity and finish
25427,136,Flareon,holo,pokemon_tcg_api,0.32,holofoil,0.05,0.34,80.0,0.32,0.31,USD,2026/09/01,2026-09-01T13:02:34+00:00,3d2c8831361ecafe7cd2815caa1ed6ef4ff66fbcb917b7d4f0e06ecff2c9e4f2,MATCH,True,False,False,exact identity and finish
25428,136,Flareon,reverse_holo,pokemon_tcg_api,1.73,reverseHolofoil,0.71,1.79,19.58,1.73,2.11,USD,2026/09/01,2026-09-01T13:02:34+00:00,3d2c8831361ecafe7cd2815caa1ed6ef4ff66fbcb917b7d4f0e06ecff2c9e4f2,MATERIAL_DIFFERENCE,True,False,False,price discrepancy is diagnostic only; API remains authority
25429,137,Porygon,normal,pokemon_tcg_api,0.14,normal,0.01,0.16,18.66,0.14,0.05,USD,2026/09/01,2026-09-01T13:02:34+00:00,3d2c8831361ecafe7cd2815caa1ed6ef4ff66fbcb917b7d4f0e06ecff2c9e4f2,MATCH,True,False,False,exact identity and finish
25430,137,Porygon,reverse_holo,pokemon_tcg_api,0.27,reverseHolofoil,0.1,0.28,18.84,0.27,0.24,USD,2026/09/01,2026-09-01T13:02:34+00:00,3d2c8831361ecafe7cd2815caa1ed6ef4ff66fbcb917b7d4f0e06ecff2c9e4f2,MATCH,True,False,False,exact identity and finish
25431,138,Omanyte,normal,pokemon_tcg_api,0.22,normal,0.01,0.22,20.0,0.22,0.01,USD,2026/09/01,2026-09-01T13:02:34+00:00,3d2c8831361ecafe7cd2815caa1ed6ef4ff66fbcb917b7d4f0e06ecff2c9e4f2,MATCH,True,False,False,exact identity and finish
25432,138,Omanyte,reverse_holo,pokemon_tcg_api,1.38,reverseHolofoil,0.75,1.49,17.92,1.38,1.79,USD,2026/09/01,2026-09-01T13:02:34+00:00,3d2c8831361ecafe7cd2815caa1ed6ef4ff66fbcb917b7d4f0e06ecff2c9e4f2,MATCH,True,False,False,exact identity and finish
25433,139,Omastar,holo,pokemon_tcg_api,0.28,holofoil,0.01,0.29,60.0,0.28,0.24,USD,2026/09/01,2026-09-01T13:02:34+00:00,3d2c8831361ecafe7cd2815caa1ed6ef4ff66fbcb917b7d4f0e06ecff2c9e4f2,MATCH,True,False,False,exact identity and finish
25434,139,Omastar,reverse_holo,pokemon_tcg_api,1.18,reverseHolofoil,0.18,1.23,50.0,1.18,1.51,USD,2026/09/01,2026-09-01T13:02:34+00:00,3d2c8831361ecafe7cd2815caa1ed6ef4ff66fbcb917b7d4f0e06ecff2c9e4f2,MATCH,True,False,False,exact identity and finish
25435,140,Kabuto,normal,pokemon_tcg_api,0.25,normal,0.01,0.25,20.0,0.25,0.01,USD,2026/09/01,2026-09-01T13:02:34+00:00,3d2c8831361ecafe7cd2815caa1ed6ef4ff66fbcb917b7d4f0e06ecff2c9e4f2,MATCH,True,False,False,exact identity and finish
25436,140,Kabuto,reverse_holo,pokemon_tcg_api,1.67,reverseHolofoil,0.75,1.71,18.52,1.67,2.12,USD,2026/09/01,2026-09-01T13:02:34+00:00,3d2c8831361ecafe7cd2815caa1ed6ef4ff66fbcb917b7d4f0e06ecff2c9e4f2,MATCH,True,False,False,exact identity and finish
25437,141,Kabutops,holo,pokemon_tcg_api,0.26,holofoil,0.02,0.29,18.06,0.26,0.21,USD,2026/09/01,2026-09-01T13:02:34+00:00,3d2c8831361ecafe7cd2815caa1ed6ef4ff66fbcb917b7d4f0e06ecff2c9e4f2,MINOR_DIFFERENCE,True,False,False,price discrepancy is diagnostic only; API remains authority
25438,141,Kabutops,reverse_holo,pokemon_tcg_api,2.41,reverseHolofoil,0.62,2.43,19.62,2.41,3.63,USD,2026/09/01,2026-09-01T13:02:34+00:00,3d2c8831361ecafe7cd2815caa1ed6ef4ff66fbcb917b7d4f0e06ecff2c9e4f2,MINOR_DIFFERENCE,True,False,False,price discrepancy is diagnostic only; API remains authority
25439,142,Aerodactyl,holo,pokemon_tcg_api,0.39,holofoil,0.1,0.39,15.3,0.39,0.37,USD,2026/09/01,2026-09-01T13:02:34+00:00,3d2c8831361ecafe7cd2815caa1ed6ef4ff66fbcb917b7d4f0e06ecff2c9e4f2,MINOR_DIFFERENCE,True,False,False,price discrepancy is diagnostic only; API remains authority
25440,142,Aerodactyl,reverse_holo,pokemon_tcg_api,1.21,reverseHolofoil,0.5,1.31,21.75,1.21,,USD,2026/09/01,2026-09-01T13:02:34+00:00,3d2c8831361ecafe7cd2815caa1ed6ef4ff66fbcb917b7d4f0e06ecff2c9e4f2,MINOR_DIFFERENCE,True,False,False,price discrepancy is diagnostic only; API remains authority
25441,143,Snorlax,normal,pokemon_tcg_api,0.27,normal,0.03,0.29,19.68,0.27,,USD,2026/09/01,2026-09-01T13:02:34+00:00,3d2c8831361ecafe7cd2815caa1ed6ef4ff66fbcb917b7d4f0e06ecff2c9e4f2,MINOR_DIFFERENCE,True,False,False,price discrepancy is diagnostic only; API remains authority
25442,143,Snorlax,reverse_holo,pokemon_tcg_api,5.5,reverseHolofoil,1.5,5.39,96.95,5.5,8.04,USD,2026/09/01,2026-09-01T13:02:34+00:00,3d2c8831361ecafe7cd2815caa1ed6ef4ff66fbcb917b7d4f0e06ecff2c9e4f2,MATCH,True,False,False,exact identity and finish
25443,144,Articuno,holo,pokemon_tcg_api,0.33,holofoil,0.08,0.36,18.22,0.33,0.21,USD,2026/09/01,2026-09-01T13:02:34+00:00,3d2c8831361ecafe7cd2815caa1ed6ef4ff66fbcb917b7d4f0e06ecff2c9e4f2,MATCH,True,False,False,exact identity and finish
25444,144,Articuno,reverse_holo,pokemon_tcg_api,1.18,reverseHolofoil,0.66,1.23,16.68,1.18,1.79,USD,2026/09/01,2026-09-01T13:02:34+00:00,3d2c8831361ecafe7cd2815caa1ed6ef4ff66fbcb917b7d4f0e06ecff2c9e4f2,MINOR_DIFFERENCE,True,False,False,price discrepancy is diagnostic only; API remains authority
25445,145,Zapdos ex,holo,pokemon_tcg_api,2.08,holofoil,0.75,1.89,16.0,2.08,2.71,USD,2026/09/01,2026-09-01T13:02:34+00:00,3d2c8831361ecafe7cd2815caa1ed6ef4ff66fbcb917b7d4f0e06ecff2c9e4f2,MATERIAL_DIFFERENCE,True,False,False,price discrepancy is diagnostic only; API remains authority
25446,146,Moltres,holo,pokemon_tcg_api,0.31,holofoil,0.1,0.32,18.54,0.31,0.3,USD,2026/09/01,2026-09-01T13:02:34+00:00,3d2c8831361ecafe7cd2815caa1ed6ef4ff66fbcb917b7d4f0e06ecff2c9e4f2,MINOR_DIFFERENCE,True,False,False,price discrepancy is diagnostic only; API remains authority
25447,146,Moltres,reverse_holo,pokemon_tcg_api,1.33,reverseHolofoil,0.67,1.4,100.0,1.33,1.89,USD,2026/09/01,2026-09-01T13:02:34+00:00,3d2c8831361ecafe7cd2815caa1ed6ef4ff66fbcb917b7d4f0e06ecff2c9e4f2,MATCH,True,False,False,exact identity and finish
25448,147,Dratini,normal,pokemon_tcg_api,0.24,normal,0.09,0.24,990.0,0.24,,USD,2026/09/01,2026-09-01T13:02:34+00:00,3d2c8831361ecafe7cd2815caa1ed6ef4ff66fbcb917b7d4f0e06ecff2c9e4f2,MATCH,True,False,False,exact identity and finish
25449,147,Dratini,reverse_holo,pokemon_tcg_api,0.34,reverseHolofoil,0.07,0.35,18.74,0.34,0.32,USD,2026/09/01,2026-09-01T13:02:34+00:00,3d2c8831361ecafe7cd2815caa1ed6ef4ff66fbcb917b7d4f0e06ecff2c9e4f2,MATCH,True,False,False,exact identity and finish
25450,148,Dragonair,normal,pokemon_tcg_api,0.26,normal,0.02,0.25,3.25,0.26,0.1,USD,2026/09/01,2026-09-01T13:02:34+00:00,3d2c8831361ecafe7cd2815caa1ed6ef4ff66fbcb917b7d4f0e06ecff2c9e4f2,MATCH,True,False,False,exact identity and finish
25451,148,Dragonair,reverse_holo,pokemon_tcg_api,2.85,reverseHolofoil,1.6,3.26,96.95,2.85,4.26,USD,2026/09/01,2026-09-01T13:02:34+00:00,3d2c8831361ecafe7cd2815caa1ed6ef4ff66fbcb917b7d4f0e06ecff2c9e4f2,MATCH,True,False,False,exact identity and finish
25452,149,Dragonite,holo,pokemon_tcg_api,1.8,holofoil,0.3,1.59,129.0,1.8,2.55,USD,2026/09/01,2026-09-01T13:02:34+00:00,3d2c8831361ecafe7cd2815caa1ed6ef4ff66fbcb917b7d4f0e06ecff2c9e4f2,MATCH,True,False,False,exact identity and finish
25453,149,Dragonite,reverse_holo,pokemon_tcg_api,2.62,reverseHolofoil,0.75,2.76,26.52,2.62,3.6,USD,2026/09/01,2026-09-01T13:02:34+00:00,3d2c8831361ecafe7cd2815caa1ed6ef4ff66fbcb917b7d4f0e06ecff2c9e4f2,MINOR_DIFFERENCE,True,False,False,price discrepancy is diagnostic only; API remains authority
25454,150,Mewtwo,holo,pokemon_tcg_api,2.36,holofoil,0.69,2.53,348.0,2.36,3.28,USD,2026/09/01,2026-09-01T13:02:34+00:00,3d2c8831361ecafe7cd2815caa1ed6ef4ff66fbcb917b7d4f0e06ecff2c9e4f2,MATCH,True,False,False,exact identity and finish
25455,150,Mewtwo,reverse_holo,pokemon_tcg_api,4.41,reverseHolofoil,2.79,4.62,203862.68,4.41,4.67,USD,2026/09/01,2026-09-01T13:02:34+00:00,3d2c8831361ecafe7cd2815caa1ed6ef4ff66fbcb917b7d4f0e06ecff2c9e4f2,MATCH,True,False,False,exact identity and finish
25456,151,Mew ex,holo,pokemon_tcg_api,9.73,holofoil,6.0,9.46,96.95,9.73,7.01,USD,2026/09/01,2026-09-01T13:02:34+00:00,3d2c8831361ecafe7cd2815caa1ed6ef4ff66fbcb917b7d4f0e06ecff2c9e4f2,MINOR_DIFFERENCE,True,False,False,price discrepancy is diagnostic only; API remains authority
25457,152,Antique Dome Fossil,normal,pokemon_tcg_api,0.22,normal,0.04,0.23,20.0,0.22,0.11,USD,2026/09/01,2026-09-01T13:02:34+00:00,3d2c8831361ecafe7cd2815caa1ed6ef4ff66fbcb917b7d4f0e06ecff2c9e4f2,MINOR_DIFFERENCE,True,False,False,price discrepancy is diagnostic only; API remains authority
25458,152,Antique Dome Fossil,reverse_holo,pokemon_tcg_api,3.2,reverseHolofoil,0.19,1.53,66.73,3.2,4.7,USD,2026/09/01,2026-09-01T13:02:34+00:00,3d2c8831361ecafe7cd2815caa1ed6ef4ff66fbcb917b7d4f0e06ecff2c9e4f2,MATCH,True,False,False,exact identity and finish
25459,153,Antique Helix Fossil,normal,pokemon_tcg_api,0.22,normal,0.03,0.23,990.0,0.22,0.1,USD,2026/09/01,2026-09-01T13:02:34+00:00,3d2c8831361ecafe7cd2815caa1ed6ef4ff66fbcb917b7d4f0e06ecff2c9e4f2,MINOR_DIFFERENCE,True,False,False,price discrepancy is diagnostic only; API remains authority
25460,153,Antique Helix Fossil,reverse_holo,pokemon_tcg_api,1.13,reverseHolofoil,0.5,1.14,16.92,1.13,1.31,USD,2026/09/01,2026-09-01T13:02:34+00:00,3d2c8831361ecafe7cd2815caa1ed6ef4ff66fbcb917b7d4f0e06ecff2c9e4f2,MATCH,True,False,False,exact identity and finish
25461,154,Antique Old Amber,normal,pokemon_tcg_api,0.26,normal,0.01,0.25,19.16,0.26,0.1,USD,2026/09/01,2026-09-01T13:02:34+00:00,3d2c8831361ecafe7cd2815caa1ed6ef4ff66fbcb917b7d4f0e06ecff2c9e4f2,MATCH,True,False,False,exact identity and finish
25462,154,Antique Old Amber,reverse_holo,pokemon_tcg_api,0.92,reverseHolofoil,0.5,0.98,25.0,0.92,1.19,USD,2026/09/01,2026-09-01T13:02:34+00:00,3d2c8831361ecafe7cd2815caa1ed6ef4ff66fbcb917b7d4f0e06ecff2c9e4f2,MATCH,True,False,False,exact identity and finish
25463,155,Big Air Balloon,normal,pokemon_tcg_api,0.23,normal,0.01,0.21,2.5,0.23,0.1,USD,2026/09/01,2026-09-01T13:02:34+00:00,3d2c8831361ecafe7cd2815caa1ed6ef4ff66fbcb917b7d4f0e06ecff2c9e4f2,MATCH,True,False,False,exact identity and finish
25464,155,Big Air Balloon,reverse_holo,pokemon_tcg_api,0.68,reverseHolofoil,0.25,0.79,5000.32,0.68,0.83,USD,2026/09/01,2026-09-01T13:02:34+00:00,3d2c8831361ecafe7cd2815caa1ed6ef4ff66fbcb917b7d4f0e06ecff2c9e4f2,MATCH,True,False,False,exact identity and finish
25465,156,Bill’s Transfer,normal,,0.21,,0.01,0.2,18.0,0.21,0.07,,,,,IDENTITY_CONFLICT,False,False,False,"Pokémon TCG API identity: name ""Bill's Transfer"" != 'Bill’s Transfer'; TCGdex identity: name ""Bill's Transfer"" != 'Bill’s Transfer'"
25466,156,Bill’s Transfer,reverse_holo,,0.62,,0.21,0.66,15.98,0.62,0.88,,,,,IDENTITY_CONFLICT,False,False,False,"Pokémon TCG API identity: name ""Bill's Transfer"" != 'Bill’s Transfer'; TCGdex identity: name ""Bill's Transfer"" != 'Bill’s Transfer'"
25467,157,Cycling Road,normal,pokemon_tcg_api,0.18,normal,0.01,0.19,19.98,0.18,0.1,USD,2026/09/01,2026-09-01T13:02:34+00:00,3d2c8831361ecafe7cd2815caa1ed6ef4ff66fbcb917b7d4f0e06ecff2c9e4f2,MATCH,True,False,False,exact identity and finish
25468,157,Cycling Road,reverse_holo,pokemon_tcg_api,0.63,reverseHolofoil,0.48,0.7,25.0,0.63,,USD,2026/09/01,2026-09-01T13:02:34+00:00,3d2c8831361ecafe7cd2815caa1ed6ef4ff66fbcb917b7d4f0e06ecff2c9e4f2,MATCH,True,False,False,exact identity and finish
25469,158,Daisy’s Help,normal,,0.22,,0.01,0.2,19.98,0.22,0.1,,,,,IDENTITY_CONFLICT,False,False,False,"Pokémon TCG API identity: name ""Daisy's Help"" != 'Daisy’s Help'; TCGdex identity: name ""Daisy's Help"" != 'Daisy’s Help'"
25470,158,Daisy’s Help,reverse_holo,,0.63,,0.25,0.67,19.6,0.63,0.66,,,,,IDENTITY_CONFLICT,False,False,False,"Pokémon TCG API identity: name ""Daisy's Help"" != 'Daisy’s Help'; TCGdex identity: name ""Daisy's Help"" != 'Daisy’s Help'"
25471,159,Energy Sticker,normal,pokemon_tcg_api,0.27,normal,0.05,0.27,19.98,0.27,0.17,USD,2026/09/01,2026-09-01T13:02:34+00:00,3d2c8831361ecafe7cd2815caa1ed6ef4ff66fbcb917b7d4f0e06ecff2c9e4f2,MATCH,True,False,False,exact identity and finish
25472,159,Energy Sticker,reverse_holo,pokemon_tcg_api,1.03,reverseHolofoil,0.6,1.11,25.0,1.03,1.42,USD,2026/09/01,2026-09-01T13:02:34+00:00,3d2c8831361ecafe7cd2815caa1ed6ef4ff66fbcb917b7d4f0e06ecff2c9e4f2,MATCH,True,False,False,exact identity and finish
25473,160,Erika’s Invitation,normal,,0.2,,0.02,0.2,18.52,0.2,0.08,,,,,IDENTITY_CONFLICT,False,False,False,"Pokémon TCG API identity: name ""Erika's Invitation"" != 'Erika’s Invitation'; TCGdex identity: name ""Erika's Invitation"" != 'Erika’s Invitation'"
25474,160,Erika’s Invitation,reverse_holo,,0.92,,0.5,1.0,7.95,0.92,1.27,,,,,IDENTITY_CONFLICT,False,False,False,"Pokémon TCG API identity: name ""Erika's Invitation"" != 'Erika’s Invitation'; TCGdex identity: name ""Erika's Invitation"" != 'Erika’s Invitation'"
25475,161,Giovanni’s Charisma,normal,,0.23,,0.01,0.22,19.2,0.23,0.12,,,,,IDENTITY_CONFLICT,False,False,False,"Pokémon TCG API identity: name ""Giovanni's Charisma"" != 'Giovanni’s Charisma'; TCGdex identity: name ""Giovanni's Charisma"" != 'Giovanni’s Charisma'"
25476,161,Giovanni’s Charisma,reverse_holo,,1.01,,0.6,1.06,25.0,1.01,1.29,,,,,IDENTITY_CONFLICT,False,False,False,"Pokémon TCG API identity: name ""Giovanni's Charisma"" != 'Giovanni’s Charisma'; TCGdex identity: name ""Giovanni's Charisma"" != 'Giovanni’s Charisma'"
25477,162,Grabber,normal,pokemon_tcg_api,0.26,normal,0.05,0.27,990.0,0.26,0.18,USD,2026/09/01,2026-09-01T13:02:34+00:00,3d2c8831361ecafe7cd2815caa1ed6ef4ff66fbcb917b7d4f0e06ecff2c9e4f2,MATCH,True,False,False,exact identity and finish
25478,162,Grabber,reverse_holo,pokemon_tcg_api,1.0,reverseHolofoil,0.38,1.01,16.02,1.0,1.47,USD,2026/09/01,2026-09-01T13:02:34+00:00,3d2c8831361ecafe7cd2815caa1ed6ef4ff66fbcb917b7d4f0e06ecff2c9e4f2,MATCH,True,False,False,exact identity and finish
25479,163,Leftovers,normal,pokemon_tcg_api,0.22,normal,0.01,0.23,18.18,0.22,0.1,USD,2026/09/01,2026-09-01T13:02:34+00:00,3d2c8831361ecafe7cd2815caa1ed6ef4ff66fbcb917b7d4f0e06ecff2c9e4f2,MINOR_DIFFERENCE,True,False,False,price discrepancy is diagnostic only; API remains authority
25480,163,Leftovers,reverse_holo,pokemon_tcg_api,0.73,reverseHolofoil,0.3,0.75,18.2,0.73,0.67,USD,2026/09/01,2026-09-01T13:02:34+00:00,3d2c8831361ecafe7cd2815caa1ed6ef4ff66fbcb917b7d4f0e06ecff2c9e4f2,MATCH,True,False,False,exact identity and finish
25481,164,Protective Goggles,normal,pokemon_tcg_api,0.28,normal,0.01,0.26,18.0,0.28,0.1,USD,2026/09/01,2026-09-01T13:02:34+00:00,3d2c8831361ecafe7cd2815caa1ed6ef4ff66fbcb917b7d4f0e06ecff2c9e4f2,MATCH,True,False,False,exact identity and finish
25482,164,Protective Goggles,reverse_holo,pokemon_tcg_api,0.73,reverseHolofoil,0.3,0.77,18.78,0.73,0.66,USD,2026/09/01,2026-09-01T13:02:34+00:00,3d2c8831361ecafe7cd2815caa1ed6ef4ff66fbcb917b7d4f0e06ecff2c9e4f2,MATCH,True,False,False,exact identity and finish
25483,165,Rigid Band,normal,pokemon_tcg_api,0.2,normal,0.01,0.22,19.98,0.2,0.01,USD,2026/09/01,2026-09-01T13:02:34+00:00,3d2c8831361ecafe7cd2815caa1ed6ef4ff66fbcb917b7d4f0e06ecff2c9e4f2,MATCH,True,False,False,exact identity and finish
25484,165,Rigid Band,reverse_holo,pokemon_tcg_api,0.9,reverseHolofoil,0.49,1.0,96.83,0.9,1.29,USD,2026/09/01,2026-09-01T13:02:34+00:00,3d2c8831361ecafe7cd2815caa1ed6ef4ff66fbcb917b7d4f0e06ecff2c9e4f2,MATCH,True,False,False,exact identity and finish
25485,166,Bulbasaur,holo,pokemon_tcg_api,80.66,holofoil,62.99,87.18,721.26,80.66,89.8,USD,2026/09/01,2026-09-01T13:02:34+00:00,3d2c8831361ecafe7cd2815caa1ed6ef4ff66fbcb917b7d4f0e06ecff2c9e4f2,MATCH,True,False,False,exact identity and finish
25486,167,Ivysaur,holo,pokemon_tcg_api,44.19,holofoil,38.66,50.29,455.56,44.19,41.08,USD,2026/09/01,2026-09-01T13:02:34+00:00,3d2c8831361ecafe7cd2815caa1ed6ef4ff66fbcb917b7d4f0e06ecff2c9e4f2,MATCH,True,False,False,exact identity and finish
25487,168,Charmander,holo,pokemon_tcg_api,94.32,holofoil,74.23,109.7,856.26,94.32,78.0,USD,2026/09/01,2026-09-01T13:02:34+00:00,3d2c8831361ecafe7cd2815caa1ed6ef4ff66fbcb917b7d4f0e06ecff2c9e4f2,MINOR_DIFFERENCE,True,False,False,price discrepancy is diagnostic only; API remains authority
25488,169,Charmeleon,holo,pokemon_tcg_api,56.89,holofoil,51.67,66.04,746.24,56.89,53.15,USD,2026/09/01,2026-09-01T13:02:34+00:00,3d2c8831361ecafe7cd2815caa1ed6ef4ff66fbcb917b7d4f0e06ecff2c9e4f2,MINOR_DIFFERENCE,True,False,False,price discrepancy is diagnostic only; API remains authority
25489,170,Squirtle,holo,pokemon_tcg_api,97.63,holofoil,84.98,102.12,957.32,97.63,129.99,USD,2026/09/01,2026-09-01T13:02:34+00:00,3d2c8831361ecafe7cd2815caa1ed6ef4ff66fbcb917b7d4f0e06ecff2c9e4f2,MINOR_DIFFERENCE,True,False,False,price discrepancy is diagnostic only; API remains authority
25490,171,Wartortle,holo,pokemon_tcg_api,62.36,holofoil,46.98,67.2,549.09,62.36,64.38,USD,2026/09/01,2026-09-01T13:02:34+00:00,3d2c8831361ecafe7cd2815caa1ed6ef4ff66fbcb917b7d4f0e06ecff2c9e4f2,MINOR_DIFFERENCE,True,False,False,price discrepancy is diagnostic only; API remains authority
25491,172,Caterpie,holo,pokemon_tcg_api,19.79,holofoil,16.43,20.92,9999.0,19.79,28.13,USD,2026/09/01,2026-09-01T13:02:34+00:00,3d2c8831361ecafe7cd2815caa1ed6ef4ff66fbcb917b7d4f0e06ecff2c9e4f2,MINOR_DIFFERENCE,True,False,False,price discrepancy is diagnostic only; API remains authority
25492,173,Pikachu,holo,pokemon_tcg_api,84.5,holofoil,70.98,96.71,10000.0,84.5,99.22,USD,2026/09/01,2026-09-01T13:02:34+00:00,3d2c8831361ecafe7cd2815caa1ed6ef4ff66fbcb917b7d4f0e06ecff2c9e4f2,MINOR_DIFFERENCE,True,False,False,price discrepancy is diagnostic only; API remains authority
25493,174,Nidoking,holo,pokemon_tcg_api,20.98,holofoil,16.5,22.09,198.98,20.98,29.14,USD,2026/09/01,2026-09-01T13:02:34+00:00,3d2c8831361ecafe7cd2815caa1ed6ef4ff66fbcb917b7d4f0e06ecff2c9e4f2,MINOR_DIFFERENCE,True,False,False,price discrepancy is diagnostic only; API remains authority
25494,175,Psyduck,holo,pokemon_tcg_api,66.9,holofoil,58.0,72.91,5000.0,66.9,79.27,USD,2026/09/01,2026-09-01T13:02:34+00:00,3d2c8831361ecafe7cd2815caa1ed6ef4ff66fbcb917b7d4f0e06ecff2c9e4f2,MATCH,True,False,False,exact identity and finish
25495,176,Poliwhirl,holo,pokemon_tcg_api,42.86,holofoil,34.0,47.96,390.15,42.86,45.78,USD,2026/09/01,2026-09-01T13:02:34+00:00,3d2c8831361ecafe7cd2815caa1ed6ef4ff66fbcb917b7d4f0e06ecff2c9e4f2,MINOR_DIFFERENCE,True,False,False,price discrepancy is diagnostic only; API remains authority
25496,177,Machoke,holo,pokemon_tcg_api,22.5,holofoil,18.0,25.2,250.0,22.5,20.54,USD,2026/09/01,2026-09-01T13:02:34+00:00,3d2c8831361ecafe7cd2815caa1ed6ef4ff66fbcb917b7d4f0e06ecff2c9e4f2,MINOR_DIFFERENCE,True,False,False,price discrepancy is diagnostic only; API remains authority
25497,178,Tangela,holo,pokemon_tcg_api,15.43,holofoil,11.25,17.7,141.8,15.43,19.38,USD,2026/09/01,2026-09-01T13:02:34+00:00,3d2c8831361ecafe7cd2815caa1ed6ef4ff66fbcb917b7d4f0e06ecff2c9e4f2,MATCH,True,False,False,exact identity and finish
25498,179,Mr. Mime,holo,pokemon_tcg_api,14.15,holofoil,10.99,15.1,109.76,14.15,18.23,USD,2026/09/01,2026-09-01T13:02:34+00:00,3d2c8831361ecafe7cd2815caa1ed6ef4ff66fbcb917b7d4f0e06ecff2c9e4f2,MATCH,True,False,False,exact identity and finish
25499,180,Omanyte,holo,pokemon_tcg_api,13.7,holofoil,9.75,15.16,157.4,13.7,15.0,USD,2026/09/01,2026-09-01T13:02:34+00:00,3d2c8831361ecafe7cd2815caa1ed6ef4ff66fbcb917b7d4f0e06ecff2c9e4f2,MATCH,True,False,False,exact identity and finish
25500,181,Dragonair,holo,pokemon_tcg_api,50.68,holofoil,38.99,52.94,1700.0,50.68,56.98,USD,2026/09/01,2026-09-01T13:02:34+00:00,3d2c8831361ecafe7cd2815caa1ed6ef4ff66fbcb917b7d4f0e06ecff2c9e4f2,MINOR_DIFFERENCE,True,False,False,price discrepancy is diagnostic only; API remains authority
25501,182,Venusaur ex,holo,pokemon_tcg_api,14.26,holofoil,10.65,16.4,142.49,14.26,15.99,USD,2026/09/01,2026-09-01T13:02:34+00:00,3d2c8831361ecafe7cd2815caa1ed6ef4ff66fbcb917b7d4f0e06ecff2c9e4f2,MINOR_DIFFERENCE,True,False,False,price discrepancy is diagnostic only; API remains authority
25502,183,Charizard ex,holo,pokemon_tcg_api,41.0,holofoil,30.16,45.45,372.06,41.0,40.03,USD,2026/09/01,2026-09-01T13:02:34+00:00,3d2c8831361ecafe7cd2815caa1ed6ef4ff66fbcb917b7d4f0e06ecff2c9e4f2,MATCH,True,False,False,exact identity and finish
25503,184,Blastoise ex,holo,pokemon_tcg_api,19.32,holofoil,16.96,22.0,1000.0,19.32,22.26,USD,2026/09/01,2026-09-01T13:02:34+00:00,3d2c8831361ecafe7cd2815caa1ed6ef4ff66fbcb917b7d4f0e06ecff2c9e4f2,MATCH,True,False,False,exact identity and finish
25504,185,Arbok ex,holo,pokemon_tcg_api,6.83,holofoil,4.5,8.23,139.8,6.83,8.78,USD,2026/09/01,2026-09-01T13:02:34+00:00,3d2c8831361ecafe7cd2815caa1ed6ef4ff66fbcb917b7d4f0e06ecff2c9e4f2,MINOR_DIFFERENCE,True,False,False,price discrepancy is diagnostic only; API remains authority
25505,186,Ninetales ex,holo,pokemon_tcg_api,14.75,holofoil,13.0,16.06,181.76,14.75,18.37,USD,2026/09/01,2026-09-01T13:02:34+00:00,3d2c8831361ecafe7cd2815caa1ed6ef4ff66fbcb917b7d4f0e06ecff2c9e4f2,MATCH,True,False,False,exact identity and finish
25506,187,Wigglytuff ex,holo,pokemon_tcg_api,8.8,holofoil,5.0,9.06,96.95,8.8,16.88,USD,2026/09/01,2026-09-01T13:02:34+00:00,3d2c8831361ecafe7cd2815caa1ed6ef4ff66fbcb917b7d4f0e06ecff2c9e4f2,MINOR_DIFFERENCE,True,False,False,price discrepancy is diagnostic only; API remains authority
25507,188,Alakazam ex,holo,pokemon_tcg_api,10.75,holofoil,7.98,12.72,139.48,10.75,7.98,USD,2026/09/01,2026-09-01T13:02:34+00:00,3d2c8831361ecafe7cd2815caa1ed6ef4ff66fbcb917b7d4f0e06ecff2c9e4f2,MINOR_DIFFERENCE,True,False,False,price discrepancy is diagnostic only; API remains authority
25508,189,Golem ex,holo,pokemon_tcg_api,7.27,holofoil,4.3,7.99,74.84,7.27,7.55,USD,2026/09/01,2026-09-01T13:02:34+00:00,3d2c8831361ecafe7cd2815caa1ed6ef4ff66fbcb917b7d4f0e06ecff2c9e4f2,MINOR_DIFFERENCE,True,False,False,price discrepancy is diagnostic only; API remains authority
25509,190,Kangaskhan ex,holo,pokemon_tcg_api,5.8,holofoil,4.5,7.0,99.48,5.8,6.29,USD,2026/09/01,2026-09-01T13:02:34+00:00,3d2c8831361ecafe7cd2815caa1ed6ef4ff66fbcb917b7d4f0e06ecff2c9e4f2,MINOR_DIFFERENCE,True,False,False,price discrepancy is diagnostic only; API remains authority
25510,191,Jynx ex,holo,pokemon_tcg_api,6.34,holofoil,4.0,7.27,96.95,6.34,9.45,USD,2026/09/01,2026-09-01T13:02:34+00:00,3d2c8831361ecafe7cd2815caa1ed6ef4ff66fbcb917b7d4f0e06ecff2c9e4f2,MATCH,True,False,False,exact identity and finish
25511,192,Zapdos ex,holo,pokemon_tcg_api,10.87,holofoil,8.25,12.0,80.0,10.87,10.07,USD,2026/09/01,2026-09-01T13:02:34+00:00,3d2c8831361ecafe7cd2815caa1ed6ef4ff66fbcb917b7d4f0e06ecff2c9e4f2,MATCH,True,False,False,exact identity and finish
25512,193,Mew ex,holo,pokemon_tcg_api,32.79,holofoil,29.02,37.54,362.34,32.79,34.1,USD,2026/09/01,2026-09-01T13:02:34+00:00,3d2c8831361ecafe7cd2815caa1ed6ef4ff66fbcb917b7d4f0e06ecff2c9e4f2,MATCH,True,False,False,exact identity and finish
25513,194,Bill’s Transfer,holo,,3.36,,1.8,3.7,200.0,3.36,4.87,,,,,IDENTITY_CONFLICT,False,False,False,"Pokémon TCG API identity: name ""Bill's Transfer"" != 'Bill’s Transfer'; TCGdex identity: name ""Bill's Transfer"" != 'Bill’s Transfer'"
25514,195,Daisy’s Help,holo,,2.9,,1.5,3.46,75.0,2.9,3.99,,,,,IDENTITY_CONFLICT,False,False,False,"Pokémon TCG API identity: name ""Daisy's Help"" != 'Daisy’s Help'; TCGdex identity: name ""Daisy's Help"" != 'Daisy’s Help'"
25515,196,Erika’s Invitation,holo,,6.32,,4.39,7.99,160.0,6.32,8.99,,,,,IDENTITY_CONFLICT,False,False,False,"Pokémon TCG API identity: name ""Erika's Invitation"" != 'Erika’s Invitation'; TCGdex identity: name ""Erika's Invitation"" != 'Erika’s Invitation'"
25516,197,Giovanni’s Charisma,holo,,5.36,,3.46,5.2,60.0,5.36,4.49,,,,,IDENTITY_CONFLICT,False,False,False,"Pokémon TCG API identity: name ""Giovanni's Charisma"" != 'Giovanni’s Charisma'; TCGdex identity: name ""Giovanni's Charisma"" != 'Giovanni’s Charisma'"
25517,198,Venusaur ex,holo,pokemon_tcg_api,118.63,holofoil,92.0,124.46,1237.98,118.63,100.01,USD,2026/09/01,2026-09-01T13:02:34+00:00,3d2c8831361ecafe7cd2815caa1ed6ef4ff66fbcb917b7d4f0e06ecff2c9e4f2,MATCH,True,False,False,exact identity and finish
25518,199,Charizard ex,holo,pokemon_tcg_api,368.57,holofoil,322.31,405.0,10000.0,368.57,322.51,USD,2026/09/01,2026-09-01T13:02:34+00:00,3d2c8831361ecafe7cd2815caa1ed6ef4ff66fbcb917b7d4f0e06ecff2c9e4f2,MINOR_DIFFERENCE,True,False,False,price discrepancy is diagnostic only; API remains authority
25519,200,Blastoise ex,holo,pokemon_tcg_api,140.62,holofoil,122.38,151.05,20000.0,140.62,128.71,USD,2026/09/01,2026-09-01T13:02:34+00:00,3d2c8831361ecafe7cd2815caa1ed6ef4ff66fbcb917b7d4f0e06ecff2c9e4f2,MINOR_DIFFERENCE,True,False,False,price discrepancy is diagnostic only; API remains authority
25520,201,Alakazam ex,holo,pokemon_tcg_api,70.94,holofoil,59.99,77.77,698.0,70.94,86.63,USD,2026/09/01,2026-09-01T13:02:34+00:00,3d2c8831361ecafe7cd2815caa1ed6ef4ff66fbcb917b7d4f0e06ecff2c9e4f2,MATCH,True,False,False,exact identity and finish
25521,202,Zapdos ex,holo,pokemon_tcg_api,93.3,holofoil,74.53,107.02,776.61,93.3,85.37,USD,2026/09/01,2026-09-01T13:02:34+00:00,3d2c8831361ecafe7cd2815caa1ed6ef4ff66fbcb917b7d4f0e06ecff2c9e4f2,MATCH,True,False,False,exact identity and finish
25522,203,Erika’s Invitation,holo,,16.13,,14.59,18.8,180.0,16.13,17.0,,,,,IDENTITY_CONFLICT,False,False,False,"Pokémon TCG API identity: name ""Erika's Invitation"" != 'Erika’s Invitation'; TCGdex identity: name ""Erika's Invitation"" != 'Erika’s Invitation'"
25523,204,Giovanni’s Charisma,holo,,14.55,,12.89,16.35,206.7,14.55,19.68,,,,,IDENTITY_CONFLICT,False,False,False,"Pokémon TCG API identity: name ""Giovanni's Charisma"" != 'Giovanni’s Charisma'; TCGdex identity: name ""Giovanni's Charisma"" != 'Giovanni’s Charisma'"
25524,205,Mew ex,holo,pokemon_tcg_api,29.87,holofoil,25.0,32.98,225.63,29.87,36.72,USD,2026/09/01,2026-09-01T13:02:34+00:00,3d2c8831361ecafe7cd2815caa1ed6ef4ff66fbcb917b7d4f0e06ecff2c9e4f2,MATCH,True,False,False,exact identity and finish
25525,206,Switch,holo,pokemon_tcg_api,2.64,holofoil,1.2,2.98,21.99,2.64,2.64,USD,2026/09/01,2026-09-01T13:02:34+00:00,3d2c8831361ecafe7cd2815caa1ed6ef4ff66fbcb917b7d4f0e06ecff2c9e4f2,MINOR_DIFFERENCE,True,False,False,price discrepancy is diagnostic only; API remains authority
25526,207,Basic Energy,holo,,4.48,,3.47,5.29,56.44,4.48,5.15,,,,,IDENTITY_CONFLICT,False,False,False,Pokémon TCG API identity: name 'Basic Psychic Energy' != 'Basic Energy'; TCGdex identity: name 'Basic Psychic Energy' != 'Basic Energy'
