collector_number,card_name,api_card_id,api_identity_status,normal_exists,holo_exists,reverse_exists,normal_usable,holo_usable,reverse_usable,cardmarket_low,cardmarket_reverse_low,cardmarket_trend,cardmarket_reverse_trend,cardmarket_avg1,cardmarket_reverse_avg1,cardmarket_avg7,cardmarket_reverse_avg7,cardmarket_avg30,cardmarket_reverse_avg30,cardmarket_reverse_fields_present,cardmarket_reverse_low_available,tcgplayer_normal_low,tcgplayer_normal_market,tcgplayer_holo_low,tcgplayer_holo_market,tcgplayer_reverse_low,tcgplayer_reverse_market,tcgplayer_updated_at,cardmarket_updated_at,cardmarket_currency,tcgplayer_currency,identity_note
001,Bulbasaur,sv3pt5-1,EXACT,True,False,True,True,False,True,79.98,0.0,115.86,0.0,99.99,0.0,78.62,0.0,90.38,0.0,"[""reverseHoloLow"",""reverseHoloTrend"",""reverseHoloAvg1"",""reverseHoloAvg7"",""reverseHoloAvg30""]",False,0.01,0.26,,,0.09,0.41,2026/09/01,2026/07/01,EUR,USD,set + collector number + name match
002,Ivysaur,sv3pt5-2,EXACT,True,False,True,True,False,True,0.02,0.02,0.1,0.35,0.11,0.31,0.11,0.3,0.11,0.38,"[""reverseHoloLow"",""reverseHoloTrend"",""reverseHoloAvg1"",""reverseHoloAvg7"",""reverseHoloAvg30""]",True,0.04,0.27,,,0.1,0.41,2026/09/01,2026/07/01,EUR,USD,set + collector number + name match
003,Venusaur ex,sv3pt5-3,EXACT,False,True,False,False,True,False,0.7,0.0,2.54,0.0,3.9,0.0,2.54,0.0,2.23,0.0,"[""reverseHoloLow"",""reverseHoloTrend"",""reverseHoloAvg1"",""reverseHoloAvg7"",""reverseHoloAvg30""]",False,,,0.55,1.5,,,2026/09/01,2026/07/01,EUR,USD,set + collector number + name match
004,Charmander,sv3pt5-4,EXACT,True,False,True,True,False,True,57.99,0.0,140.08,0.0,68.5,0.0,155.02,0.0,84.08,0.0,"[""reverseHoloLow"",""reverseHoloTrend"",""reverseHoloAvg1"",""reverseHoloAvg7"",""reverseHoloAvg30""]",False,0.01,0.24,,,0.1,0.37,2026/09/01,2026/05/01,EUR,USD,set + collector number + name match
005,Charmeleon,sv3pt5-5,EXACT,True,False,True,True,False,True,0.02,0.02,0.08,0.28,0.04,0.15,0.09,0.33,0.09,0.33,"[""reverseHoloLow"",""reverseHoloTrend"",""reverseHoloAvg1"",""reverseHoloAvg7"",""reverseHoloAvg30""]",True,0.02,0.23,,,0.1,0.37,2026/09/01,2026/05/01,EUR,USD,set + collector number + name match
006,Charizard ex,sv3pt5-6,EXACT,False,True,False,False,True,False,3.49,0.0,7.3,0.0,7.29,0.0,7.28,0.0,6.85,0.0,"[""reverseHoloLow"",""reverseHoloTrend"",""reverseHoloAvg1"",""reverseHoloAvg7"",""reverseHoloAvg30""]",False,,,4.49,8.57,,,2026/09/01,2026/03/11,EUR,USD,set + collector number + name match
007,Squirtle,sv3pt5-7,EXACT,True,False,True,True,False,True,0.02,0.02,0.09,0.37,0.07,0.5,0.11,0.35,0.1,0.35,"[""reverseHoloLow"",""reverseHoloTrend"",""reverseHoloAvg1"",""reverseHoloAvg7"",""reverseHoloAvg30""]",True,0.05,0.24,,,0.1,0.43,2026/09/01,2026/07/01,EUR,USD,set + collector number + name match
008,Wartortle,sv3pt5-8,EXACT,True,False,True,True,False,True,0.02,0.02,0.1,0.41,0.12,0.59,0.12,0.43,0.1,0.38,"[""reverseHoloLow"",""reverseHoloTrend"",""reverseHoloAvg1"",""reverseHoloAvg7"",""reverseHoloAvg30""]",True,0.09,0.26,,,0.22,0.56,2026/09/01,2026/07/01,EUR,USD,set + collector number + name match
009,Blastoise ex,sv3pt5-9,EXACT,False,True,False,False,True,False,0.9,0.0,3.03,0.0,3.62,0.0,2.82,0.0,2.61,0.0,"[""reverseHoloLow"",""reverseHoloTrend"",""reverseHoloAvg1"",""reverseHoloAvg7"",""reverseHoloAvg30""]",False,,,1.0,2.91,,,2026/09/01,2026/07/01,EUR,USD,set + collector number + name match
010,Caterpie,sv3pt5-10,EXACT,True,False,True,True,False,True,0.02,0.02,0.05,0.2,0.03,0.24,0.04,0.2,0.04,0.2,"[""reverseHoloLow"",""reverseHoloTrend"",""reverseHoloAvg1"",""reverseHoloAvg7"",""reverseHoloAvg30""]",True,0.01,0.19,,,0.08,0.31,2026/09/01,2026/03/11,EUR,USD,set + collector number + name match
011,Metapod,sv3pt5-11,EXACT,True,False,True,True,False,True,0.02,1.0,0.12,2.66,0.14,2.77,0.11,2.6,0.1,2.61,"[""reverseHoloLow"",""reverseHoloTrend"",""reverseHoloAvg1"",""reverseHoloAvg7"",""reverseHoloAvg30""]",True,0.05,0.23,,,1.65,2.96,2026/09/01,2026/03/11,EUR,USD,set + collector number + name match
012,Butterfree,sv3pt5-12,EXACT,True,False,True,True,False,True,0.02,0.02,0.08,0.24,0.03,0.17,0.07,0.21,0.07,0.24,"[""reverseHoloLow"",""reverseHoloTrend"",""reverseHoloAvg1"",""reverseHoloAvg7"",""reverseHoloAvg30""]",True,0.01,0.22,,,0.14,0.28,2026/09/01,2026/06/30,EUR,USD,set + collector number + name match
013,Weedle,sv3pt5-13,EXACT,True,False,True,True,False,True,0.02,0.02,0.05,0.22,0.09,0.38,0.05,0.22,0.04,0.19,"[""reverseHoloLow"",""reverseHoloTrend"",""reverseHoloAvg1"",""reverseHoloAvg7"",""reverseHoloAvg30""]",True,0.01,0.19,,,0.05,0.27,2026/09/01,2026/03/11,EUR,USD,set + collector number + name match
014,Kakuna,sv3pt5-14,EXACT,True,False,True,True,False,True,0.02,0.45,0.11,2.23,0.1,2.4,0.11,2.45,0.11,2.49,"[""reverseHoloLow"",""reverseHoloTrend"",""reverseHoloAvg1"",""reverseHoloAvg7"",""reverseHoloAvg30""]",True,0.05,0.2,,,1.19,2.8,2026/09/01,2026/05/01,EUR,USD,set + collector number + name match
015,Beedrill,sv3pt5-15,EXACT,False,True,True,False,True,True,0.02,0.08,0.14,1.19,0.14,0.8,0.14,1.12,0.17,1.03,"[""reverseHoloLow"",""reverseHoloTrend"",""reverseHoloAvg1"",""reverseHoloAvg7"",""reverseHoloAvg30""]",True,,,0.05,0.27,0.3,0.9,2026/09/01,2026/02/22,EUR,USD,set + collector number + name match
016,Pidgey,sv3pt5-16,EXACT,True,False,True,True,False,True,0.02,0.02,0.08,0.18,0.1,0.2,0.08,0.17,0.09,0.22,"[""reverseHoloLow"",""reverseHoloTrend"",""reverseHoloAvg1"",""reverseHoloAvg7"",""reverseHoloAvg30""]",True,0.04,0.2,,,0.07,0.29,2026/09/01,2026/06/30,EUR,USD,set + collector number + name match
017,Pidgeotto,sv3pt5-17,EXACT,True,False,True,True,False,True,0.02,0.15,0.27,2.88,0.16,2.85,0.41,3.26,0.23,2.84,"[""reverseHoloLow"",""reverseHoloTrend"",""reverseHoloAvg1"",""reverseHoloAvg7"",""reverseHoloAvg30""]",True,0.1,0.35,,,0.94,2.9,2026/09/01,2026/03/11,EUR,USD,set + collector number + name match
018,Pidgeot,sv3pt5-18,EXACT,True,False,True,True,False,True,0.02,0.02,0.07,0.22,0.06,0.14,0.05,0.18,0.06,0.19,"[""reverseHoloLow"",""reverseHoloTrend"",""reverseHoloAvg1"",""reverseHoloAvg7"",""reverseHoloAvg30""]",True,0.01,0.19,,,0.09,0.27,2026/09/01,2026/02/24,EUR,USD,set + collector number + name match
019,Rattata,sv3pt5-19,EXACT,True,False,True,True,False,True,0.02,0.02,0.05,0.19,0.07,0.38,0.05,0.2,0.04,0.2,"[""reverseHoloLow"",""reverseHoloTrend"",""reverseHoloAvg1"",""reverseHoloAvg7"",""reverseHoloAvg30""]",True,0.01,0.13,,,0.07,0.26,2026/09/01,2026/07/01,EUR,USD,set + collector number + name match
020,Raticate,sv3pt5-20,EXACT,True,False,True,True,False,True,0.02,0.02,0.05,0.19,0.05,0.19,0.05,0.17,0.06,0.17,"[""reverseHoloLow"",""reverseHoloTrend"",""reverseHoloAvg1"",""reverseHoloAvg7"",""reverseHoloAvg30""]",True,0.01,0.17,,,0.06,0.26,2026/09/01,2026/02/22,EUR,USD,set + collector number + name match
021,Spearow,sv3pt5-21,EXACT,True,False,True,True,False,True,0.02,0.75,0.05,1.74,0.07,1.05,0.06,1.53,0.06,1.69,"[""reverseHoloLow"",""reverseHoloTrend"",""reverseHoloAvg1"",""reverseHoloAvg7"",""reverseHoloAvg30""]",True,0.01,0.14,,,0.1,1.26,2026/09/01,2026/06/20,EUR,USD,set + collector number + name match
022,Fearow,sv3pt5-22,EXACT,True,False,True,True,False,True,0.02,0.02,0.07,0.12,0.04,0.09,0.06,0.14,0.06,0.19,"[""reverseHoloLow"",""reverseHoloTrend"",""reverseHoloAvg1"",""reverseHoloAvg7"",""reverseHoloAvg30""]",True,0.01,0.18,,,0.08,0.2,2026/09/01,2026/02/04,EUR,USD,set + collector number + name match
023,Ekans,sv3pt5-23,EXACT,True,False,True,True,False,True,0.02,0.02,0.05,0.21,0.05,0.3,0.05,0.22,0.05,0.2,"[""reverseHoloLow"",""reverseHoloTrend"",""reverseHoloAvg1"",""reverseHoloAvg7"",""reverseHoloAvg30""]",True,0.01,0.14,,,0.04,0.32,2026/09/01,2026/07/01,EUR,USD,set + collector number + name match
024,Arbok ex,sv3pt5-24,EXACT,False,True,False,False,True,False,0.4,0.0,2.37,0.0,3.38,0.0,2.36,0.0,2.55,0.0,"[""reverseHoloLow"",""reverseHoloTrend"",""reverseHoloAvg1"",""reverseHoloAvg7"",""reverseHoloAvg30""]",False,,,0.57,1.9,,,2026/09/01,2026/06/30,EUR,USD,set + collector number + name match
025,Pikachu,sv3pt5-25,EXACT,True,False,True,True,False,True,0.02,0.03,0.02,0.39,0.11,0.46,0.11,0.41,0.56,0.45,"[""reverseHoloLow"",""reverseHoloTrend"",""reverseHoloAvg1"",""reverseHoloAvg7"",""reverseHoloAvg30""]",True,0.01,0.29,,,0.2,1.27,2026/09/01,2026/06/30,EUR,USD,set + collector number + name match
026,Raichu,sv3pt5-26,EXACT,False,True,True,False,True,True,0.02,0.02,0.24,1.4,0.12,0.78,0.24,1.42,0.2,1.54,"[""reverseHoloLow"",""reverseHoloTrend"",""reverseHoloAvg1"",""reverseHoloAvg7"",""reverseHoloAvg30""]",True,,,0.08,0.28,0.48,1.39,2026/09/01,2026/02/22,EUR,USD,set + collector number + name match
027,Sandshrew,sv3pt5-27,EXACT,True,False,True,True,False,True,0.02,0.02,0.05,0.19,0.05,0.17,0.04,0.17,0.04,0.16,"[""reverseHoloLow"",""reverseHoloTrend"",""reverseHoloAvg1"",""reverseHoloAvg7"",""reverseHoloAvg30""]",True,0.01,0.15,,,0.1,0.27,2026/09/01,2026/02/22,EUR,USD,set + collector number + name match
028,Sandslash,sv3pt5-28,EXACT,True,False,True,True,False,True,0.02,0.02,0.05,0.21,0.06,0.16,0.05,0.18,0.06,0.17,"[""reverseHoloLow"",""reverseHoloTrend"",""reverseHoloAvg1"",""reverseHoloAvg7"",""reverseHoloAvg30""]",True,0.01,0.2,,,0.05,0.28,2026/09/01,2026/02/22,EUR,USD,set + collector number + name match
029,Nidoran♀,sv3pt5-29,MISMATCH,True,False,True,True,False,True,0.02,0.18,0.12,3.7,0.08,4.2,0.14,3.35,0.18,4.09,"[""reverseHoloLow"",""reverseHoloTrend"",""reverseHoloAvg1"",""reverseHoloAvg7"",""reverseHoloAvg30""]",True,0.05,0.29,,,1.0,1.67,2026/09/01,2026/06/30,EUR,USD,name 'Nidoran ♀' != 'Nidoran♀'
030,Nidorina,sv3pt5-30,EXACT,True,False,True,True,False,True,0.02,0.02,0.07,0.25,0.06,0.34,0.07,0.27,0.07,0.23,"[""reverseHoloLow"",""reverseHoloTrend"",""reverseHoloAvg1"",""reverseHoloAvg7"",""reverseHoloAvg30""]",True,0.01,0.2,,,0.1,0.31,2026/09/01,2026/06/20,EUR,USD,set + collector number + name match
031,Nidoqueen,sv3pt5-31,EXACT,True,False,True,True,False,True,0.02,0.02,0.06,0.21,0.05,0.2,0.04,0.2,0.05,0.2,"[""reverseHoloLow"",""reverseHoloTrend"",""reverseHoloAvg1"",""reverseHoloAvg7"",""reverseHoloAvg30""]",True,0.01,0.17,,,0.05,0.31,2026/09/01,2026/02/22,EUR,USD,set + collector number + name match
032,Nidoran♂,sv3pt5-32,MISMATCH,True,False,True,True,False,True,0.02,1.5,0.16,2.91,0.32,3.45,0.15,3.0,0.14,2.92,"[""reverseHoloLow"",""reverseHoloTrend"",""reverseHoloAvg1"",""reverseHoloAvg7"",""reverseHoloAvg30""]",True,0.06,0.23,,,1.25,3.0,2026/09/01,2026/06/20,EUR,USD,name 'Nidoran ♂' != 'Nidoran♂'
033,Nidorino,sv3pt5-33,EXACT,True,False,True,True,False,True,0.02,0.02,0.08,0.23,0.06,0.35,0.07,0.21,0.07,0.23,"[""reverseHoloLow"",""reverseHoloTrend"",""reverseHoloAvg1"",""reverseHoloAvg7"",""reverseHoloAvg30""]",True,0.01,0.21,,,0.1,0.27,2026/09/01,2026/06/20,EUR,USD,set + collector number + name match
034,Nidoking,sv3pt5-34,EXACT,False,True,True,False,True,True,0.02,0.19,0.25,1.81,0.21,2.21,0.28,2.2,0.22,2.13,"[""reverseHoloLow"",""reverseHoloTrend"",""reverseHoloAvg1"",""reverseHoloAvg7"",""reverseHoloAvg30""]",True,,,0.09,0.3,0.61,1.71,2026/09/01,2026/06/20,EUR,USD,set + collector number + name match
035,Clefairy,sv3pt5-35,EXACT,True,False,True,True,False,True,0.02,0.02,0.05,0.23,0.02,0.21,0.06,0.24,0.05,0.23,"[""reverseHoloLow"",""reverseHoloTrend"",""reverseHoloAvg1"",""reverseHoloAvg7"",""reverseHoloAvg30""]",True,0.01,0.22,,,0.09,0.32,2026/09/01,2026/06/11,EUR,USD,set + collector number + name match
036,Clefable,sv3pt5-36,EXACT,True,False,True,True,False,True,0.02,0.02,0.07,0.19,0.03,0.19,0.07,0.24,0.07,0.23,"[""reverseHoloLow"",""reverseHoloTrend"",""reverseHoloAvg1"",""reverseHoloAvg7"",""reverseHoloAvg30""]",True,0.02,0.14,,,0.05,0.32,2026/09/01,2026/06/11,EUR,USD,set + collector number + name match
037,Vulpix,sv3pt5-37,EXACT,True,False,True,True,False,True,0.02,0.02,0.04,0.15,0.04,0.09,0.04,0.17,0.05,0.18,"[""reverseHoloLow"",""reverseHoloTrend"",""reverseHoloAvg1"",""reverseHoloAvg7"",""reverseHoloAvg30""]",True,0.01,0.16,,,0.01,0.34,2026/09/01,2026/02/04,EUR,USD,set + collector number + name match
038,Ninetales ex,sv3pt5-38,EXACT,False,True,False,False,True,False,0.4,0.0,1.5,0.0,1.57,0.0,1.41,0.0,1.49,0.0,"[""reverseHoloLow"",""reverseHoloTrend"",""reverseHoloAvg1"",""reverseHoloAvg7"",""reverseHoloAvg30""]",False,,,1.0,2.23,,,2026/09/01,2026/02/04,EUR,USD,set + collector number + name match
039,Jigglypuff,sv3pt5-39,EXACT,True,False,True,True,False,True,0.02,0.02,0.03,0.21,0.05,0.15,0.04,0.22,0.04,0.2,"[""reverseHoloLow"",""reverseHoloTrend"",""reverseHoloAvg1"",""reverseHoloAvg7"",""reverseHoloAvg30""]",True,0.01,0.17,,,0.1,0.32,2026/09/01,2026/02/22,EUR,USD,set + collector number + name match
040,Wigglytuff ex,sv3pt5-40,EXACT,False,True,False,False,True,False,0.25,0.0,1.16,0.0,1.02,0.0,1.08,0.0,1.24,0.0,"[""reverseHoloLow"",""reverseHoloTrend"",""reverseHoloAvg1"",""reverseHoloAvg7"",""reverseHoloAvg30""]",False,,,0.3,1.43,,,2026/09/01,2026/02/22,EUR,USD,set + collector number + name match
041,Zubat,sv3pt5-41,EXACT,True,False,True,True,False,True,0.02,0.02,0.04,0.22,0.07,0.17,0.04,0.19,0.04,0.18,"[""reverseHoloLow"",""reverseHoloTrend"",""reverseHoloAvg1"",""reverseHoloAvg7"",""reverseHoloAvg30""]",True,0.01,0.11,,,0.1,0.26,2026/09/01,2026/02/22,EUR,USD,set + collector number + name match
042,Golbat,sv3pt5-42,EXACT,True,False,True,True,False,True,0.02,0.02,0.06,0.19,0.04,0.13,0.05,0.2,0.06,0.18,"[""reverseHoloLow"",""reverseHoloTrend"",""reverseHoloAvg1"",""reverseHoloAvg7"",""reverseHoloAvg30""]",True,0.01,0.09,,,0.09,0.31,2026/09/01,2026/02/04,EUR,USD,set + collector number + name match
043,Oddish,sv3pt5-43,EXACT,True,False,True,True,False,True,0.02,0.02,0.04,0.19,0.05,0.22,0.04,0.21,0.04,0.17,"[""reverseHoloLow"",""reverseHoloTrend"",""reverseHoloAvg1"",""reverseHoloAvg7"",""reverseHoloAvg30""]",True,0.01,0.17,,,0.05,0.26,2026/09/01,2026/02/22,EUR,USD,set + collector number + name match
044,Gloom,sv3pt5-44,EXACT,True,False,True,True,False,True,0.02,0.02,0.07,0.22,0.02,0.2,0.06,0.23,0.06,0.23,"[""reverseHoloLow"",""reverseHoloTrend"",""reverseHoloAvg1"",""reverseHoloAvg7"",""reverseHoloAvg30""]",True,0.01,0.2,,,0.07,0.27,2026/09/01,2026/06/11,EUR,USD,set + collector number + name match
045,Vileplume,sv3pt5-45,EXACT,False,True,True,False,True,True,0.02,0.1,0.22,1.17,0.17,1.06,0.14,1.53,0.18,1.48,"[""reverseHoloLow"",""reverseHoloTrend"",""reverseHoloAvg1"",""reverseHoloAvg7"",""reverseHoloAvg30""]",True,,,0.03,0.26,0.48,0.83,2026/09/01,2026/06/11,EUR,USD,set + collector number + name match
046,Paras,sv3pt5-46,EXACT,True,False,True,True,False,True,0.02,0.02,0.05,0.19,0.03,0.14,0.04,0.21,0.04,0.2,"[""reverseHoloLow"",""reverseHoloTrend"",""reverseHoloAvg1"",""reverseHoloAvg7"",""reverseHoloAvg30""]",True,0.01,0.15,,,0.05,0.25,2026/09/01,2026/06/11,EUR,USD,set + collector number + name match
047,Parasect,sv3pt5-47,EXACT,True,False,True,True,False,True,0.02,0.02,0.05,0.23,0.07,0.2,0.06,0.22,0.06,0.19,"[""reverseHoloLow"",""reverseHoloTrend"",""reverseHoloAvg1"",""reverseHoloAvg7"",""reverseHoloAvg30""]",True,0.01,0.2,,,0.07,0.29,2026/09/01,2026/05/07,EUR,USD,set + collector number + name match
048,Venonat,sv3pt5-48,EXACT,True,False,True,True,False,True,0.02,0.02,0.03,0.15,0.04,0.14,0.04,0.17,0.05,0.18,"[""reverseHoloLow"",""reverseHoloTrend"",""reverseHoloAvg1"",""reverseHoloAvg7"",""reverseHoloAvg30""]",True,0.01,0.18,,,0.07,0.22,2026/09/01,2026/02/04,EUR,USD,set + collector number + name match
049,Venomoth,sv3pt5-49,EXACT,True,False,True,True,False,True,0.02,0.02,0.06,0.16,0.06,0.15,0.06,0.14,0.05,0.17,"[""reverseHoloLow"",""reverseHoloTrend"",""reverseHoloAvg1"",""reverseHoloAvg7"",""reverseHoloAvg30""]",True,0.04,0.17,,,0.1,0.32,2026/09/01,2026/02/22,EUR,USD,set + collector number + name match
050,Diglett,sv3pt5-50,EXACT,True,False,True,True,False,True,0.02,0.02,0.04,0.24,0.06,0.18,0.04,0.24,0.05,0.19,"[""reverseHoloLow"",""reverseHoloTrend"",""reverseHoloAvg1"",""reverseHoloAvg7"",""reverseHoloAvg30""]",True,0.01,0.14,,,0.01,0.26,2026/09/01,2026/05/07,EUR,USD,set + collector number + name match
051,Dugtrio,sv3pt5-51,EXACT,True,False,True,True,False,True,0.02,0.02,0.05,0.19,0.02,0.14,0.06,0.21,0.06,0.22,"[""reverseHoloLow"",""reverseHoloTrend"",""reverseHoloAvg1"",""reverseHoloAvg7"",""reverseHoloAvg30""]",True,0.01,0.12,,,0.01,0.23,2026/09/01,2026/06/11,EUR,USD,set + collector number + name match
052,Meowth,sv3pt5-52,EXACT,True,False,True,True,False,True,0.02,0.02,0.06,0.2,0.09,0.12,0.05,0.2,0.05,0.2,"[""reverseHoloLow"",""reverseHoloTrend"",""reverseHoloAvg1"",""reverseHoloAvg7"",""reverseHoloAvg30""]",True,0.03,0.19,,,0.09,0.25,2026/09/01,2026/02/04,EUR,USD,set + collector number + name match
053,Persian,sv3pt5-53,EXACT,True,False,True,True,False,True,0.02,0.02,0.05,0.14,0.04,0.06,0.05,0.13,0.05,0.17,"[""reverseHoloLow"",""reverseHoloTrend"",""reverseHoloAvg1"",""reverseHoloAvg7"",""reverseHoloAvg30""]",True,0.01,0.15,,,0.08,0.26,2026/09/01,2026/02/04,EUR,USD,set + collector number + name match
054,Psyduck,sv3pt5-54,EXACT,True,False,True,True,False,True,0.02,0.02,0.07,0.21,0.08,0.26,0.06,0.22,0.07,0.24,"[""reverseHoloLow"",""reverseHoloTrend"",""reverseHoloAvg1"",""reverseHoloAvg7"",""reverseHoloAvg30""]",True,0.03,0.27,,,0.15,0.88,2026/09/01,2026/02/04,EUR,USD,set + collector number + name match
055,Golduck,sv3pt5-55,EXACT,True,False,True,True,False,True,0.02,0.02,0.05,0.23,0.02,0.28,0.06,0.22,0.05,0.2,"[""reverseHoloLow"",""reverseHoloTrend"",""reverseHoloAvg1"",""reverseHoloAvg7"",""reverseHoloAvg30""]",True,0.01,0.16,,,0.06,0.28,2026/09/01,2026/01/16,EUR,USD,set + collector number + name match
056,Mankey,sv3pt5-56,EXACT,True,False,True,True,False,True,0.02,0.02,0.05,0.19,0.08,0.19,0.05,0.17,0.04,0.19,"[""reverseHoloLow"",""reverseHoloTrend"",""reverseHoloAvg1"",""reverseHoloAvg7"",""reverseHoloAvg30""]",True,0.01,0.14,,,0.08,0.25,2026/09/01,2026/01/19,EUR,USD,set + collector number + name match
057,Primeape,sv3pt5-57,EXACT,True,False,True,True,False,True,0.02,0.02,0.06,0.21,0.05,0.19,0.06,0.2,0.05,0.2,"[""reverseHoloLow"",""reverseHoloTrend"",""reverseHoloAvg1"",""reverseHoloAvg7"",""reverseHoloAvg30""]",True,0.01,0.16,,,0.05,0.27,2026/09/01,2026/01/16,EUR,USD,set + collector number + name match
058,Growlithe,sv3pt5-58,EXACT,True,False,True,True,False,True,0.02,0.02,0.05,0.26,0.07,0.18,0.04,0.23,0.04,0.22,"[""reverseHoloLow"",""reverseHoloTrend"",""reverseHoloAvg1"",""reverseHoloAvg7"",""reverseHoloAvg30""]",True,0.01,0.17,,,0.1,0.3,2026/09/01,2026/01/19,EUR,USD,set + collector number + name match
059,Arcanine,sv3pt5-59,EXACT,True,False,True,True,False,True,0.02,0.02,0.06,0.2,0.04,0.2,0.05,0.22,0.06,0.25,"[""reverseHoloLow"",""reverseHoloTrend"",""reverseHoloAvg1"",""reverseHoloAvg7"",""reverseHoloAvg30""]",True,0.04,0.25,,,0.12,0.36,2026/09/01,2026/02/04,EUR,USD,set + collector number + name match
060,Poliwag,sv3pt5-60,EXACT,True,False,True,True,False,True,0.02,0.02,0.04,0.16,0.06,0.17,0.04,0.18,0.04,0.16,"[""reverseHoloLow"",""reverseHoloTrend"",""reverseHoloAvg1"",""reverseHoloAvg7"",""reverseHoloAvg30""]",True,0.01,0.11,,,0.1,0.28,2026/09/01,2026/02/04,EUR,USD,set + collector number + name match
061,Poliwhirl,sv3pt5-61,EXACT,True,False,True,True,False,True,0.02,0.05,0.15,1.88,0.07,2.06,0.15,1.98,0.12,1.95,"[""reverseHoloLow"",""reverseHoloTrend"",""reverseHoloAvg1"",""reverseHoloAvg7"",""reverseHoloAvg30""]",True,0.04,0.25,,,1.0,3.85,2026/09/01,2026/02/04,EUR,USD,set + collector number + name match
062,Poliwrath,sv3pt5-62,EXACT,True,False,True,True,False,True,0.02,0.02,0.07,0.25,0.07,0.17,0.06,0.23,0.06,0.21,"[""reverseHoloLow"",""reverseHoloTrend"",""reverseHoloAvg1"",""reverseHoloAvg7"",""reverseHoloAvg30""]",True,0.01,0.18,,,0.1,0.29,2026/09/01,2026/01/16,EUR,USD,set + collector number + name match
063,Abra,sv3pt5-63,EXACT,True,False,True,True,False,True,0.02,0.02,0.07,0.21,0.03,0.17,0.04,0.17,0.05,0.19,"[""reverseHoloLow"",""reverseHoloTrend"",""reverseHoloAvg1"",""reverseHoloAvg7"",""reverseHoloAvg30""]",True,0.01,0.17,,,0.01,0.3,2026/09/01,2026/01/19,EUR,USD,set + collector number + name match
064,Kadabra,sv3pt5-64,EXACT,True,False,True,True,False,True,0.02,0.0,0.25,0.0,0.29,0.0,0.28,0.0,0.3,0.0,"[""reverseHoloLow"",""reverseHoloTrend"",""reverseHoloAvg1"",""reverseHoloAvg7"",""reverseHoloAvg30""]",False,0.03,0.24,,,0.07,0.27,2026/09/01,2026/01/19,EUR,USD,set + collector number + name match
065,Alakazam ex,sv3pt5-65,EXACT,False,True,False,False,True,False,0.43,0.0,2.18,0.0,2.71,0.0,1.8,0.0,1.95,0.0,"[""reverseHoloLow"",""reverseHoloTrend"",""reverseHoloAvg1"",""reverseHoloAvg7"",""reverseHoloAvg30""]",False,,,0.75,2.39,,,2026/09/01,2026/01/16,EUR,USD,set + collector number + name match
066,Machop,sv3pt5-66,EXACT,True,False,True,True,False,True,0.02,0.02,0.04,0.21,0.05,0.16,0.05,0.17,0.05,0.21,"[""reverseHoloLow"",""reverseHoloTrend"",""reverseHoloAvg1"",""reverseHoloAvg7"",""reverseHoloAvg30""]",True,0.01,0.2,,,0.07,0.32,2026/09/01,2026/01/19,EUR,USD,set + collector number + name match
067,Machoke,sv3pt5-67,EXACT,True,False,True,True,False,True,0.02,0.02,0.05,0.22,0.08,0.23,0.06,0.18,0.06,0.2,"[""reverseHoloLow"",""reverseHoloTrend"",""reverseHoloAvg1"",""reverseHoloAvg7"",""reverseHoloAvg30""]",True,0.01,0.21,,,0.05,0.32,2026/09/01,2026/01/19,EUR,USD,set + collector number + name match
068,Machamp,sv3pt5-68,EXACT,False,True,True,False,True,True,0.02,0.1,0.22,1.17,0.13,1.37,0.21,1.27,0.21,1.14,"[""reverseHoloLow"",""reverseHoloTrend"",""reverseHoloAvg1"",""reverseHoloAvg7"",""reverseHoloAvg30""]",True,,,0.07,0.27,0.55,0.9,2026/09/01,2026/01/19,EUR,USD,set + collector number + name match
069,Bellsprout,sv3pt5-69,EXACT,True,False,True,True,False,True,0.02,0.02,0.04,0.22,0.04,0.49,0.04,0.22,0.05,0.2,"[""reverseHoloLow"",""reverseHoloTrend"",""reverseHoloAvg1"",""reverseHoloAvg7"",""reverseHoloAvg30""]",True,0.01,0.15,,,0.05,0.3,2026/09/01,2026/01/19,EUR,USD,set + collector number + name match
070,Weepinbell,sv3pt5-70,EXACT,True,False,True,True,False,True,0.02,0.5,0.09,1.97,0.13,1.7,0.1,1.95,0.09,1.98,"[""reverseHoloLow"",""reverseHoloTrend"",""reverseHoloAvg1"",""reverseHoloAvg7"",""reverseHoloAvg30""]",True,0.01,0.17,,,1.24,1.59,2026/09/01,2026/01/19,EUR,USD,set + collector number + name match
071,Victreebel,sv3pt5-71,EXACT,True,False,True,True,False,True,0.02,0.02,0.07,0.17,0.04,0.12,0.06,0.18,0.06,0.19,"[""reverseHoloLow"",""reverseHoloTrend"",""reverseHoloAvg1"",""reverseHoloAvg7"",""reverseHoloAvg30""]",True,0.03,0.17,,,0.1,0.26,2026/09/01,2026/02/04,EUR,USD,set + collector number + name match
072,Tentacool,sv3pt5-72,EXACT,True,False,True,True,False,True,0.02,0.02,0.05,0.19,0.09,0.09,0.04,0.17,0.04,0.19,"[""reverseHoloLow"",""reverseHoloTrend"",""reverseHoloAvg1"",""reverseHoloAvg7"",""reverseHoloAvg30""]",True,0.01,0.16,,,0.05,0.27,2026/09/01,2026/01/19,EUR,USD,set + collector number + name match
073,Tentacruel,sv3pt5-73,EXACT,True,False,True,True,False,True,0.02,0.02,0.07,0.2,0.08,0.15,0.06,0.19,0.05,0.2,"[""reverseHoloLow"",""reverseHoloTrend"",""reverseHoloAvg1"",""reverseHoloAvg7"",""reverseHoloAvg30""]",True,0.01,0.22,,,0.08,0.29,2026/09/01,2026/01/19,EUR,USD,set + collector number + name match
074,Geodude,sv3pt5-74,EXACT,True,False,True,True,False,True,0.02,0.02,0.05,0.21,0.03,0.31,0.06,0.23,0.04,0.2,"[""reverseHoloLow"",""reverseHoloTrend"",""reverseHoloAvg1"",""reverseHoloAvg7"",""reverseHoloAvg30""]",True,0.01,0.14,,,0.07,0.23,2026/09/01,2026/01/16,EUR,USD,set + collector number + name match
075,Graveler,sv3pt5-75,EXACT,True,False,True,True,False,True,0.02,0.02,0.07,0.22,0.07,0.2,0.07,0.16,0.06,0.2,"[""reverseHoloLow"",""reverseHoloTrend"",""reverseHoloAvg1"",""reverseHoloAvg7"",""reverseHoloAvg30""]",True,0.01,0.16,,,0.06,0.26,2026/09/01,2026/01/19,EUR,USD,set + collector number + name match
076,Golem ex,sv3pt5-76,EXACT,False,True,False,False,True,False,0.15,0.0,1.47,0.0,1.83,0.0,1.39,0.0,1.56,0.0,"[""reverseHoloLow"",""reverseHoloTrend"",""reverseHoloAvg1"",""reverseHoloAvg7"",""reverseHoloAvg30""]",False,,,0.5,1.14,,,2026/09/01,2026/01/19,EUR,USD,set + collector number + name match
077,Ponyta,sv3pt5-77,EXACT,True,False,True,True,False,True,0.02,0.02,0.05,0.17,0.09,0.14,0.05,0.17,0.04,0.19,"[""reverseHoloLow"",""reverseHoloTrend"",""reverseHoloAvg1"",""reverseHoloAvg7"",""reverseHoloAvg30""]",True,0.01,0.14,,,0.08,0.26,2026/09/01,2026/01/19,EUR,USD,set + collector number + name match
078,Rapidash,sv3pt5-78,EXACT,True,False,True,True,False,True,0.02,0.02,0.06,0.13,0.05,0.11,0.06,0.16,0.07,0.19,"[""reverseHoloLow"",""reverseHoloTrend"",""reverseHoloAvg1"",""reverseHoloAvg7"",""reverseHoloAvg30""]",True,0.02,0.18,,,0.06,0.23,2026/09/01,2026/02/04,EUR,USD,set + collector number + name match
079,Slowpoke,sv3pt5-79,EXACT,True,False,True,True,False,True,0.02,0.02,0.07,0.25,0.06,0.2,0.07,0.27,0.05,0.22,"[""reverseHoloLow"",""reverseHoloTrend"",""reverseHoloAvg1"",""reverseHoloAvg7"",""reverseHoloAvg30""]",True,0.04,0.23,,,0.1,0.45,2026/09/01,2026/01/19,EUR,USD,set + collector number + name match
080,Slowbro,sv3pt5-80,EXACT,True,False,True,True,False,True,0.02,0.02,0.05,0.26,0.03,0.15,0.05,0.18,0.05,0.19,"[""reverseHoloLow"",""reverseHoloTrend"",""reverseHoloAvg1"",""reverseHoloAvg7"",""reverseHoloAvg30""]",True,0.03,0.23,,,0.09,0.34,2026/09/01,2026/01/16,EUR,USD,set + collector number + name match
081,Magnemite,sv3pt5-81,EXACT,True,False,True,True,False,True,0.02,0.02,0.04,0.21,0.05,0.1,0.05,0.18,0.04,0.18,"[""reverseHoloLow"",""reverseHoloTrend"",""reverseHoloAvg1"",""reverseHoloAvg7"",""reverseHoloAvg30""]",True,0.02,0.17,,,0.09,0.36,2026/09/01,2026/01/16,EUR,USD,set + collector number + name match
082,Magneton,sv3pt5-82,EXACT,True,False,True,True,False,True,0.02,0.02,0.07,0.2,0.03,0.18,0.05,0.19,0.06,0.22,"[""reverseHoloLow"",""reverseHoloTrend"",""reverseHoloAvg1"",""reverseHoloAvg7"",""reverseHoloAvg30""]",True,0.04,0.19,,,0.1,0.33,2026/09/01,2026/02/01,EUR,USD,set + collector number + name match
083,Farfetch’d,sv3pt5-83,MISMATCH,True,False,True,True,False,True,0.02,0.02,0.05,0.18,0.1,0.13,0.05,0.16,0.04,0.2,"[""reverseHoloLow"",""reverseHoloTrend"",""reverseHoloAvg1"",""reverseHoloAvg7"",""reverseHoloAvg30""]",True,0.01,0.15,,,0.1,0.26,2026/09/01,2026/01/19,EUR,USD,"name ""Farfetch'd"" != 'Farfetch’d'"
084,Doduo,sv3pt5-84,EXACT,True,False,True,True,False,True,0.02,0.02,0.04,0.17,0.08,0.17,0.05,0.17,0.05,0.18,"[""reverseHoloLow"",""reverseHoloTrend"",""reverseHoloAvg1"",""reverseHoloAvg7"",""reverseHoloAvg30""]",True,0.01,0.13,,,0.05,0.23,2026/09/01,2026/01/19,EUR,USD,set + collector number + name match
085,Dodrio,sv3pt5-85,EXACT,False,True,True,False,True,True,0.02,0.05,0.2,0.82,0.15,1.4,0.19,1.02,0.19,1.08,"[""reverseHoloLow"",""reverseHoloTrend"",""reverseHoloAvg1"",""reverseHoloAvg7"",""reverseHoloAvg30""]",True,,,0.05,0.32,0.4,1.07,2026/09/01,2026/02/01,EUR,USD,set + collector number + name match
086,Seel,sv3pt5-86,EXACT,True,False,True,True,False,True,0.02,0.02,0.05,0.19,0.06,0.08,0.04,0.15,0.04,0.18,"[""reverseHoloLow"",""reverseHoloTrend"",""reverseHoloAvg1"",""reverseHoloAvg7"",""reverseHoloAvg30""]",True,0.01,0.18,,,0.05,0.21,2026/09/01,2026/01/16,EUR,USD,set + collector number + name match
087,Dewgong,sv3pt5-87,EXACT,True,False,True,True,False,True,0.02,0.02,0.06,0.2,0.06,0.25,0.06,0.21,0.06,0.2,"[""reverseHoloLow"",""reverseHoloTrend"",""reverseHoloAvg1"",""reverseHoloAvg7"",""reverseHoloAvg30""]",True,0.01,0.13,,,0.02,0.25,2026/09/01,2026/01/16,EUR,USD,set + collector number + name match
088,Grimer,sv3pt5-88,EXACT,True,False,True,True,False,True,0.02,0.02,0.04,0.14,0.04,0.1,0.03,0.17,0.04,0.19,"[""reverseHoloLow"",""reverseHoloTrend"",""reverseHoloAvg1"",""reverseHoloAvg7"",""reverseHoloAvg30""]",True,0.01,0.17,,,0.1,0.23,2026/09/01,2026/01/16,EUR,USD,set + collector number + name match
089,Muk,sv3pt5-89,EXACT,True,False,True,True,False,True,0.02,0.02,0.04,0.28,0.05,0.24,0.05,0.22,0.05,0.22,"[""reverseHoloLow"",""reverseHoloTrend"",""reverseHoloAvg1"",""reverseHoloAvg7"",""reverseHoloAvg30""]",True,0.01,0.18,,,0.05,0.28,2026/09/01,2026/01/16,EUR,USD,set + collector number + name match
090,Shellder,sv3pt5-90,EXACT,True,False,True,True,False,True,0.02,0.02,0.04,0.18,0.02,0.08,0.04,0.17,0.04,0.18,"[""reverseHoloLow"",""reverseHoloTrend"",""reverseHoloAvg1"",""reverseHoloAvg7"",""reverseHoloAvg30""]",True,0.01,0.15,,,0.05,0.26,2026/09/01,2026/01/16,EUR,USD,set + collector number + name match
091,Cloyster,sv3pt5-91,EXACT,True,False,True,True,False,True,0.02,0.02,0.06,0.22,0.04,0.18,0.07,0.24,0.06,0.23,"[""reverseHoloLow"",""reverseHoloTrend"",""reverseHoloAvg1"",""reverseHoloAvg7"",""reverseHoloAvg30""]",True,0.01,0.18,,,0.06,0.38,2026/09/01,2026/01/16,EUR,USD,set + collector number + name match
092,Gastly,sv3pt5-92,EXACT,True,False,True,True,False,True,0.02,0.02,0.06,0.19,0.03,0.23,0.05,0.19,0.05,0.2,"[""reverseHoloLow"",""reverseHoloTrend"",""reverseHoloAvg1"",""reverseHoloAvg7"",""reverseHoloAvg30""]",True,0.01,0.2,,,0.1,0.38,2026/09/01,2026/01/21,EUR,USD,set + collector number + name match
093,Haunter,sv3pt5-93,EXACT,True,False,True,True,False,True,0.02,0.02,0.07,0.24,0.05,0.22,0.07,0.22,0.06,0.24,"[""reverseHoloLow"",""reverseHoloTrend"",""reverseHoloAvg1"",""reverseHoloAvg7"",""reverseHoloAvg30""]",True,0.05,0.21,,,0.1,0.53,2026/09/01,2026/01/16,EUR,USD,set + collector number + name match
094,Gengar,sv3pt5-94,EXACT,False,True,True,False,True,True,0.02,0.5,0.43,4.63,0.38,4.58,0.39,6.11,0.49,4.4,"[""reverseHoloLow"",""reverseHoloTrend"",""reverseHoloAvg1"",""reverseHoloAvg7"",""reverseHoloAvg30""]",True,,,1.25,2.83,6.0,8.44,2026/09/01,2026/01/21,EUR,USD,set + collector number + name match
095,Onix,sv3pt5-95,EXACT,True,False,True,True,False,True,0.02,0.05,0.05,1.67,0.06,1.65,0.05,1.55,0.07,1.59,"[""reverseHoloLow"",""reverseHoloTrend"",""reverseHoloAvg1"",""reverseHoloAvg7"",""reverseHoloAvg30""]",True,0.01,0.19,,,0.74,1.46,2026/09/01,2026/01/21,EUR,USD,set + collector number + name match
096,Drowzee,sv3pt5-96,EXACT,True,False,True,True,False,True,0.02,0.02,0.04,0.18,0.03,0.37,0.03,0.17,0.04,0.16,"[""reverseHoloLow"",""reverseHoloTrend"",""reverseHoloAvg1"",""reverseHoloAvg7"",""reverseHoloAvg30""]",True,0.01,0.1,,,0.08,0.25,2026/09/01,2025/11/21,EUR,USD,set + collector number + name match
097,Hypno,sv3pt5-97,EXACT,True,False,True,True,False,True,0.02,0.19,0.06,1.48,0.05,1.62,0.06,1.33,0.05,1.61,"[""reverseHoloLow"",""reverseHoloTrend"",""reverseHoloAvg1"",""reverseHoloAvg7"",""reverseHoloAvg30""]",True,0.01,0.12,,,0.87,1.52,2026/09/01,2026/01/16,EUR,USD,set + collector number + name match
098,Krabby,sv3pt5-98,EXACT,True,False,True,True,False,True,0.02,0.02,0.04,0.19,0.03,0.27,0.03,0.16,0.04,0.15,"[""reverseHoloLow"",""reverseHoloTrend"",""reverseHoloAvg1"",""reverseHoloAvg7"",""reverseHoloAvg30""]",True,0.01,0.16,,,0.1,0.24,2026/09/01,2025/11/21,EUR,USD,set + collector number + name match
099,Kingler,sv3pt5-99,EXACT,True,False,True,True,False,True,0.02,0.06,0.04,2.09,0.04,1.83,0.05,1.94,0.06,1.66,"[""reverseHoloLow"",""reverseHoloTrend"",""reverseHoloAvg1"",""reverseHoloAvg7"",""reverseHoloAvg30""]",True,0.01,0.18,,,0.7,1.25,2026/09/01,2025/11/21,EUR,USD,set + collector number + name match
100,Voltorb,sv3pt5-100,EXACT,True,False,True,True,False,True,0.02,0.02,0.03,0.15,0.03,0.23,0.03,0.13,0.04,0.15,"[""reverseHoloLow"",""reverseHoloTrend"",""reverseHoloAvg1"",""reverseHoloAvg7"",""reverseHoloAvg30""]",True,0.01,0.13,,,0.08,0.25,2026/09/01,2025/11/21,EUR,USD,set + collector number + name match
101,Electrode,sv3pt5-101,EXACT,False,True,True,False,True,True,0.02,0.02,0.13,2.29,0.18,2.82,0.15,2.01,0.14,2.23,"[""reverseHoloLow"",""reverseHoloTrend"",""reverseHoloAvg1"",""reverseHoloAvg7"",""reverseHoloAvg30""]",True,,,0.02,0.22,0.9,1.65,2026/09/01,2025/11/21,EUR,USD,set + collector number + name match
102,Exeggcute,sv3pt5-102,EXACT,True,False,True,True,False,True,0.02,0.02,0.03,0.14,0.03,0.29,0.03,0.15,0.03,0.14,"[""reverseHoloLow"",""reverseHoloTrend"",""reverseHoloAvg1"",""reverseHoloAvg7"",""reverseHoloAvg30""]",True,0.01,0.14,,,0.1,0.24,2026/09/01,2025/11/21,EUR,USD,set + collector number + name match
103,Exeggutor,sv3pt5-103,EXACT,True,False,True,True,False,True,0.02,0.05,0.04,1.4,0.04,1.39,0.04,1.39,0.05,1.66,"[""reverseHoloLow"",""reverseHoloTrend"",""reverseHoloAvg1"",""reverseHoloAvg7"",""reverseHoloAvg30""]",True,0.01,0.18,,,0.5,1.31,2026/09/01,2025/11/21,EUR,USD,set + collector number + name match
104,Cubone,sv3pt5-104,EXACT,True,False,True,True,False,True,0.02,0.02,0.07,0.21,0.08,0.14,0.06,0.17,0.06,0.2,"[""reverseHoloLow"",""reverseHoloTrend"",""reverseHoloAvg1"",""reverseHoloAvg7"",""reverseHoloAvg30""]",True,0.03,0.19,,,0.1,0.32,2026/09/01,2026/01/16,EUR,USD,set + collector number + name match
105,Marowak,sv3pt5-105,EXACT,False,True,True,False,True,True,0.02,0.03,0.24,1.31,0.26,1.29,0.23,1.27,0.18,1.08,"[""reverseHoloLow"",""reverseHoloTrend"",""reverseHoloAvg1"",""reverseHoloAvg7"",""reverseHoloAvg30""]",True,,,0.01,0.28,0.5,0.86,2026/09/01,2026/01/16,EUR,USD,set + collector number + name match
106,Hitmonlee,sv3pt5-106,EXACT,True,False,True,True,False,True,0.02,0.17,0.06,1.48,0.05,1.47,0.06,1.48,0.06,1.43,"[""reverseHoloLow"",""reverseHoloTrend"",""reverseHoloAvg1"",""reverseHoloAvg7"",""reverseHoloAvg30""]",True,0.01,0.17,,,0.63,2.52,2026/09/01,2026/01/16,EUR,USD,set + collector number + name match
107,Hitmonchan,sv3pt5-107,EXACT,True,False,True,True,False,True,0.02,0.25,0.09,1.73,0.04,1.83,0.08,1.63,0.07,1.63,"[""reverseHoloLow"",""reverseHoloTrend"",""reverseHoloAvg1"",""reverseHoloAvg7"",""reverseHoloAvg30""]",True,0.01,0.23,,,0.48,1.44,2026/09/01,2026/01/16,EUR,USD,set + collector number + name match
108,Lickitung,sv3pt5-108,EXACT,True,False,True,True,False,True,0.02,0.02,0.03,0.17,0.03,0.27,0.03,0.16,0.04,0.17,"[""reverseHoloLow"",""reverseHoloTrend"",""reverseHoloAvg1"",""reverseHoloAvg7"",""reverseHoloAvg30""]",True,0.01,0.16,,,0.09,0.27,2026/09/01,2025/11/21,EUR,USD,set + collector number + name match
109,Koffing,sv3pt5-109,EXACT,True,False,True,True,False,True,0.02,0.02,0.03,0.18,0.03,0.39,0.03,0.16,0.03,0.15,"[""reverseHoloLow"",""reverseHoloTrend"",""reverseHoloAvg1"",""reverseHoloAvg7"",""reverseHoloAvg30""]",True,0.01,0.16,,,0.1,0.28,2026/09/01,2025/11/21,EUR,USD,set + collector number + name match
110,Weezing,sv3pt5-110,EXACT,False,True,True,False,True,True,0.02,0.04,0.2,1.08,0.22,1.25,0.19,1.03,0.16,1.07,"[""reverseHoloLow"",""reverseHoloTrend"",""reverseHoloAvg1"",""reverseHoloAvg7"",""reverseHoloAvg30""]",True,,,0.06,0.26,0.52,1.01,2026/09/01,2025/11/21,EUR,USD,set + collector number + name match
111,Rhyhorn,sv3pt5-111,EXACT,True,False,True,True,False,True,0.02,0.02,0.03,0.17,0.03,0.39,0.03,0.15,0.04,0.16,"[""reverseHoloLow"",""reverseHoloTrend"",""reverseHoloAvg1"",""reverseHoloAvg7"",""reverseHoloAvg30""]",True,0.01,0.14,,,0.1,0.29,2026/09/01,2025/11/21,EUR,USD,set + collector number + name match
112,Rhydon,sv3pt5-112,EXACT,True,False,True,True,False,True,0.02,0.02,0.06,0.21,0.06,0.12,0.05,0.22,0.05,0.18,"[""reverseHoloLow"",""reverseHoloTrend"",""reverseHoloAvg1"",""reverseHoloAvg7"",""reverseHoloAvg30""]",True,0.01,0.2,,,0.1,0.28,2026/09/01,2026/01/16,EUR,USD,set + collector number + name match
113,Chansey,sv3pt5-113,EXACT,False,True,True,False,True,True,0.02,0.04,0.17,1.57,0.21,1.33,0.2,1.34,0.18,1.31,"[""reverseHoloLow"",""reverseHoloTrend"",""reverseHoloAvg1"",""reverseHoloAvg7"",""reverseHoloAvg30""]",True,,,0.07,0.34,0.35,1.51,2026/09/01,2025/11/21,EUR,USD,set + collector number + name match
114,Tangela,sv3pt5-114,EXACT,True,False,True,True,False,True,0.02,0.02,0.03,0.16,0.03,0.25,0.03,0.15,0.03,0.15,"[""reverseHoloLow"",""reverseHoloTrend"",""reverseHoloAvg1"",""reverseHoloAvg7"",""reverseHoloAvg30""]",True,0.01,0.17,,,0.05,0.27,2026/09/01,2025/11/21,EUR,USD,set + collector number + name match
115,Kangaskhan ex,sv3pt5-115,EXACT,False,True,False,False,True,False,0.2,0.0,1.51,0.0,1.17,0.0,1.44,0.0,1.39,0.0,"[""reverseHoloLow"",""reverseHoloTrend"",""reverseHoloAvg1"",""reverseHoloAvg7"",""reverseHoloAvg30""]",False,,,0.52,1.27,,,2026/09/01,2026/01/16,EUR,USD,set + collector number + name match
116,Horsea,sv3pt5-116,EXACT,True,False,True,True,False,True,0.02,0.02,0.03,0.14,0.03,0.21,0.03,0.15,0.04,0.15,"[""reverseHoloLow"",""reverseHoloTrend"",""reverseHoloAvg1"",""reverseHoloAvg7"",""reverseHoloAvg30""]",True,0.01,0.09,,,0.1,0.23,2026/09/01,2025/11/21,EUR,USD,set + collector number + name match
117,Seadra,sv3pt5-117,EXACT,True,False,True,True,False,True,0.02,0.02,0.04,0.19,0.02,0.24,0.04,0.2,0.05,0.17,"[""reverseHoloLow"",""reverseHoloTrend"",""reverseHoloAvg1"",""reverseHoloAvg7"",""reverseHoloAvg30""]",True,0.01,0.18,,,0.08,0.26,2026/09/01,2025/12/07,EUR,USD,set + collector number + name match
118,Goldeen,sv3pt5-118,EXACT,True,False,True,True,False,True,0.02,0.02,0.03,0.16,0.03,0.28,0.03,0.14,0.04,0.15,"[""reverseHoloLow"",""reverseHoloTrend"",""reverseHoloAvg1"",""reverseHoloAvg7"",""reverseHoloAvg30""]",True,0.01,0.15,,,0.05,0.25,2026/09/01,2025/11/21,EUR,USD,set + collector number + name match
119,Seaking,sv3pt5-119,EXACT,True,False,True,True,False,True,0.02,0.02,0.06,1.44,0.1,1.97,0.05,1.36,0.05,1.42,"[""reverseHoloLow"",""reverseHoloTrend"",""reverseHoloAvg1"",""reverseHoloAvg7"",""reverseHoloAvg30""]",True,0.01,0.15,,,0.55,1.55,2026/09/01,2025/12/07,EUR,USD,set + collector number + name match
120,Staryu,sv3pt5-120,EXACT,True,False,True,True,False,True,0.02,0.02,0.03,0.18,0.02,0.29,0.03,0.21,0.04,0.17,"[""reverseHoloLow"",""reverseHoloTrend"",""reverseHoloAvg1"",""reverseHoloAvg7"",""reverseHoloAvg30""]",True,0.01,0.16,,,0.05,0.29,2026/09/01,2025/12/07,EUR,USD,set + collector number + name match
121,Starmie,sv3pt5-121,EXACT,False,True,True,False,True,True,0.02,0.02,0.15,0.89,0.17,1.16,0.17,0.98,0.15,0.97,"[""reverseHoloLow"",""reverseHoloTrend"",""reverseHoloAvg1"",""reverseHoloAvg7"",""reverseHoloAvg30""]",True,,,0.08,0.25,0.45,0.71,2026/09/01,2025/11/21,EUR,USD,set + collector number + name match
122,Mr. Mime,sv3pt5-122,EXACT,False,True,True,False,True,True,0.02,0.05,0.14,1.11,0.17,1.61,0.16,1.08,0.15,1.02,"[""reverseHoloLow"",""reverseHoloTrend"",""reverseHoloAvg1"",""reverseHoloAvg7"",""reverseHoloAvg30""]",True,,,0.02,0.31,0.18,0.65,2026/09/01,2025/11/21,EUR,USD,set + collector number + name match
123,Scyther,sv3pt5-123,EXACT,True,False,True,True,False,True,0.02,0.02,0.06,1.85,0.04,2.67,0.05,1.76,0.06,1.76,"[""reverseHoloLow"",""reverseHoloTrend"",""reverseHoloAvg1"",""reverseHoloAvg7"",""reverseHoloAvg30""]",True,0.01,0.25,,,1.0,2.15,2026/09/01,2025/11/21,EUR,USD,set + collector number + name match
124,Jynx ex,sv3pt5-124,EXACT,False,True,False,False,True,False,0.38,0.0,1.67,0.0,1.54,0.0,1.64,0.0,1.6,0.0,"[""reverseHoloLow"",""reverseHoloTrend"",""reverseHoloAvg1"",""reverseHoloAvg7"",""reverseHoloAvg30""]",False,,,0.5,1.49,,,2026/09/01,2025/11/21,EUR,USD,set + collector number + name match
125,Electabuzz,sv3pt5-125,EXACT,True,False,True,True,False,True,0.02,0.0,0.23,0.0,0.3,0.0,0.19,0.0,0.33,0.0,"[""reverseHoloLow"",""reverseHoloTrend"",""reverseHoloAvg1"",""reverseHoloAvg7"",""reverseHoloAvg30""]",False,0.01,0.17,,,0.45,0.61,2026/09/01,2025/11/21,EUR,USD,set + collector number + name match
126,Magmar,sv3pt5-126,EXACT,True,False,True,True,False,True,0.02,0.6,0.04,1.51,0.03,1.66,0.04,1.25,0.04,1.49,"[""reverseHoloLow"",""reverseHoloTrend"",""reverseHoloAvg1"",""reverseHoloAvg7"",""reverseHoloAvg30""]",True,0.01,0.13,,,0.75,1.25,2026/09/01,2025/12/07,EUR,USD,set + collector number + name match
127,Pinsir,sv3pt5-127,EXACT,True,False,True,True,False,True,0.02,0.1,0.04,1.4,0.05,1.29,0.04,1.37,0.05,1.41,"[""reverseHoloLow"",""reverseHoloTrend"",""reverseHoloAvg1"",""reverseHoloAvg7"",""reverseHoloAvg30""]",True,0.01,0.2,,,0.44,1.36,2026/09/01,2025/11/21,EUR,USD,set + collector number + name match
128,Tauros,sv3pt5-128,EXACT,True,False,True,True,False,True,0.02,0.05,0.05,1.46,0.04,0.85,0.06,1.15,0.05,1.4,"[""reverseHoloLow"",""reverseHoloTrend"",""reverseHoloAvg1"",""reverseHoloAvg7"",""reverseHoloAvg30""]",True,0.01,0.17,,,0.56,1.24,2026/09/01,2025/12/07,EUR,USD,set + collector number + name match
129,Magikarp,sv3pt5-129,EXACT,True,False,True,True,False,True,0.02,0.02,0.03,0.2,0.04,0.4,0.04,0.2,0.04,0.17,"[""reverseHoloLow"",""reverseHoloTrend"",""reverseHoloAvg1"",""reverseHoloAvg7"",""reverseHoloAvg30""]",True,0.01,0.22,,,0.13,0.33,2026/09/01,2025/11/21,EUR,USD,set + collector number + name match
130,Gyarados,sv3pt5-130,EXACT,False,True,True,False,True,True,0.02,0.05,0.19,1.38,0.28,1.93,0.19,1.44,0.18,1.26,"[""reverseHoloLow"",""reverseHoloTrend"",""reverseHoloAvg1"",""reverseHoloAvg7"",""reverseHoloAvg30""]",True,,,0.07,0.29,0.85,1.43,2026/09/01,2025/11/21,EUR,USD,set + collector number + name match
131,Lapras,sv3pt5-131,EXACT,True,False,True,True,False,True,0.02,0.05,0.05,2.28,0.05,2.24,0.06,2.28,0.05,2.29,"[""reverseHoloLow"",""reverseHoloTrend"",""reverseHoloAvg1"",""reverseHoloAvg7"",""reverseHoloAvg30""]",True,0.03,0.25,,,1.2,1.91,2026/09/01,2025/11/21,EUR,USD,set + collector number + name match
132,Ditto,sv3pt5-132,EXACT,False,True,True,False,True,True,0.02,0.1,0.25,1.31,0.25,1.23,0.24,1.26,0.22,1.31,"[""reverseHoloLow"",""reverseHoloTrend"",""reverseHoloAvg1"",""reverseHoloAvg7"",""reverseHoloAvg30""]",True,,,0.29,0.81,1.25,1.98,2026/09/01,2025/11/21,EUR,USD,set + collector number + name match
133,Eevee,sv3pt5-133,EXACT,True,False,True,True,False,True,0.02,0.02,0.09,0.21,0.03,0.31,0.05,0.18,0.07,0.2,"[""reverseHoloLow"",""reverseHoloTrend"",""reverseHoloAvg1"",""reverseHoloAvg7"",""reverseHoloAvg30""]",True,0.05,0.21,,,0.1,0.54,2026/09/01,2025/11/21,EUR,USD,set + collector number + name match
134,Vaporeon,sv3pt5-134,EXACT,False,True,True,False,True,True,0.02,0.5,0.22,1.98,0.3,2.42,0.21,1.67,0.23,1.88,"[""reverseHoloLow"",""reverseHoloTrend"",""reverseHoloAvg1"",""reverseHoloAvg7"",""reverseHoloAvg30""]",True,,,0.18,0.38,0.89,1.86,2026/09/01,2025/11/21,EUR,USD,set + collector number + name match
135,Jolteon,sv3pt5-135,EXACT,False,True,True,False,True,True,0.02,0.1,0.27,1.85,0.35,1.65,0.31,1.68,0.24,1.73,"[""reverseHoloLow"",""reverseHoloTrend"",""reverseHoloAvg1"",""reverseHoloAvg7"",""reverseHoloAvg30""]",True,,,0.1,0.36,1.15,3.57,2026/09/01,2025/11/21,EUR,USD,set + collector number + name match
136,Flareon,sv3pt5-136,EXACT,False,True,True,False,True,True,0.02,0.05,0.21,1.9,0.12,1.99,0.22,1.73,0.22,2.0,"[""reverseHoloLow"",""reverseHoloTrend"",""reverseHoloAvg1"",""reverseHoloAvg7"",""reverseHoloAvg30""]",True,,,0.05,0.32,0.71,1.73,2026/09/01,2025/11/30,EUR,USD,set + collector number + name match
137,Porygon,sv3pt5-137,EXACT,True,False,True,True,False,True,0.02,0.02,0.03,0.14,0.03,0.27,0.03,0.16,0.04,0.15,"[""reverseHoloLow"",""reverseHoloTrend"",""reverseHoloAvg1"",""reverseHoloAvg7"",""reverseHoloAvg30""]",True,0.01,0.14,,,0.1,0.27,2026/09/01,2025/11/21,EUR,USD,set + collector number + name match
138,Omanyte,sv3pt5-138,EXACT,True,False,True,True,False,True,0.02,0.8,0.04,1.7,0.05,1.44,0.05,1.92,0.06,1.59,"[""reverseHoloLow"",""reverseHoloTrend"",""reverseHoloAvg1"",""reverseHoloAvg7"",""reverseHoloAvg30""]",True,0.01,0.22,,,0.75,1.38,2026/09/01,2025/11/30,EUR,USD,set + collector number + name match
139,Omastar,sv3pt5-139,EXACT,False,True,True,False,True,True,0.02,0.1,0.15,1.02,0.17,0.97,0.12,0.93,0.14,0.96,"[""reverseHoloLow"",""reverseHoloTrend"",""reverseHoloAvg1"",""reverseHoloAvg7"",""reverseHoloAvg30""]",True,,,0.01,0.28,0.18,1.18,2026/09/01,2025/11/30,EUR,USD,set + collector number + name match
140,Kabuto,sv3pt5-140,EXACT,True,False,True,True,False,True,0.02,0.02,0.06,1.39,0.04,1.76,0.05,1.22,0.06,1.39,"[""reverseHoloLow"",""reverseHoloTrend"",""reverseHoloAvg1"",""reverseHoloAvg7"",""reverseHoloAvg30""]",True,0.01,0.25,,,0.75,1.67,2026/09/01,2025/11/21,EUR,USD,set + collector number + name match
141,Kabutops,sv3pt5-141,EXACT,False,True,True,False,True,True,0.02,0.09,0.19,1.05,0.35,1.88,0.19,1.17,0.18,1.06,"[""reverseHoloLow"",""reverseHoloTrend"",""reverseHoloAvg1"",""reverseHoloAvg7"",""reverseHoloAvg30""]",True,,,0.02,0.26,0.62,2.41,2026/09/01,2025/11/21,EUR,USD,set + collector number + name match
142,Aerodactyl,sv3pt5-142,EXACT,False,True,True,False,True,True,0.02,0.05,0.2,1.39,0.18,1.35,0.2,1.34,0.19,1.18,"[""reverseHoloLow"",""reverseHoloTrend"",""reverseHoloAvg1"",""reverseHoloAvg7"",""reverseHoloAvg30""]",True,,,0.1,0.39,0.5,1.21,2026/09/01,2025/11/21,EUR,USD,set + collector number + name match
143,Snorlax,sv3pt5-143,EXACT,True,False,True,True,False,True,0.02,1.0,0.12,2.14,0.26,2.19,0.11,2.1,0.08,2.16,"[""reverseHoloLow"",""reverseHoloTrend"",""reverseHoloAvg1"",""reverseHoloAvg7"",""reverseHoloAvg30""]",True,0.03,0.27,,,1.5,5.5,2026/09/01,2025/11/21,EUR,USD,set + collector number + name match
144,Articuno,sv3pt5-144,EXACT,False,True,True,False,True,True,0.02,0.05,0.22,1.61,0.31,1.95,0.26,1.54,0.23,1.6,"[""reverseHoloLow"",""reverseHoloTrend"",""reverseHoloAvg1"",""reverseHoloAvg7"",""reverseHoloAvg30""]",True,,,0.08,0.33,0.66,1.18,2026/09/01,2025/11/21,EUR,USD,set + collector number + name match
145,Zapdos ex,sv3pt5-145,EXACT,False,True,False,False,True,False,0.6,0.0,1.48,0.0,1.69,0.0,1.52,0.0,1.6,0.0,"[""reverseHoloLow"",""reverseHoloTrend"",""reverseHoloAvg1"",""reverseHoloAvg7"",""reverseHoloAvg30""]",False,,,0.75,2.08,,,2026/09/01,2025/11/18,EUR,USD,set + collector number + name match
146,Moltres,sv3pt5-146,EXACT,False,True,True,False,True,True,0.02,0.04,0.2,1.37,0.15,0.84,0.23,1.32,0.23,1.38,"[""reverseHoloLow"",""reverseHoloTrend"",""reverseHoloAvg1"",""reverseHoloAvg7"",""reverseHoloAvg30""]",True,,,0.1,0.31,0.67,1.33,2026/09/01,2025/11/18,EUR,USD,set + collector number + name match
147,Dratini,sv3pt5-147,EXACT,True,False,True,True,False,True,0.02,0.02,0.07,0.18,0.05,0.07,0.07,0.15,0.07,0.19,"[""reverseHoloLow"",""reverseHoloTrend"",""reverseHoloAvg1"",""reverseHoloAvg7"",""reverseHoloAvg30""]",True,0.09,0.24,,,0.07,0.34,2026/09/01,2025/11/18,EUR,USD,set + collector number + name match
148,Dragonair,sv3pt5-148,EXACT,True,False,True,True,False,True,0.02,0.69,0.09,2.5,0.04,4.57,0.06,2.63,0.07,2.77,"[""reverseHoloLow"",""reverseHoloTrend"",""reverseHoloAvg1"",""reverseHoloAvg7"",""reverseHoloAvg30""]",True,0.02,0.26,,,1.6,2.85,2026/09/01,2025/11/21,EUR,USD,set + collector number + name match
149,Dragonite,sv3pt5-149,EXACT,False,True,True,False,True,True,0.02,0.05,0.39,1.96,0.55,1.68,0.48,1.92,0.37,1.97,"[""reverseHoloLow"",""reverseHoloTrend"",""reverseHoloAvg1"",""reverseHoloAvg7"",""reverseHoloAvg30""]",True,,,0.3,1.8,0.75,2.62,2026/09/01,2025/11/21,EUR,USD,set + collector number + name match
150,Mewtwo,sv3pt5-150,EXACT,False,True,True,False,True,True,0.02,0.05,0.31,2.41,0.42,2.0,0.37,2.51,0.4,2.39,"[""reverseHoloLow"",""reverseHoloTrend"",""reverseHoloAvg1"",""reverseHoloAvg7"",""reverseHoloAvg30""]",True,,,0.69,2.36,2.79,4.41,2026/09/01,2025/11/21,EUR,USD,set + collector number + name match
151,Mew ex,sv3pt5-151,EXACT,False,True,False,False,True,False,6.5,0.0,9.66,0.0,10.04,0.0,8.5,0.0,9.38,0.0,"[""reverseHoloLow"",""reverseHoloTrend"",""reverseHoloAvg1"",""reverseHoloAvg7"",""reverseHoloAvg30""]",False,,,6.0,9.73,,,2026/09/01,2025/11/18,EUR,USD,set + collector number + name match
152,Antique Dome Fossil,sv3pt5-152,EXACT,True,False,True,True,False,True,0.02,0.05,0.05,0.76,0.06,1.07,0.06,0.73,0.06,0.94,"[""reverseHoloLow"",""reverseHoloTrend"",""reverseHoloAvg1"",""reverseHoloAvg7"",""reverseHoloAvg30""]",True,0.04,0.22,,,0.19,3.2,2026/09/01,2025/11/21,EUR,USD,set + collector number + name match
153,Antique Helix Fossil,sv3pt5-153,EXACT,True,False,True,True,False,True,0.02,0.3,0.05,1.24,0.05,1.57,0.06,1.23,0.07,1.21,"[""reverseHoloLow"",""reverseHoloTrend"",""reverseHoloAvg1"",""reverseHoloAvg7"",""reverseHoloAvg30""]",True,0.03,0.22,,,0.5,1.13,2026/09/01,2025/11/21,EUR,USD,set + collector number + name match
154,Antique Old Amber,sv3pt5-154,EXACT,True,False,True,True,False,True,0.02,0.3,0.08,1.11,0.07,0.75,0.07,1.08,0.06,1.08,"[""reverseHoloLow"",""reverseHoloTrend"",""reverseHoloAvg1"",""reverseHoloAvg7"",""reverseHoloAvg30""]",True,0.01,0.26,,,0.5,0.92,2026/09/01,2025/11/18,EUR,USD,set + collector number + name match
155,Big Air Balloon,sv3pt5-155,EXACT,True,False,True,True,False,True,0.02,0.2,0.05,0.88,0.03,0.8,0.05,0.83,0.08,1.0,"[""reverseHoloLow"",""reverseHoloTrend"",""reverseHoloAvg1"",""reverseHoloAvg7"",""reverseHoloAvg30""]",True,0.01,0.23,,,0.25,0.68,2026/09/01,2025/11/18,EUR,USD,set + collector number + name match
156,Bill’s Transfer,sv3pt5-156,MISMATCH,True,False,True,True,False,True,0.02,0.04,0.12,0.89,0.04,1.27,0.12,0.85,0.09,0.89,"[""reverseHoloLow"",""reverseHoloTrend"",""reverseHoloAvg1"",""reverseHoloAvg7"",""reverseHoloAvg30""]",True,0.01,0.21,,,0.21,0.62,2026/09/01,2025/11/21,EUR,USD,"name ""Bill's Transfer"" != 'Bill’s Transfer'"
157,Cycling Road,sv3pt5-157,EXACT,True,False,True,True,False,True,0.02,0.04,0.06,1.08,0.04,2.02,0.05,0.97,0.05,1.1,"[""reverseHoloLow"",""reverseHoloTrend"",""reverseHoloAvg1"",""reverseHoloAvg7"",""reverseHoloAvg30""]",True,0.01,0.18,,,0.48,0.63,2026/09/01,2025/11/21,EUR,USD,set + collector number + name match
158,Daisy’s Help,sv3pt5-158,MISMATCH,True,False,True,True,False,True,0.02,0.05,0.05,0.8,0.03,0.61,0.03,0.83,0.06,0.9,"[""reverseHoloLow"",""reverseHoloTrend"",""reverseHoloAvg1"",""reverseHoloAvg7"",""reverseHoloAvg30""]",True,0.01,0.22,,,0.25,0.63,2026/09/01,2025/11/18,EUR,USD,"name ""Daisy's Help"" != 'Daisy’s Help'"
159,Energy Sticker,sv3pt5-159,EXACT,True,False,True,True,False,True,0.02,0.2,0.12,1.2,0.08,0.85,0.09,1.14,0.12,1.18,"[""reverseHoloLow"",""reverseHoloTrend"",""reverseHoloAvg1"",""reverseHoloAvg7"",""reverseHoloAvg30""]",True,0.05,0.27,,,0.6,1.03,2026/09/01,2025/11/18,EUR,USD,set + collector number + name match
160,Erika’s Invitation,sv3pt5-160,MISMATCH,True,False,True,True,False,True,0.02,0.07,0.05,1.01,0.04,1.23,0.05,1.0,0.07,0.98,"[""reverseHoloLow"",""reverseHoloTrend"",""reverseHoloAvg1"",""reverseHoloAvg7"",""reverseHoloAvg30""]",True,0.02,0.2,,,0.5,0.92,2026/09/01,2025/11/18,EUR,USD,"name ""Erika's Invitation"" != 'Erika’s Invitation'"
161,Giovanni’s Charisma,sv3pt5-161,MISMATCH,True,False,True,True,False,True,0.02,0.02,0.06,1.22,0.03,1.0,0.07,1.3,0.08,1.11,"[""reverseHoloLow"",""reverseHoloTrend"",""reverseHoloAvg1"",""reverseHoloAvg7"",""reverseHoloAvg30""]",True,0.01,0.23,,,0.6,1.01,2026/09/01,2025/11/18,EUR,USD,"name ""Giovanni's Charisma"" != 'Giovanni’s Charisma'"
162,Grabber,sv3pt5-162,EXACT,True,False,True,True,False,True,0.02,0.14,0.21,1.16,0.08,1.62,0.18,1.05,0.15,1.06,"[""reverseHoloLow"",""reverseHoloTrend"",""reverseHoloAvg1"",""reverseHoloAvg7"",""reverseHoloAvg30""]",True,0.05,0.26,,,0.38,1.0,2026/09/01,2025/11/21,EUR,USD,set + collector number + name match
163,Leftovers,sv3pt5-163,EXACT,True,False,True,True,False,True,0.02,0.15,0.06,1.12,0.04,1.56,0.05,1.1,0.07,1.03,"[""reverseHoloLow"",""reverseHoloTrend"",""reverseHoloAvg1"",""reverseHoloAvg7"",""reverseHoloAvg30""]",True,0.01,0.22,,,0.3,0.73,2026/09/01,2025/11/21,EUR,USD,set + collector number + name match
164,Protective Goggles,sv3pt5-164,EXACT,True,False,True,True,False,True,0.02,0.05,0.09,1.29,0.04,0.94,0.09,1.25,0.12,1.15,"[""reverseHoloLow"",""reverseHoloTrend"",""reverseHoloAvg1"",""reverseHoloAvg7"",""reverseHoloAvg30""]",True,0.01,0.28,,,0.3,0.73,2026/09/01,2025/11/18,EUR,USD,set + collector number + name match
165,Rigid Band,sv3pt5-165,EXACT,True,False,True,True,False,True,0.02,0.25,0.05,1.0,0.05,0.68,0.05,1.0,0.09,1.05,"[""reverseHoloLow"",""reverseHoloTrend"",""reverseHoloAvg1"",""reverseHoloAvg7"",""reverseHoloAvg30""]",True,0.01,0.2,,,0.49,0.9,2026/09/01,2025/11/18,EUR,USD,set + collector number + name match
166,Bulbasaur,sv3pt5-166,EXACT,False,True,False,False,True,False,19.99,0.0,41.29,0.0,47.5,0.0,39.89,0.0,42.52,0.0,"[""reverseHoloLow"",""reverseHoloTrend"",""reverseHoloAvg1"",""reverseHoloAvg7"",""reverseHoloAvg30""]",False,,,62.99,80.66,,,2026/09/01,2025/11/18,EUR,USD,set + collector number + name match
167,Ivysaur,sv3pt5-167,EXACT,False,True,False,False,True,False,15.0,0.0,35.26,0.0,42.54,0.0,39.74,0.0,35.4,0.0,"[""reverseHoloLow"",""reverseHoloTrend"",""reverseHoloAvg1"",""reverseHoloAvg7"",""reverseHoloAvg30""]",False,,,38.66,44.19,,,2026/09/01,2025/11/18,EUR,USD,set + collector number + name match
168,Charmander,sv3pt5-168,EXACT,False,True,False,False,True,False,40.0,0.0,48.15,0.0,51.65,0.0,51.86,0.0,54.44,0.0,"[""reverseHoloLow"",""reverseHoloTrend"",""reverseHoloAvg1"",""reverseHoloAvg7"",""reverseHoloAvg30""]",False,,,74.23,94.32,,,2026/09/01,2025/11/18,EUR,USD,set + collector number + name match
169,Charmeleon,sv3pt5-169,EXACT,False,True,False,False,True,False,22.0,0.0,34.98,0.0,35.43,0.0,39.09,0.0,39.36,0.0,"[""reverseHoloLow"",""reverseHoloTrend"",""reverseHoloAvg1"",""reverseHoloAvg7"",""reverseHoloAvg30""]",False,,,51.67,56.89,,,2026/09/01,2025/11/18,EUR,USD,set + collector number + name match
170,Squirtle,sv3pt5-170,EXACT,False,True,False,False,True,False,29.0,0.0,42.81,0.0,37.06,0.0,43.53,0.0,50.35,0.0,"[""reverseHoloLow"",""reverseHoloTrend"",""reverseHoloAvg1"",""reverseHoloAvg7"",""reverseHoloAvg30""]",False,,,84.98,97.63,,,2026/09/01,2025/11/18,EUR,USD,set + collector number + name match
171,Wartortle,sv3pt5-171,EXACT,False,True,False,False,True,False,22.0,0.0,26.89,0.0,25.32,0.0,32.24,0.0,36.5,0.0,"[""reverseHoloLow"",""reverseHoloTrend"",""reverseHoloAvg1"",""reverseHoloAvg7"",""reverseHoloAvg30""]",False,,,46.98,62.36,,,2026/09/01,2025/11/18,EUR,USD,set + collector number + name match
172,Caterpie,sv3pt5-172,EXACT,False,True,False,False,True,False,6.99,0.0,12.45,0.0,11.07,0.0,12.25,0.0,12.59,0.0,"[""reverseHoloLow"",""reverseHoloTrend"",""reverseHoloAvg1"",""reverseHoloAvg7"",""reverseHoloAvg30""]",False,,,16.43,19.79,,,2026/09/01,2025/11/21,EUR,USD,set + collector number + name match
173,Pikachu,sv3pt5-173,EXACT,False,True,False,False,True,False,20.0,0.0,44.73,0.0,52.96,0.0,44.13,0.0,45.48,0.0,"[""reverseHoloLow"",""reverseHoloTrend"",""reverseHoloAvg1"",""reverseHoloAvg7"",""reverseHoloAvg30""]",False,,,70.98,84.5,,,2026/09/01,2025/11/21,EUR,USD,set + collector number + name match
174,Nidoking,sv3pt5-174,EXACT,False,True,False,False,True,False,7.89,0.0,13.45,0.0,11.1,0.0,12.61,0.0,13.87,0.0,"[""reverseHoloLow"",""reverseHoloTrend"",""reverseHoloAvg1"",""reverseHoloAvg7"",""reverseHoloAvg30""]",False,,,16.5,20.98,,,2026/09/01,2025/11/18,EUR,USD,set + collector number + name match
175,Psyduck,sv3pt5-175,EXACT,False,True,False,False,True,False,16.0,0.0,23.66,0.0,23.97,0.0,27.08,0.0,27.22,0.0,"[""reverseHoloLow"",""reverseHoloTrend"",""reverseHoloAvg1"",""reverseHoloAvg7"",""reverseHoloAvg30""]",False,,,58.0,66.9,,,2026/09/01,2025/11/18,EUR,USD,set + collector number + name match
176,Poliwhirl,sv3pt5-176,EXACT,False,True,False,False,True,False,16.0,0.0,25.38,0.0,24.0,0.0,26.9,0.0,23.85,0.0,"[""reverseHoloLow"",""reverseHoloTrend"",""reverseHoloAvg1"",""reverseHoloAvg7"",""reverseHoloAvg30""]",False,,,34.0,42.86,,,2026/09/01,2025/11/18,EUR,USD,set + collector number + name match
177,Machoke,sv3pt5-177,EXACT,False,True,False,False,True,False,8.78,0.0,13.85,0.0,13.52,0.0,12.89,0.0,13.49,0.0,"[""reverseHoloLow"",""reverseHoloTrend"",""reverseHoloAvg1"",""reverseHoloAvg7"",""reverseHoloAvg30""]",False,,,18.0,22.5,,,2026/09/01,2025/11/18,EUR,USD,set + collector number + name match
178,Tangela,sv3pt5-178,EXACT,False,True,False,False,True,False,5.0,0.0,10.28,0.0,10.43,0.0,10.56,0.0,9.99,0.0,"[""reverseHoloLow"",""reverseHoloTrend"",""reverseHoloAvg1"",""reverseHoloAvg7"",""reverseHoloAvg30""]",False,,,11.25,15.43,,,2026/09/01,2025/11/18,EUR,USD,set + collector number + name match
179,Mr. Mime,sv3pt5-179,EXACT,False,True,False,False,True,False,6.2,0.0,8.87,0.0,8.76,0.0,9.02,0.0,9.07,0.0,"[""reverseHoloLow"",""reverseHoloTrend"",""reverseHoloAvg1"",""reverseHoloAvg7"",""reverseHoloAvg30""]",False,,,10.99,14.15,,,2026/09/01,2025/11/18,EUR,USD,set + collector number + name match
180,Omanyte,sv3pt5-180,EXACT,False,True,False,False,True,False,6.5,0.0,9.52,0.0,9.28,0.0,9.77,0.0,9.96,0.0,"[""reverseHoloLow"",""reverseHoloTrend"",""reverseHoloAvg1"",""reverseHoloAvg7"",""reverseHoloAvg30""]",False,,,9.75,13.7,,,2026/09/01,2025/11/18,EUR,USD,set + collector number + name match
181,Dragonair,sv3pt5-181,EXACT,False,True,False,False,True,False,24.99,0.0,33.53,0.0,26.17,0.0,31.7,0.0,31.53,0.0,"[""reverseHoloLow"",""reverseHoloTrend"",""reverseHoloAvg1"",""reverseHoloAvg7"",""reverseHoloAvg30""]",False,,,38.99,50.68,,,2026/09/01,2025/11/18,EUR,USD,set + collector number + name match
182,Venusaur ex,sv3pt5-182,EXACT,False,True,False,False,True,False,10.99,0.0,17.42,0.0,18.59,0.0,16.64,0.0,17.98,0.0,"[""reverseHoloLow"",""reverseHoloTrend"",""reverseHoloAvg1"",""reverseHoloAvg7"",""reverseHoloAvg30""]",False,,,10.65,14.26,,,2026/09/01,2025/11/18,EUR,USD,set + collector number + name match
183,Charizard ex,sv3pt5-183,EXACT,False,True,False,False,True,False,26.5,0.0,39.14,0.0,60.0,0.0,36.59,0.0,37.61,0.0,"[""reverseHoloLow"",""reverseHoloTrend"",""reverseHoloAvg1"",""reverseHoloAvg7"",""reverseHoloAvg30""]",False,,,30.16,41.0,,,2026/09/01,2025/11/18,EUR,USD,set + collector number + name match
184,Blastoise ex,sv3pt5-184,EXACT,False,True,False,False,True,False,13.99,0.0,17.52,0.0,18.49,0.0,17.45,0.0,18.82,0.0,"[""reverseHoloLow"",""reverseHoloTrend"",""reverseHoloAvg1"",""reverseHoloAvg7"",""reverseHoloAvg30""]",False,,,16.96,19.32,,,2026/09/01,2025/11/18,EUR,USD,set + collector number + name match
185,Arbok ex,sv3pt5-185,EXACT,False,True,False,False,True,False,7.0,0.0,9.59,0.0,10.15,0.0,9.53,0.0,9.44,0.0,"[""reverseHoloLow"",""reverseHoloTrend"",""reverseHoloAvg1"",""reverseHoloAvg7"",""reverseHoloAvg30""]",False,,,4.5,6.83,,,2026/09/01,2025/11/18,EUR,USD,set + collector number + name match
186,Ninetales ex,sv3pt5-186,EXACT,False,True,False,False,True,False,8.4,0.0,14.27,0.0,12.86,0.0,13.79,0.0,12.69,0.0,"[""reverseHoloLow"",""reverseHoloTrend"",""reverseHoloAvg1"",""reverseHoloAvg7"",""reverseHoloAvg30""]",False,,,13.0,14.75,,,2026/09/01,2025/11/18,EUR,USD,set + collector number + name match
187,Wigglytuff ex,sv3pt5-187,EXACT,False,True,False,False,True,False,6.0,0.0,9.37,0.0,10.1,0.0,8.92,0.0,9.32,0.0,"[""reverseHoloLow"",""reverseHoloTrend"",""reverseHoloAvg1"",""reverseHoloAvg7"",""reverseHoloAvg30""]",False,,,5.0,8.8,,,2026/09/01,2025/11/18,EUR,USD,set + collector number + name match
188,Alakazam ex,sv3pt5-188,EXACT,False,True,False,False,True,False,8.23,0.0,12.64,0.0,13.08,0.0,13.02,0.0,11.86,0.0,"[""reverseHoloLow"",""reverseHoloTrend"",""reverseHoloAvg1"",""reverseHoloAvg7"",""reverseHoloAvg30""]",False,,,7.98,10.75,,,2026/09/01,2025/11/18,EUR,USD,set + collector number + name match
189,Golem ex,sv3pt5-189,EXACT,False,True,False,False,True,False,5.5,0.0,9.77,0.0,8.77,0.0,9.79,0.0,8.71,0.0,"[""reverseHoloLow"",""reverseHoloTrend"",""reverseHoloAvg1"",""reverseHoloAvg7"",""reverseHoloAvg30""]",False,,,4.3,7.27,,,2026/09/01,2025/11/18,EUR,USD,set + collector number + name match
190,Kangaskhan ex,sv3pt5-190,EXACT,False,True,False,False,True,False,5.0,0.0,9.51,0.0,11.42,0.0,8.9,0.0,9.02,0.0,"[""reverseHoloLow"",""reverseHoloTrend"",""reverseHoloAvg1"",""reverseHoloAvg7"",""reverseHoloAvg30""]",False,,,4.5,5.8,,,2026/09/01,2025/11/18,EUR,USD,set + collector number + name match
191,Jynx ex,sv3pt5-191,EXACT,False,True,False,False,True,False,3.99,0.0,8.42,0.0,9.96,0.0,8.38,0.0,8.56,0.0,"[""reverseHoloLow"",""reverseHoloTrend"",""reverseHoloAvg1"",""reverseHoloAvg7"",""reverseHoloAvg30""]",False,,,4.0,6.34,,,2026/09/01,2025/11/18,EUR,USD,set + collector number + name match
192,Zapdos ex,sv3pt5-192,EXACT,False,True,False,False,True,False,7.0,0.0,12.81,0.0,12.3,0.0,13.43,0.0,12.26,0.0,"[""reverseHoloLow"",""reverseHoloTrend"",""reverseHoloAvg1"",""reverseHoloAvg7"",""reverseHoloAvg30""]",False,,,8.25,10.87,,,2026/09/01,2025/11/18,EUR,USD,set + collector number + name match
193,Mew ex,sv3pt5-193,EXACT,False,True,False,False,True,False,17.15,0.0,22.83,0.0,19.0,0.0,21.84,0.0,22.34,0.0,"[""reverseHoloLow"",""reverseHoloTrend"",""reverseHoloAvg1"",""reverseHoloAvg7"",""reverseHoloAvg30""]",False,,,29.02,32.79,,,2026/09/01,2025/11/18,EUR,USD,set + collector number + name match
194,Bill’s Transfer,sv3pt5-194,MISMATCH,False,True,False,False,True,False,3.0,0.0,5.92,0.0,5.06,0.0,5.03,0.0,5.66,0.0,"[""reverseHoloLow"",""reverseHoloTrend"",""reverseHoloAvg1"",""reverseHoloAvg7"",""reverseHoloAvg30""]",False,,,1.8,3.36,,,2026/09/01,2025/11/18,EUR,USD,"name ""Bill's Transfer"" != 'Bill’s Transfer'"
195,Daisy’s Help,sv3pt5-195,MISMATCH,False,True,False,False,True,False,2.2,0.0,4.56,0.0,5.2,0.0,4.75,0.0,4.59,0.0,"[""reverseHoloLow"",""reverseHoloTrend"",""reverseHoloAvg1"",""reverseHoloAvg7"",""reverseHoloAvg30""]",False,,,1.5,2.9,,,2026/09/01,2025/11/18,EUR,USD,"name ""Daisy's Help"" != 'Daisy’s Help'"
196,Erika’s Invitation,sv3pt5-196,MISMATCH,False,True,False,False,True,False,4.0,0.0,10.13,0.0,8.6,0.0,10.26,0.0,9.47,0.0,"[""reverseHoloLow"",""reverseHoloTrend"",""reverseHoloAvg1"",""reverseHoloAvg7"",""reverseHoloAvg30""]",False,,,4.39,6.32,,,2026/09/01,2025/11/18,EUR,USD,"name ""Erika's Invitation"" != 'Erika’s Invitation'"
197,Giovanni’s Charisma,sv3pt5-197,MISMATCH,False,True,False,False,True,False,5.98,0.0,8.3,0.0,10.96,0.0,8.18,0.0,7.86,0.0,"[""reverseHoloLow"",""reverseHoloTrend"",""reverseHoloAvg1"",""reverseHoloAvg7"",""reverseHoloAvg30""]",False,,,3.46,5.36,,,2026/09/01,2025/11/18,EUR,USD,"name ""Giovanni's Charisma"" != 'Giovanni’s Charisma'"
198,Venusaur ex,sv3pt5-198,EXACT,False,True,False,False,True,False,65.0,0.0,79.88,0.0,71.0,0.0,96.78,0.0,92.7,0.0,"[""reverseHoloLow"",""reverseHoloTrend"",""reverseHoloAvg1"",""reverseHoloAvg7"",""reverseHoloAvg30""]",False,,,92.0,118.63,,,2026/09/01,2025/11/18,EUR,USD,set + collector number + name match
199,Charizard ex,sv3pt5-199,EXACT,False,True,False,False,True,False,170.0,0.0,235.71,0.0,233.5,0.0,273.75,0.0,272.73,0.0,"[""reverseHoloLow"",""reverseHoloTrend"",""reverseHoloAvg1"",""reverseHoloAvg7"",""reverseHoloAvg30""]",False,,,322.31,368.57,,,2026/09/01,2025/11/18,EUR,USD,set + collector number + name match
200,Blastoise ex,sv3pt5-200,EXACT,False,True,False,False,True,False,58.0,0.0,79.37,0.0,79.0,0.0,88.24,0.0,88.38,0.0,"[""reverseHoloLow"",""reverseHoloTrend"",""reverseHoloAvg1"",""reverseHoloAvg7"",""reverseHoloAvg30""]",False,,,122.38,140.62,,,2026/09/01,2025/11/18,EUR,USD,set + collector number + name match
201,Alakazam ex,sv3pt5-201,EXACT,False,True,False,False,True,False,33.9,0.0,53.05,0.0,48.0,0.0,52.51,0.0,54.42,0.0,"[""reverseHoloLow"",""reverseHoloTrend"",""reverseHoloAvg1"",""reverseHoloAvg7"",""reverseHoloAvg30""]",False,,,59.99,70.94,,,2026/09/01,2025/11/18,EUR,USD,set + collector number + name match
202,Zapdos ex,sv3pt5-202,EXACT,False,True,False,False,True,False,50.0,0.0,90.46,0.0,78.63,0.0,91.06,0.0,95.64,0.0,"[""reverseHoloLow"",""reverseHoloTrend"",""reverseHoloAvg1"",""reverseHoloAvg7"",""reverseHoloAvg30""]",False,,,74.53,93.3,,,2026/09/01,2025/11/18,EUR,USD,set + collector number + name match
203,Erika’s Invitation,sv3pt5-203,MISMATCH,False,True,False,False,True,False,10.5,0.0,18.16,0.0,18.87,0.0,18.25,0.0,18.68,0.0,"[""reverseHoloLow"",""reverseHoloTrend"",""reverseHoloAvg1"",""reverseHoloAvg7"",""reverseHoloAvg30""]",False,,,14.59,16.13,,,2026/09/01,2025/11/18,EUR,USD,"name ""Erika's Invitation"" != 'Erika’s Invitation'"
204,Giovanni’s Charisma,sv3pt5-204,MISMATCH,False,True,False,False,True,False,12.0,0.0,18.06,0.0,17.98,0.0,18.15,0.0,19.01,0.0,"[""reverseHoloLow"",""reverseHoloTrend"",""reverseHoloAvg1"",""reverseHoloAvg7"",""reverseHoloAvg30""]",False,,,12.89,14.55,,,2026/09/01,2025/11/18,EUR,USD,"name ""Giovanni's Charisma"" != 'Giovanni’s Charisma'"
205,Mew ex,sv3pt5-205,EXACT,False,True,False,False,True,False,8.95,0.0,16.63,0.0,17.85,0.0,16.19,0.0,16.88,0.0,"[""reverseHoloLow"",""reverseHoloTrend"",""reverseHoloAvg1"",""reverseHoloAvg7"",""reverseHoloAvg30""]",False,,,25.0,29.87,,,2026/09/01,2025/11/18,EUR,USD,set + collector number + name match
206,Switch,sv3pt5-206,EXACT,False,True,False,False,True,False,1.3,0.0,3.29,0.0,3.26,0.0,3.54,0.0,3.5,0.0,"[""reverseHoloLow"",""reverseHoloTrend"",""reverseHoloAvg1"",""reverseHoloAvg7"",""reverseHoloAvg30""]",False,,,1.2,2.64,,,2026/09/01,2025/11/18,EUR,USD,set + collector number + name match
207,Basic Energy,sv3pt5-207,MISMATCH,False,True,False,False,True,False,2.5,0.0,4.14,0.0,4.38,0.0,4.21,0.0,4.33,0.0,"[""reverseHoloLow"",""reverseHoloTrend"",""reverseHoloAvg1"",""reverseHoloAvg7"",""reverseHoloAvg30""]",False,,,3.47,4.48,,,2026/09/01,2025/11/18,EUR,USD,name 'Basic Psychic Energy' != 'Basic Energy'
