collector_number,card_name,tcgdex_card_id,tcgdex_identity_status,normal_exists,holo_exists,reverse_exists,normal_usable,holo_usable,reverse_usable,normal_product_ids,holo_product_ids,reverse_product_ids,cardmarket_variant_product_ids,updated_at,cardmarket_currency,tcgplayer_currency,identity_note
001,Bulbasaur,sv03.5-001,EXACT,True,False,True,True,False,True,[502552],[],[502552],"{""holo"":[],""normal"":[733596,720365],""reverse_holo"":[733596]}",2026-08-14T19:11:56+01:00,EUR,USD,set + collector number + name match
002,Ivysaur,sv03.5-002,EXACT,True,False,True,True,False,True,[502553],[],[502553],"{""holo"":[],""normal"":[733597],""reverse_holo"":[733597]}",2026-08-14T19:11:56+01:00,EUR,USD,set + collector number + name match
003,Venusaur ex,sv03.5-003,EXACT,False,True,False,False,True,False,[],[502554],[],"{""holo"":[733598],""normal"":[],""reverse_holo"":[]}",2026-06-09T12:54:48+01:00,EUR,USD,set + collector number + name match
004,Charmander,sv03.5-004,EXACT,True,False,True,True,False,True,[502555],[],[502555],"{""holo"":[],""normal"":[733599,720366],""reverse_holo"":[733599,759873]}",2026-08-14T19:11:56+01:00,EUR,USD,set + collector number + name match
005,Charmeleon,sv03.5-005,EXACT,True,False,True,True,False,True,[502557],[],[502557],"{""holo"":[],""normal"":[733600],""reverse_holo"":[733600]}",2026-08-14T19:11:56+01:00,EUR,USD,set + collector number + name match
006,Charizard ex,sv03.5-006,EXACT,False,True,False,False,True,False,[],[502558],[],"{""holo"":[733601],""normal"":[],""reverse_holo"":[]}",2026-05-13T16:42:54+01:00,EUR,USD,set + collector number + name match
007,Squirtle,sv03.5-007,EXACT,True,False,True,True,False,True,[502548],[],[502548],"{""holo"":[],""normal"":[733602,721198],""reverse_holo"":[733602]}",2026-08-14T19:11:56+01:00,EUR,USD,set + collector number + name match
008,Wartortle,sv03.5-008,EXACT,True,False,True,True,False,True,[502550],[],[502550],"{""holo"":[],""normal"":[733603],""reverse_holo"":[733603]}",2026-08-14T19:11:56+01:00,EUR,USD,set + collector number + name match
009,Blastoise ex,sv03.5-009,EXACT,False,True,False,False,True,False,[],[502551],[],"{""holo"":[733604,816812],""normal"":[],""reverse_holo"":[]}",2026-06-09T12:54:48+01:00,EUR,USD,set + collector number + name match
010,Caterpie,sv03.5-010,EXACT,True,False,True,True,False,True,[502559],[],[502559],"{""holo"":[],""normal"":[733605],""reverse_holo"":[733605]}",2026-08-14T19:11:56+01:00,EUR,USD,set + collector number + name match
011,Metapod,sv03.5-011,EXACT,True,False,True,True,False,True,[502560],[],[502560],"{""holo"":[],""normal"":[733606],""reverse_holo"":[733606]}",2026-08-14T19:11:56+01:00,EUR,USD,set + collector number + name match
012,Butterfree,sv03.5-012,EXACT,True,False,True,True,False,True,[502561],[],[502561],"{""holo"":[],""normal"":[733607],""reverse_holo"":[733607]}",2026-08-14T19:11:56+01:00,EUR,USD,set + collector number + name match
013,Weedle,sv03.5-013,EXACT,True,False,True,True,False,True,[502562],[],[502562],"{""holo"":[],""normal"":[733608],""reverse_holo"":[733608]}",2026-08-14T19:11:56+01:00,EUR,USD,set + collector number + name match
014,Kakuna,sv03.5-014,EXACT,True,False,True,True,False,True,[502563],[],[502563],"{""holo"":[],""normal"":[733609],""reverse_holo"":[733609]}",2026-08-14T19:11:56+01:00,EUR,USD,set + collector number + name match
015,Beedrill,sv03.5-015,EXACT,False,True,True,False,True,True,[],[502564],[502564],"{""holo"":[733610],""normal"":[],""reverse_holo"":[733610]}",2026-08-14T19:11:56+01:00,EUR,USD,set + collector number + name match
016,Pidgey,sv03.5-016,EXACT,True,False,True,True,False,True,[502565],[],[502565],"{""holo"":[],""normal"":[733611],""reverse_holo"":[733611]}",2026-08-14T19:11:56+01:00,EUR,USD,set + collector number + name match
017,Pidgeotto,sv03.5-017,EXACT,True,False,True,True,False,True,[502566],[],[502566],"{""holo"":[],""normal"":[733612],""reverse_holo"":[733612]}",2026-08-14T19:11:56+01:00,EUR,USD,set + collector number + name match
018,Pidgeot,sv03.5-018,EXACT,True,False,True,True,False,True,[502567],[],[502567],"{""holo"":[],""normal"":[733613],""reverse_holo"":[733613]}",2026-08-14T19:11:56+01:00,EUR,USD,set + collector number + name match
019,Rattata,sv03.5-019,EXACT,True,False,True,True,False,True,[502568],[],[502568],"{""holo"":[],""normal"":[733614],""reverse_holo"":[733614]}",2026-08-14T19:11:56+01:00,EUR,USD,set + collector number + name match
020,Raticate,sv03.5-020,EXACT,True,False,True,True,False,True,[502569],[],[502569],"{""holo"":[],""normal"":[733615],""reverse_holo"":[733615]}",2026-08-14T19:11:56+01:00,EUR,USD,set + collector number + name match
021,Spearow,sv03.5-021,EXACT,True,False,True,True,False,True,[502587],[],[502587],"{""holo"":[],""normal"":[733616],""reverse_holo"":[733616]}",2026-08-14T19:11:56+01:00,EUR,USD,set + collector number + name match
022,Fearow,sv03.5-022,EXACT,True,False,True,True,False,True,[502589],[],[502589],"{""holo"":[],""normal"":[733617],""reverse_holo"":[733617]}",2026-08-14T19:11:56+01:00,EUR,USD,set + collector number + name match
023,Ekans,sv03.5-023,EXACT,True,False,True,True,False,True,[515955],[],[515955],"{""holo"":[],""normal"":[733618],""reverse_holo"":[733618]}",2026-08-14T19:11:56+01:00,EUR,USD,set + collector number + name match
024,Arbok ex,sv03.5-024,EXACT,False,True,False,False,True,False,[],[515956],[],"{""holo"":[733619],""normal"":[],""reverse_holo"":[]}",2026-06-09T12:54:48+01:00,EUR,USD,set + collector number + name match
025,Pikachu,sv03.5-025,EXACT,True,False,True,True,False,True,[517033],[],[517033],"{""holo"":[],""normal"":[733620,748474,845404],""reverse_holo"":[733620]}",2026-08-14T19:11:56+01:00,EUR,USD,set + collector number + name match
026,Raichu,sv03.5-026,EXACT,False,True,True,False,True,True,[],[515957],[515957],"{""holo"":[733621],""normal"":[],""reverse_holo"":[733621]}",2026-08-14T19:11:56+01:00,EUR,USD,set + collector number + name match
027,Sandshrew,sv03.5-027,EXACT,True,False,True,True,False,True,[515978],[],[515978],"{""holo"":[],""normal"":[733622],""reverse_holo"":[733622]}",2026-08-14T19:11:56+01:00,EUR,USD,set + collector number + name match
028,Sandslash,sv03.5-028,EXACT,True,False,True,True,False,True,[515989],[],[515989],"{""holo"":[],""normal"":[733623],""reverse_holo"":[733623]}",2026-08-14T19:11:56+01:00,EUR,USD,set + collector number + name match
029,Nidoran♀,sv03.5-029,EXACT,True,False,True,True,False,True,[515994],[],[515994],"{""holo"":[],""normal"":[733624],""reverse_holo"":[733624]}",2026-08-14T19:11:56+01:00,EUR,USD,set + collector number + name match
030,Nidorina,sv03.5-030,EXACT,True,False,True,True,False,True,[516000],[],[516000],"{""holo"":[],""normal"":[733625],""reverse_holo"":[733625]}",2026-08-14T19:11:56+01:00,EUR,USD,set + collector number + name match
031,Nidoqueen,sv03.5-031,EXACT,True,False,True,True,False,True,[516004],[],[516004],"{""holo"":[],""normal"":[733626],""reverse_holo"":[733626]}",2026-08-14T19:11:56+01:00,EUR,USD,set + collector number + name match
032,Nidoran♂,sv03.5-032,EXACT,True,False,True,True,False,True,[516006],[],[516006],"{""holo"":[],""normal"":[733627],""reverse_holo"":[733627]}",2026-08-14T19:11:56+01:00,EUR,USD,set + collector number + name match
033,Nidorino,sv03.5-033,EXACT,True,False,True,True,False,True,[516016],[],[516016],"{""holo"":[],""normal"":[733628],""reverse_holo"":[733628]}",2026-08-14T19:11:56+01:00,EUR,USD,set + collector number + name match
034,Nidoking,sv03.5-034,EXACT,False,True,True,False,True,True,[],[516024],[516024],"{""holo"":[733629],""normal"":[],""reverse_holo"":[733629]}",2026-08-14T19:11:56+01:00,EUR,USD,set + collector number + name match
035,Clefairy,sv03.5-035,EXACT,True,False,True,True,False,True,[516030],[],[516030],"{""holo"":[],""normal"":[733630],""reverse_holo"":[733630]}",2026-08-14T19:11:56+01:00,EUR,USD,set + collector number + name match
036,Clefable,sv03.5-036,EXACT,True,False,True,True,False,True,[516036],[],[516036],"{""holo"":[],""normal"":[733631],""reverse_holo"":[733631]}",2026-08-14T19:11:56+01:00,EUR,USD,set + collector number + name match
037,Vulpix,sv03.5-037,EXACT,True,False,True,True,False,True,[516060],[],[516060],"{""holo"":[],""normal"":[733632],""reverse_holo"":[733632]}",2026-08-14T19:11:56+01:00,EUR,USD,set + collector number + name match
038,Ninetales ex,sv03.5-038,EXACT,False,True,False,False,True,False,[],[516072],[],"{""holo"":[733633],""normal"":[],""reverse_holo"":[]}",2026-06-09T12:54:48+01:00,EUR,USD,set + collector number + name match
039,Jigglypuff,sv03.5-039,EXACT,True,False,True,True,False,True,[516108],[],[516108],"{""holo"":[],""normal"":[733634],""reverse_holo"":[733634]}",2026-08-14T19:11:56+01:00,EUR,USD,set + collector number + name match
040,Wigglytuff ex,sv03.5-040,EXACT,False,True,False,False,True,False,[],[516145],[],"{""holo"":[733635],""normal"":[],""reverse_holo"":[]}",2026-06-09T12:54:48+01:00,EUR,USD,set + collector number + name match
041,Zubat,sv03.5-041,EXACT,True,False,True,True,False,True,[516150],[],[516150],"{""holo"":[],""normal"":[733636],""reverse_holo"":[733636]}",2026-08-14T19:11:56+01:00,EUR,USD,set + collector number + name match
042,Golbat,sv03.5-042,EXACT,True,False,True,True,False,True,[516152],[],[516152],"{""holo"":[],""normal"":[733637],""reverse_holo"":[733637]}",2026-08-14T19:11:56+01:00,EUR,USD,set + collector number + name match
043,Oddish,sv03.5-043,EXACT,True,False,True,True,False,True,[516156],[],[516156],"{""holo"":[],""normal"":[733638],""reverse_holo"":[733638]}",2026-08-14T19:11:56+01:00,EUR,USD,set + collector number + name match
044,Gloom,sv03.5-044,EXACT,True,False,True,True,False,True,[516157],[],[516157],"{""holo"":[],""normal"":[733639],""reverse_holo"":[733639]}",2026-08-14T19:11:56+01:00,EUR,USD,set + collector number + name match
045,Vileplume,sv03.5-045,EXACT,False,True,True,False,True,True,[],[516159],[516159],"{""holo"":[733640],""normal"":[],""reverse_holo"":[733640]}",2026-08-14T19:11:56+01:00,EUR,USD,set + collector number + name match
046,Paras,sv03.5-046,EXACT,True,False,True,True,False,True,[516163],[],[516163],"{""holo"":[],""normal"":[733641],""reverse_holo"":[733641]}",2026-08-14T19:11:56+01:00,EUR,USD,set + collector number + name match
047,Parasect,sv03.5-047,EXACT,True,False,True,True,False,True,[516170],[],[516170],"{""holo"":[],""normal"":[733642],""reverse_holo"":[733642]}",2026-08-14T19:11:56+01:00,EUR,USD,set + collector number + name match
048,Venonat,sv03.5-048,EXACT,True,False,True,True,False,True,[516206],[],[516206],"{""holo"":[],""normal"":[733643],""reverse_holo"":[733643]}",2026-08-14T19:11:56+01:00,EUR,USD,set + collector number + name match
049,Venomoth,sv03.5-049,EXACT,True,False,True,True,False,True,[516213],[],[516213],"{""holo"":[],""normal"":[733644],""reverse_holo"":[733644]}",2026-08-14T19:11:56+01:00,EUR,USD,set + collector number + name match
050,Diglett,sv03.5-050,EXACT,True,False,True,True,False,True,[516215],[],[516215],"{""holo"":[],""normal"":[733645],""reverse_holo"":[733645]}",2026-08-14T19:11:56+01:00,EUR,USD,set + collector number + name match
051,Dugtrio,sv03.5-051,EXACT,True,False,True,True,False,True,[516216],[],[516216],"{""holo"":[],""normal"":[733646],""reverse_holo"":[733646]}",2026-08-14T19:11:56+01:00,EUR,USD,set + collector number + name match
052,Meowth,sv03.5-052,EXACT,True,False,True,True,False,True,[516221],[],[516221],"{""holo"":[],""normal"":[733647],""reverse_holo"":[733647]}",2026-08-14T19:11:56+01:00,EUR,USD,set + collector number + name match
053,Persian,sv03.5-053,EXACT,True,False,True,True,False,True,[516223],[],[516223],"{""holo"":[],""normal"":[733648],""reverse_holo"":[733648]}",2026-08-14T19:11:56+01:00,EUR,USD,set + collector number + name match
054,Psyduck,sv03.5-054,EXACT,True,False,True,True,False,True,[516231],[],[516231],"{""holo"":[],""normal"":[733649],""reverse_holo"":[733649]}",2026-08-14T19:11:56+01:00,EUR,USD,set + collector number + name match
055,Golduck,sv03.5-055,EXACT,True,False,True,True,False,True,[516232],[],[516232],"{""holo"":[],""normal"":[733650],""reverse_holo"":[733650]}",2026-08-14T19:11:56+01:00,EUR,USD,set + collector number + name match
056,Mankey,sv03.5-056,EXACT,True,False,True,True,False,True,[516242],[],[516242],"{""holo"":[],""normal"":[733651],""reverse_holo"":[733651]}",2026-08-14T19:11:56+01:00,EUR,USD,set + collector number + name match
057,Primeape,sv03.5-057,EXACT,True,False,True,True,False,True,[516246],[],[516246],"{""holo"":[],""normal"":[733652],""reverse_holo"":[733652]}",2026-08-14T19:11:56+01:00,EUR,USD,set + collector number + name match
058,Growlithe,sv03.5-058,EXACT,True,False,True,True,False,True,[516247],[],[516247],"{""holo"":[],""normal"":[733653],""reverse_holo"":[733653]}",2026-08-14T19:11:56+01:00,EUR,USD,set + collector number + name match
059,Arcanine,sv03.5-059,EXACT,True,False,True,True,False,True,[516248],[],[516248],"{""holo"":[],""normal"":[733654],""reverse_holo"":[733654]}",2026-08-14T19:11:56+01:00,EUR,USD,set + collector number + name match
060,Poliwag,sv03.5-060,EXACT,True,False,True,True,False,True,[516249],[],[516249],"{""holo"":[],""normal"":[733655],""reverse_holo"":[733655]}",2026-08-14T19:11:56+01:00,EUR,USD,set + collector number + name match
061,Poliwhirl,sv03.5-061,EXACT,True,False,True,True,False,True,[516250],[],[516250],"{""holo"":[],""normal"":[733656],""reverse_holo"":[733656]}",2026-08-14T19:11:56+01:00,EUR,USD,set + collector number + name match
062,Poliwrath,sv03.5-062,EXACT,True,False,True,True,False,True,[516251],[],[516251],"{""holo"":[],""normal"":[733657],""reverse_holo"":[733657]}",2026-08-14T19:11:56+01:00,EUR,USD,set + collector number + name match
063,Abra,sv03.5-063,EXACT,True,False,True,True,False,True,[516268],[],[516268],"{""holo"":[],""normal"":[733658],""reverse_holo"":[733658]}",2026-08-14T19:11:56+01:00,EUR,USD,set + collector number + name match
064,Kadabra,sv03.5-064,EXACT,True,False,True,True,False,True,[516269],[],[516269],"{""holo"":[],""normal"":[733659],""reverse_holo"":[733659]}",2026-08-14T19:11:56+01:00,EUR,USD,set + collector number + name match
065,Alakazam ex,sv03.5-065,EXACT,False,True,False,False,True,False,[],[516381],[],"{""holo"":[733660],""normal"":[],""reverse_holo"":[]}",2026-06-09T12:54:48+01:00,EUR,USD,set + collector number + name match
066,Machop,sv03.5-066,EXACT,True,False,True,True,False,True,[516382],[],[516382],"{""holo"":[],""normal"":[733661],""reverse_holo"":[733661]}",2026-08-14T19:11:56+01:00,EUR,USD,set + collector number + name match
067,Machoke,sv03.5-067,EXACT,True,False,True,True,False,True,[516383],[],[516383],"{""holo"":[],""normal"":[733662],""reverse_holo"":[733662]}",2026-08-14T19:11:56+01:00,EUR,USD,set + collector number + name match
068,Machamp,sv03.5-068,EXACT,False,True,True,False,True,True,[],[516385],[516385],"{""holo"":[733663],""normal"":[],""reverse_holo"":[733663]}",2026-08-14T19:11:56+01:00,EUR,USD,set + collector number + name match
069,Bellsprout,sv03.5-069,EXACT,True,False,True,True,False,True,[516560],[],[516560],"{""holo"":[],""normal"":[733664],""reverse_holo"":[733664]}",2026-08-14T19:11:56+01:00,EUR,USD,set + collector number + name match
070,Weepinbell,sv03.5-070,EXACT,True,False,True,True,False,True,[516563],[],[516563],"{""holo"":[],""normal"":[733665],""reverse_holo"":[733665]}",2026-08-14T19:11:56+01:00,EUR,USD,set + collector number + name match
071,Victreebel,sv03.5-071,EXACT,True,False,True,True,False,True,[516564],[],[516564],"{""holo"":[],""normal"":[733666],""reverse_holo"":[733666]}",2026-08-14T19:11:56+01:00,EUR,USD,set + collector number + name match
072,Tentacool,sv03.5-072,EXACT,True,False,True,True,False,True,[516565],[],[516565],"{""holo"":[],""normal"":[733667],""reverse_holo"":[733667]}",2026-08-14T19:11:56+01:00,EUR,USD,set + collector number + name match
073,Tentacruel,sv03.5-073,EXACT,True,False,True,True,False,True,[516567],[],[516567],"{""holo"":[],""normal"":[733668],""reverse_holo"":[733668]}",2026-08-14T19:11:56+01:00,EUR,USD,set + collector number + name match
074,Geodude,sv03.5-074,EXACT,True,False,True,True,False,True,[516569],[],[516569],"{""holo"":[],""normal"":[733669],""reverse_holo"":[733669]}",2026-08-14T19:11:56+01:00,EUR,USD,set + collector number + name match
075,Graveler,sv03.5-075,EXACT,True,False,True,True,False,True,[516572],[],[516572],"{""holo"":[],""normal"":[733670],""reverse_holo"":[733670]}",2026-08-14T19:11:56+01:00,EUR,USD,set + collector number + name match
076,Golem ex,sv03.5-076,EXACT,False,True,False,False,True,False,[],[516574],[],"{""holo"":[733671],""normal"":[],""reverse_holo"":[]}",2026-06-09T12:54:48+01:00,EUR,USD,set + collector number + name match
077,Ponyta,sv03.5-077,EXACT,True,False,True,True,False,True,[516601],[],[516601],"{""holo"":[],""normal"":[733672],""reverse_holo"":[733672]}",2026-08-14T19:11:56+01:00,EUR,USD,set + collector number + name match
078,Rapidash,sv03.5-078,EXACT,True,False,True,True,False,True,[516607],[],[516607],"{""holo"":[],""normal"":[733673],""reverse_holo"":[733673]}",2026-08-14T19:11:56+01:00,EUR,USD,set + collector number + name match
079,Slowpoke,sv03.5-079,EXACT,True,False,True,True,False,True,[516650],[],[516650],"{""holo"":[],""normal"":[733674],""reverse_holo"":[733674]}",2026-08-14T19:11:56+01:00,EUR,USD,set + collector number + name match
080,Slowbro,sv03.5-080,EXACT,True,False,True,True,False,True,[516651],[],[516651],"{""holo"":[],""normal"":[733675],""reverse_holo"":[733675]}",2026-08-14T19:11:56+01:00,EUR,USD,set + collector number + name match
081,Magnemite,sv03.5-081,EXACT,True,False,True,True,False,True,[516648],[],[516648],"{""holo"":[],""normal"":[733676],""reverse_holo"":[733676]}",2026-08-14T19:11:56+01:00,EUR,USD,set + collector number + name match
082,Magneton,sv03.5-082,EXACT,True,False,True,True,False,True,[516649],[],[516649],"{""holo"":[],""normal"":[733677],""reverse_holo"":[733677]}",2026-08-14T19:11:56+01:00,EUR,USD,set + collector number + name match
083,Farfetch’d,sv03.5-083,MISMATCH,True,False,True,True,False,True,[516652],[],[516652],"{""holo"":[],""normal"":[733678],""reverse_holo"":[733678]}",2026-08-14T19:11:56+01:00,EUR,USD,"name ""Farfetch'd"" != 'Farfetch’d'"
084,Doduo,sv03.5-084,EXACT,True,False,True,True,False,True,[516653],[],[516653],"{""holo"":[],""normal"":[733679],""reverse_holo"":[733679]}",2026-08-14T19:11:56+01:00,EUR,USD,set + collector number + name match
085,Dodrio,sv03.5-085,EXACT,False,True,True,False,True,True,[],[516654],[516654],"{""holo"":[733680],""normal"":[],""reverse_holo"":[733680]}",2026-08-14T19:11:56+01:00,EUR,USD,set + collector number + name match
086,Seel,sv03.5-086,EXACT,True,False,True,True,False,True,[516655],[],[516655],"{""holo"":[],""normal"":[733681],""reverse_holo"":[733681]}",2026-08-14T19:11:56+01:00,EUR,USD,set + collector number + name match
087,Dewgong,sv03.5-087,EXACT,True,False,True,True,False,True,[516656],[],[516656],"{""holo"":[],""normal"":[733682],""reverse_holo"":[733682]}",2026-08-14T19:11:56+01:00,EUR,USD,set + collector number + name match
088,Grimer,sv03.5-088,EXACT,True,False,True,True,False,True,[516657],[],[516657],"{""holo"":[],""normal"":[733683],""reverse_holo"":[733683]}",2026-08-14T19:11:56+01:00,EUR,USD,set + collector number + name match
089,Muk,sv03.5-089,EXACT,True,False,True,True,False,True,[516658],[],[516658],"{""holo"":[],""normal"":[733684],""reverse_holo"":[733684]}",2026-08-14T19:11:56+01:00,EUR,USD,set + collector number + name match
090,Shellder,sv03.5-090,EXACT,True,False,True,True,False,True,[516659],[],[516659],"{""holo"":[],""normal"":[733685],""reverse_holo"":[733685]}",2026-08-14T19:11:56+01:00,EUR,USD,set + collector number + name match
091,Cloyster,sv03.5-091,EXACT,True,False,True,True,False,True,[516660],[],[516660],"{""holo"":[],""normal"":[733686],""reverse_holo"":[733686]}",2026-08-14T19:11:56+01:00,EUR,USD,set + collector number + name match
092,Gastly,sv03.5-092,EXACT,True,False,True,True,False,True,[516661],[],[516661],"{""holo"":[],""normal"":[733687],""reverse_holo"":[733687]}",2026-08-14T19:11:56+01:00,EUR,USD,set + collector number + name match
093,Haunter,sv03.5-093,EXACT,True,False,True,True,False,True,[516662],[],[516662],"{""holo"":[],""normal"":[733688],""reverse_holo"":[733688]}",2026-08-14T19:11:56+01:00,EUR,USD,set + collector number + name match
094,Gengar,sv03.5-094,EXACT,False,True,True,False,True,True,[],[516663],[516663],"{""holo"":[733689],""normal"":[],""reverse_holo"":[733689]}",2026-08-14T19:11:56+01:00,EUR,USD,set + collector number + name match
095,Onix,sv03.5-095,EXACT,True,False,True,True,False,True,[516664],[],[516664],"{""holo"":[],""normal"":[733690],""reverse_holo"":[733690]}",2026-08-14T19:11:56+01:00,EUR,USD,set + collector number + name match
096,Drowzee,sv03.5-096,EXACT,True,False,True,True,False,True,[516665],[],[516665],"{""holo"":[],""normal"":[733691],""reverse_holo"":[733691]}",2026-08-14T19:11:56+01:00,EUR,USD,set + collector number + name match
097,Hypno,sv03.5-097,EXACT,True,False,True,True,False,True,[516666],[],[516666],"{""holo"":[],""normal"":[733692],""reverse_holo"":[733692]}",2026-08-14T19:11:56+01:00,EUR,USD,set + collector number + name match
098,Krabby,sv03.5-098,EXACT,True,False,True,True,False,True,[516667],[],[516667],"{""holo"":[],""normal"":[733693],""reverse_holo"":[733693]}",2026-08-14T19:11:56+01:00,EUR,USD,set + collector number + name match
099,Kingler,sv03.5-099,EXACT,True,False,True,True,False,True,[516668],[],[516668],"{""holo"":[],""normal"":[733694],""reverse_holo"":[733694]}",2026-08-14T19:11:56+01:00,EUR,USD,set + collector number + name match
100,Voltorb,sv03.5-100,EXACT,True,False,True,True,False,True,[516669],[],[516669],"{""holo"":[],""normal"":[733695],""reverse_holo"":[733695]}",2026-08-14T19:11:56+01:00,EUR,USD,set + collector number + name match
101,Electrode,sv03.5-101,EXACT,False,True,True,False,True,True,[],[516670],[516670],"{""holo"":[733696],""normal"":[],""reverse_holo"":[733696]}",2026-08-14T19:11:56+01:00,EUR,USD,set + collector number + name match
102,Exeggcute,sv03.5-102,EXACT,True,False,True,True,False,True,[516671],[],[516671],"{""holo"":[],""normal"":[733697],""reverse_holo"":[733697]}",2026-08-14T19:11:56+01:00,EUR,USD,set + collector number + name match
103,Exeggutor,sv03.5-103,EXACT,True,False,True,True,False,True,[516672],[],[516672],"{""holo"":[],""normal"":[733698],""reverse_holo"":[733698]}",2026-08-14T19:11:56+01:00,EUR,USD,set + collector number + name match
104,Cubone,sv03.5-104,EXACT,True,False,True,True,False,True,[516673],[],[516673],"{""holo"":[],""normal"":[733699],""reverse_holo"":[733699]}",2026-08-14T19:11:56+01:00,EUR,USD,set + collector number + name match
105,Marowak,sv03.5-105,EXACT,False,True,True,False,True,True,[],[516674],[516674],"{""holo"":[733700],""normal"":[],""reverse_holo"":[733700]}",2026-08-14T19:11:56+01:00,EUR,USD,set + collector number + name match
106,Hitmonlee,sv03.5-106,EXACT,True,False,True,True,False,True,[516675],[],[516675],"{""holo"":[],""normal"":[733701],""reverse_holo"":[733701]}",2026-08-14T19:11:56+01:00,EUR,USD,set + collector number + name match
107,Hitmonchan,sv03.5-107,EXACT,True,False,True,True,False,True,[516676],[],[516676],"{""holo"":[],""normal"":[733702],""reverse_holo"":[733702]}",2026-08-14T19:11:56+01:00,EUR,USD,set + collector number + name match
108,Lickitung,sv03.5-108,EXACT,True,False,True,True,False,True,[516677],[],[516677],"{""holo"":[],""normal"":[733703],""reverse_holo"":[733703]}",2026-08-14T19:11:56+01:00,EUR,USD,set + collector number + name match
109,Koffing,sv03.5-109,EXACT,True,False,True,True,False,True,[516679],[],[516679],"{""holo"":[],""normal"":[733704],""reverse_holo"":[733704]}",2026-08-14T19:11:56+01:00,EUR,USD,set + collector number + name match
110,Weezing,sv03.5-110,EXACT,False,True,True,False,True,True,[],[516680],[516680],"{""holo"":[733705],""normal"":[],""reverse_holo"":[733705]}",2026-08-14T19:11:56+01:00,EUR,USD,set + collector number + name match
111,Rhyhorn,sv03.5-111,EXACT,True,False,True,True,False,True,[516570],[],[516570],"{""holo"":[],""normal"":[733706],""reverse_holo"":[733706]}",2026-08-14T19:11:56+01:00,EUR,USD,set + collector number + name match
112,Rhydon,sv03.5-112,EXACT,True,False,True,True,False,True,[516573],[],[516573],"{""holo"":[],""normal"":[733707],""reverse_holo"":[733707]}",2026-08-14T19:11:56+01:00,EUR,USD,set + collector number + name match
113,Chansey,sv03.5-113,EXACT,False,True,True,False,True,True,[],[516575],[516575],"{""holo"":[733708],""normal"":[],""reverse_holo"":[733708]}",2026-08-14T19:11:56+01:00,EUR,USD,set + collector number + name match
114,Tangela,sv03.5-114,EXACT,True,False,True,True,False,True,[516579],[],[516579],"{""holo"":[],""normal"":[733709],""reverse_holo"":[733709]}",2026-08-14T19:11:56+01:00,EUR,USD,set + collector number + name match
115,Kangaskhan ex,sv03.5-115,EXACT,False,True,False,False,True,False,[],[516581],[],"{""holo"":[733710],""normal"":[],""reverse_holo"":[]}",2026-06-09T12:54:48+01:00,EUR,USD,set + collector number + name match
116,Horsea,sv03.5-116,EXACT,True,False,True,True,False,True,[516583],[],[516583],"{""holo"":[],""normal"":[733711],""reverse_holo"":[733711]}",2026-08-14T19:11:56+01:00,EUR,USD,set + collector number + name match
117,Seadra,sv03.5-117,EXACT,True,False,True,True,False,True,[516584],[],[516584],"{""holo"":[],""normal"":[733712],""reverse_holo"":[733712]}",2026-08-14T19:11:56+01:00,EUR,USD,set + collector number + name match
118,Goldeen,sv03.5-118,EXACT,True,False,True,True,False,True,[516681],[],[516681],"{""holo"":[],""normal"":[733713],""reverse_holo"":[733713]}",2026-08-14T19:11:56+01:00,EUR,USD,set + collector number + name match
119,Seaking,sv03.5-119,EXACT,True,False,True,True,False,True,[516682],[],[516682],"{""holo"":[],""normal"":[733714],""reverse_holo"":[733714]}",2026-08-14T19:11:56+01:00,EUR,USD,set + collector number + name match
120,Staryu,sv03.5-120,EXACT,True,False,True,True,False,True,[516683],[],[516683],"{""holo"":[],""normal"":[733715],""reverse_holo"":[733715]}",2026-08-14T19:11:56+01:00,EUR,USD,set + collector number + name match
121,Starmie,sv03.5-121,EXACT,False,True,True,False,True,True,[],[516684],[516684],"{""holo"":[733716],""normal"":[],""reverse_holo"":[733716]}",2026-08-14T19:11:56+01:00,EUR,USD,set + collector number + name match
122,Mr. Mime,sv03.5-122,EXACT,False,True,True,False,True,True,[],[516685],[516685],"{""holo"":[733717],""normal"":[],""reverse_holo"":[733717]}",2026-08-14T19:11:56+01:00,EUR,USD,set + collector number + name match
123,Scyther,sv03.5-123,EXACT,True,False,True,True,False,True,[516686],[],[516686],"{""holo"":[],""normal"":[733718],""reverse_holo"":[733718]}",2026-08-14T19:11:56+01:00,EUR,USD,set + collector number + name match
124,Jynx ex,sv03.5-124,EXACT,False,True,False,False,True,False,[],[516687],[],"{""holo"":[733719],""normal"":[],""reverse_holo"":[]}",2026-06-09T12:54:48+01:00,EUR,USD,set + collector number + name match
125,Electabuzz,sv03.5-125,EXACT,True,False,True,True,False,True,[516688],[],[516688],"{""holo"":[],""normal"":[733720],""reverse_holo"":[733720]}",2026-08-14T19:11:56+01:00,EUR,USD,set + collector number + name match
126,Magmar,sv03.5-126,EXACT,True,False,True,True,False,True,[516689],[],[516689],"{""holo"":[],""normal"":[733721],""reverse_holo"":[733721]}",2026-08-14T19:11:56+01:00,EUR,USD,set + collector number + name match
127,Pinsir,sv03.5-127,EXACT,True,False,True,True,False,True,[516690],[],[516690],"{""holo"":[],""normal"":[733722],""reverse_holo"":[733722]}",2026-08-14T19:11:56+01:00,EUR,USD,set + collector number + name match
128,Tauros,sv03.5-128,EXACT,True,False,True,True,False,True,[516691],[],[516691],"{""holo"":[],""normal"":[733723],""reverse_holo"":[733723]}",2026-08-14T19:11:56+01:00,EUR,USD,set + collector number + name match
129,Magikarp,sv03.5-129,EXACT,True,False,True,True,False,True,[516692],[],[516692],"{""holo"":[],""normal"":[733724],""reverse_holo"":[733724]}",2026-08-14T19:11:56+01:00,EUR,USD,set + collector number + name match
130,Gyarados,sv03.5-130,EXACT,False,True,True,False,True,True,[],[516693],[516693],"{""holo"":[733725],""normal"":[],""reverse_holo"":[733725]}",2026-08-14T19:11:56+01:00,EUR,USD,set + collector number + name match
131,Lapras,sv03.5-131,EXACT,True,False,True,True,False,True,[516694],[],[516694],"{""holo"":[],""normal"":[733726],""reverse_holo"":[733726]}",2026-08-14T19:11:56+01:00,EUR,USD,set + collector number + name match
132,Ditto,sv03.5-132,EXACT,False,True,True,False,True,True,[],[516695],[516695],"{""holo"":[733727],""normal"":[],""reverse_holo"":[733727]}",2026-08-14T19:11:56+01:00,EUR,USD,set + collector number + name match
133,Eevee,sv03.5-133,EXACT,True,False,True,True,False,True,[516696],[],[516696],"{""holo"":[],""normal"":[733728,748475,845405],""reverse_holo"":[733728]}",2026-08-14T19:11:56+01:00,EUR,USD,set + collector number + name match
134,Vaporeon,sv03.5-134,EXACT,False,True,True,False,True,True,[],[516697],[516697],"{""holo"":[733729],""normal"":[],""reverse_holo"":[733729]}",2026-08-14T19:11:56+01:00,EUR,USD,set + collector number + name match
135,Jolteon,sv03.5-135,EXACT,False,True,True,False,True,True,[],[516698],[516698],"{""holo"":[733730],""normal"":[],""reverse_holo"":[733730]}",2026-08-14T19:11:56+01:00,EUR,USD,set + collector number + name match
136,Flareon,sv03.5-136,EXACT,False,True,True,False,True,True,[],[516699],[516699],"{""holo"":[733731],""normal"":[],""reverse_holo"":[733731]}",2026-08-14T19:11:56+01:00,EUR,USD,set + collector number + name match
137,Porygon,sv03.5-137,EXACT,True,False,True,True,False,True,[516700],[],[516700],"{""holo"":[],""normal"":[733732],""reverse_holo"":[733732]}",2026-08-14T19:11:56+01:00,EUR,USD,set + collector number + name match
138,Omanyte,sv03.5-138,EXACT,True,False,True,True,False,True,[516701],[],[516701],"{""holo"":[],""normal"":[733733],""reverse_holo"":[733733]}",2026-08-14T19:11:56+01:00,EUR,USD,set + collector number + name match
139,Omastar,sv03.5-139,EXACT,False,True,True,False,True,True,[],[516702],[516702],"{""holo"":[733734],""normal"":[],""reverse_holo"":[733734]}",2026-08-14T19:11:56+01:00,EUR,USD,set + collector number + name match
140,Kabuto,sv03.5-140,EXACT,True,False,True,True,False,True,[516703],[],[516703],"{""holo"":[],""normal"":[733735],""reverse_holo"":[733735]}",2026-08-14T19:11:56+01:00,EUR,USD,set + collector number + name match
141,Kabutops,sv03.5-141,EXACT,False,True,True,False,True,True,[],[516704],[516704],"{""holo"":[733736],""normal"":[],""reverse_holo"":[733736]}",2026-08-14T19:11:56+01:00,EUR,USD,set + collector number + name match
142,Aerodactyl,sv03.5-142,EXACT,False,True,True,False,True,True,[],[516705],[516705],"{""holo"":[733737],""normal"":[],""reverse_holo"":[733737]}",2026-08-14T19:11:56+01:00,EUR,USD,set + collector number + name match
143,Snorlax,sv03.5-143,EXACT,True,False,True,True,False,True,[516706],[],[516706],"{""holo"":[],""normal"":[733738],""reverse_holo"":[733738]}",2026-08-14T19:11:56+01:00,EUR,USD,set + collector number + name match
144,Articuno,sv03.5-144,EXACT,False,True,True,False,True,True,[],[516707],[516707],"{""holo"":[733739],""normal"":[],""reverse_holo"":[733739]}",2026-08-14T19:11:56+01:00,EUR,USD,set + collector number + name match
145,Zapdos ex,sv03.5-145,EXACT,False,True,False,False,True,False,[],[516708],[],"{""holo"":[733740],""normal"":[],""reverse_holo"":[]}",2026-06-09T12:54:48+01:00,EUR,USD,set + collector number + name match
146,Moltres,sv03.5-146,EXACT,False,True,True,False,True,True,[],[516709],[516709],"{""holo"":[733741],""normal"":[],""reverse_holo"":[733741]}",2026-08-14T19:11:56+01:00,EUR,USD,set + collector number + name match
147,Dratini,sv03.5-147,EXACT,True,False,True,True,False,True,[516710],[],[516710],"{""holo"":[],""normal"":[733742],""reverse_holo"":[733742]}",2026-08-14T19:11:56+01:00,EUR,USD,set + collector number + name match
148,Dragonair,sv03.5-148,EXACT,True,False,True,True,False,True,[516711],[],[516711],"{""holo"":[],""normal"":[733743],""reverse_holo"":[733743]}",2026-08-14T19:11:56+01:00,EUR,USD,set + collector number + name match
149,Dragonite,sv03.5-149,EXACT,False,True,True,False,True,True,[],[516712],[516712],"{""holo"":[733744],""normal"":[],""reverse_holo"":[733744]}",2026-08-14T19:11:56+01:00,EUR,USD,set + collector number + name match
150,Mewtwo,sv03.5-150,EXACT,False,True,True,False,True,True,[],[516713],[516713],"{""holo"":[733745],""normal"":[],""reverse_holo"":[733745]}",2026-08-14T19:11:56+01:00,EUR,USD,set + collector number + name match
151,Mew ex,sv03.5-151,EXACT,False,True,False,False,True,False,[],[516566],[],"{""holo"":[733746],""normal"":[],""reverse_holo"":[]}",2026-06-09T12:54:48+01:00,EUR,USD,set + collector number + name match
152,Antique Dome Fossil,sv03.5-152,EXACT,True,False,True,True,False,True,[516714],[],[516714],"{""holo"":[],""normal"":[733747],""reverse_holo"":[733747]}",2026-08-14T19:11:56+01:00,EUR,USD,set + collector number + name match
153,Antique Helix Fossil,sv03.5-153,EXACT,True,False,True,True,False,True,[516715],[],[516715],"{""holo"":[],""normal"":[733748],""reverse_holo"":[733748]}",2026-08-14T19:11:56+01:00,EUR,USD,set + collector number + name match
154,Antique Old Amber,sv03.5-154,EXACT,True,False,True,True,False,True,[516716],[],[516716],"{""holo"":[],""normal"":[733749],""reverse_holo"":[733749]}",2026-08-14T19:11:56+01:00,EUR,USD,set + collector number + name match
155,Big Air Balloon,sv03.5-155,EXACT,True,False,True,True,False,True,[516717],[],[516717],"{""holo"":[],""normal"":[733750],""reverse_holo"":[733750]}",2026-08-14T19:11:56+01:00,EUR,USD,set + collector number + name match
156,Bill’s Transfer,sv03.5-156,MISMATCH,True,False,True,True,False,True,[516718],[],[516718],"{""holo"":[],""normal"":[733751],""reverse_holo"":[733751]}",2026-08-14T19:11:56+01:00,EUR,USD,"name ""Bill's Transfer"" != 'Bill’s Transfer'"
157,Cycling Road,sv03.5-157,EXACT,True,False,True,True,False,True,[516719],[],[516719],"{""holo"":[],""normal"":[733752],""reverse_holo"":[733752]}",2026-08-14T19:11:56+01:00,EUR,USD,set + collector number + name match
158,Daisy’s Help,sv03.5-158,MISMATCH,True,False,True,True,False,True,[516720],[],[516720],"{""holo"":[],""normal"":[733753],""reverse_holo"":[733753]}",2026-08-14T19:11:56+01:00,EUR,USD,"name ""Daisy's Help"" != 'Daisy’s Help'"
159,Energy Sticker,sv03.5-159,EXACT,True,False,True,True,False,True,[516721],[],[516721],"{""holo"":[],""normal"":[733754],""reverse_holo"":[733754]}",2026-08-14T19:11:56+01:00,EUR,USD,set + collector number + name match
160,Erika’s Invitation,sv03.5-160,MISMATCH,True,False,True,True,False,True,[516722],[],[516722],"{""holo"":[],""normal"":[733755],""reverse_holo"":[733755]}",2026-08-14T19:11:56+01:00,EUR,USD,"name ""Erika's Invitation"" != 'Erika’s Invitation'"
161,Giovanni’s Charisma,sv03.5-161,MISMATCH,True,False,True,True,False,True,[516723],[],[516723],"{""holo"":[],""normal"":[733756],""reverse_holo"":[733756]}",2026-08-14T19:11:56+01:00,EUR,USD,"name ""Giovanni's Charisma"" != 'Giovanni’s Charisma'"
162,Grabber,sv03.5-162,EXACT,True,False,True,True,False,True,[516724],[],[516724],"{""holo"":[],""normal"":[733757],""reverse_holo"":[733757]}",2026-08-14T19:11:56+01:00,EUR,USD,set + collector number + name match
163,Leftovers,sv03.5-163,EXACT,True,False,True,True,False,True,[516725],[],[516725],"{""holo"":[],""normal"":[733758],""reverse_holo"":[733758]}",2026-08-14T19:11:56+01:00,EUR,USD,set + collector number + name match
164,Protective Goggles,sv03.5-164,EXACT,True,False,True,True,False,True,[516726],[],[516726],"{""holo"":[],""normal"":[733759],""reverse_holo"":[733759]}",2026-08-14T19:11:56+01:00,EUR,USD,set + collector number + name match
165,Rigid Band,sv03.5-165,EXACT,True,False,True,True,False,True,[516727],[],[516727],"{""holo"":[],""normal"":[733760],""reverse_holo"":[733760]}",2026-08-14T19:11:56+01:00,EUR,USD,set + collector number + name match
166,Bulbasaur,sv03.5-166,EXACT,False,True,False,False,True,False,[],[516997],[],"{""holo"":[733761],""normal"":[],""reverse_holo"":[]}",2026-08-14T19:11:56+01:00,EUR,USD,set + collector number + name match
167,Ivysaur,sv03.5-167,EXACT,False,True,False,False,True,False,[],[516998],[],"{""holo"":[733762],""normal"":[],""reverse_holo"":[]}",2026-08-14T19:11:56+01:00,EUR,USD,set + collector number + name match
168,Charmander,sv03.5-168,EXACT,False,True,False,False,True,False,[],[502556],[],"{""holo"":[733763],""normal"":[],""reverse_holo"":[]}",2026-08-14T19:11:56+01:00,EUR,USD,set + collector number + name match
169,Charmeleon,sv03.5-169,EXACT,False,True,False,False,True,False,[],[517018],[],"{""holo"":[733764],""normal"":[],""reverse_holo"":[]}",2026-08-14T19:11:56+01:00,EUR,USD,set + collector number + name match
170,Squirtle,sv03.5-170,EXACT,False,True,False,False,True,False,[],[502549],[],"{""holo"":[733765],""normal"":[],""reverse_holo"":[]}",2026-08-14T19:11:56+01:00,EUR,USD,set + collector number + name match
171,Wartortle,sv03.5-171,EXACT,False,True,False,False,True,False,[],[517038],[],"{""holo"":[733766],""normal"":[],""reverse_holo"":[]}",2026-08-14T19:11:56+01:00,EUR,USD,set + collector number + name match
172,Caterpie,sv03.5-172,EXACT,False,True,False,False,True,False,[],[517016],[],"{""holo"":[733767],""normal"":[],""reverse_holo"":[]}",2026-08-14T19:11:56+01:00,EUR,USD,set + collector number + name match
173,Pikachu,sv03.5-173,EXACT,False,True,False,False,True,False,[],[513721],[],"{""holo"":[733768],""normal"":[],""reverse_holo"":[]}",2026-08-14T19:11:56+01:00,EUR,USD,set + collector number + name match
174,Nidoking,sv03.5-174,EXACT,False,True,False,False,True,False,[],[517029],[],"{""holo"":[733769],""normal"":[],""reverse_holo"":[]}",2026-08-14T19:11:56+01:00,EUR,USD,set + collector number + name match
175,Psyduck,sv03.5-175,EXACT,False,True,False,False,True,False,[],[517035],[],"{""holo"":[733770],""normal"":[],""reverse_holo"":[]}",2026-08-14T19:11:56+01:00,EUR,USD,set + collector number + name match
176,Poliwhirl,sv03.5-176,EXACT,False,True,False,False,True,False,[],[517034],[],"{""holo"":[733771],""normal"":[],""reverse_holo"":[]}",2026-08-14T19:11:56+01:00,EUR,USD,set + collector number + name match
177,Machoke,sv03.5-177,EXACT,False,True,False,False,True,False,[],[517025],[],"{""holo"":[733772],""normal"":[],""reverse_holo"":[]}",2026-08-14T19:11:56+01:00,EUR,USD,set + collector number + name match
178,Tangela,sv03.5-178,EXACT,False,True,False,False,True,False,[],[517036],[],"{""holo"":[733773],""normal"":[],""reverse_holo"":[]}",2026-08-14T19:11:56+01:00,EUR,USD,set + collector number + name match
179,Mr. Mime,sv03.5-179,EXACT,False,True,False,False,True,False,[],[517028],[],"{""holo"":[733774],""normal"":[],""reverse_holo"":[]}",2026-08-14T19:11:56+01:00,EUR,USD,set + collector number + name match
180,Omanyte,sv03.5-180,EXACT,False,True,False,False,True,False,[],[517031],[],"{""holo"":[733775],""normal"":[],""reverse_holo"":[]}",2026-08-14T19:11:56+01:00,EUR,USD,set + collector number + name match
181,Dragonair,sv03.5-181,EXACT,False,True,False,False,True,False,[],[517020],[],"{""holo"":[733776],""normal"":[],""reverse_holo"":[]}",2026-08-14T19:11:56+01:00,EUR,USD,set + collector number + name match
182,Venusaur ex,sv03.5-182,EXACT,False,True,False,False,True,False,[],[517037],[],"{""holo"":[733777],""normal"":[],""reverse_holo"":[]}",2026-06-09T12:54:48+01:00,EUR,USD,set + collector number + name match
183,Charizard ex,sv03.5-183,EXACT,False,True,False,False,True,False,[],[517017],[],"{""holo"":[733778],""normal"":[],""reverse_holo"":[]}",2026-06-09T12:54:48+01:00,EUR,USD,set + collector number + name match
184,Blastoise ex,sv03.5-184,EXACT,False,True,False,False,True,False,[],[517015],[],"{""holo"":[733779],""normal"":[],""reverse_holo"":[]}",2026-06-09T12:54:48+01:00,EUR,USD,set + collector number + name match
185,Arbok ex,sv03.5-185,EXACT,False,True,False,False,True,False,[],[517014],[],"{""holo"":[733780],""normal"":[],""reverse_holo"":[]}",2026-06-09T12:54:48+01:00,EUR,USD,set + collector number + name match
186,Ninetales ex,sv03.5-186,EXACT,False,True,False,False,True,False,[],[517030],[],"{""holo"":[733781],""normal"":[],""reverse_holo"":[]}",2026-06-09T12:54:48+01:00,EUR,USD,set + collector number + name match
187,Wigglytuff ex,sv03.5-187,EXACT,False,True,False,False,True,False,[],[517039],[],"{""holo"":[733782],""normal"":[],""reverse_holo"":[]}",2026-06-09T12:54:48+01:00,EUR,USD,set + collector number + name match
188,Alakazam ex,sv03.5-188,EXACT,False,True,False,False,True,False,[],[517013],[],"{""holo"":[733783],""normal"":[],""reverse_holo"":[]}",2026-06-09T12:54:48+01:00,EUR,USD,set + collector number + name match
189,Golem ex,sv03.5-189,EXACT,False,True,False,False,True,False,[],[517021],[],"{""holo"":[733784],""normal"":[],""reverse_holo"":[]}",2026-06-09T12:54:48+01:00,EUR,USD,set + collector number + name match
190,Kangaskhan ex,sv03.5-190,EXACT,False,True,False,False,True,False,[],[517024],[],"{""holo"":[733785],""normal"":[],""reverse_holo"":[]}",2026-06-09T12:54:48+01:00,EUR,USD,set + collector number + name match
191,Jynx ex,sv03.5-191,EXACT,False,True,False,False,True,False,[],[517023],[],"{""holo"":[733786],""normal"":[],""reverse_holo"":[]}",2026-06-09T12:54:48+01:00,EUR,USD,set + collector number + name match
192,Zapdos ex,sv03.5-192,EXACT,False,True,False,False,True,False,[],[517040],[],"{""holo"":[733787],""normal"":[],""reverse_holo"":[]}",2026-06-09T12:54:48+01:00,EUR,USD,set + collector number + name match
193,Mew ex,sv03.5-193,EXACT,False,True,False,False,True,False,[],[517027],[],"{""holo"":[733788],""normal"":[],""reverse_holo"":[]}",2026-06-09T12:54:48+01:00,EUR,USD,set + collector number + name match
194,Bill’s Transfer,sv03.5-194,MISMATCH,False,True,False,False,True,False,[],[517041],[],"{""holo"":[733789],""normal"":[],""reverse_holo"":[]}",2026-08-14T19:11:56+01:00,EUR,USD,"name ""Bill's Transfer"" != 'Bill’s Transfer'"
195,Daisy’s Help,sv03.5-195,MISMATCH,False,True,False,False,True,False,[],[517042],[],"{""holo"":[733790],""normal"":[],""reverse_holo"":[]}",2026-08-14T19:11:56+01:00,EUR,USD,"name ""Daisy's Help"" != 'Daisy’s Help'"
196,Erika’s Invitation,sv03.5-196,MISMATCH,False,True,False,False,True,False,[],[517176],[],"{""holo"":[733791],""normal"":[],""reverse_holo"":[]}",2026-08-14T19:11:56+01:00,EUR,USD,"name ""Erika's Invitation"" != 'Erika’s Invitation'"
197,Giovanni’s Charisma,sv03.5-197,MISMATCH,False,True,False,False,True,False,[],[517043],[],"{""holo"":[733792],""normal"":[],""reverse_holo"":[]}",2026-08-14T19:11:56+01:00,EUR,USD,"name ""Giovanni's Charisma"" != 'Giovanni’s Charisma'"
198,Venusaur ex,sv03.5-198,EXACT,False,True,False,False,True,False,[],[517044],[],"{""holo"":[733793],""normal"":[],""reverse_holo"":[]}",2026-06-09T12:54:48+01:00,EUR,USD,set + collector number + name match
199,Charizard ex,sv03.5-199,EXACT,False,True,False,False,True,False,[],[517045],[],"{""holo"":[733794],""normal"":[],""reverse_holo"":[]}",2026-06-09T12:54:48+01:00,EUR,USD,set + collector number + name match
200,Blastoise ex,sv03.5-200,EXACT,False,True,False,False,True,False,[],[517046],[],"{""holo"":[733795],""normal"":[],""reverse_holo"":[]}",2026-06-09T12:54:48+01:00,EUR,USD,set + collector number + name match
201,Alakazam ex,sv03.5-201,EXACT,False,True,False,False,True,False,[],[517047],[],"{""holo"":[733796],""normal"":[],""reverse_holo"":[]}",2026-06-09T12:54:48+01:00,EUR,USD,set + collector number + name match
202,Zapdos ex,sv03.5-202,EXACT,False,True,False,False,True,False,[],[517048],[],"{""holo"":[733797],""normal"":[],""reverse_holo"":[]}",2026-06-09T12:54:48+01:00,EUR,USD,set + collector number + name match
203,Erika’s Invitation,sv03.5-203,MISMATCH,False,True,False,False,True,False,[],[517049],[],"{""holo"":[733798],""normal"":[],""reverse_holo"":[]}",2026-08-14T19:11:56+01:00,EUR,USD,"name ""Erika's Invitation"" != 'Erika’s Invitation'"
204,Giovanni’s Charisma,sv03.5-204,MISMATCH,False,True,False,False,True,False,[],[517050],[],"{""holo"":[733799],""normal"":[],""reverse_holo"":[]}",2026-08-14T19:11:56+01:00,EUR,USD,"name ""Giovanni's Charisma"" != 'Giovanni’s Charisma'"
205,Mew ex,sv03.5-205,EXACT,False,True,False,False,True,False,[],[517051],[],"{""holo"":[720951],""normal"":[],""reverse_holo"":[]}",2026-06-09T12:54:48+01:00,EUR,USD,set + collector number + name match
206,Switch,sv03.5-206,EXACT,False,True,False,False,True,False,[],[517052],[],"{""holo"":[733801],""normal"":[],""reverse_holo"":[]}",2026-08-14T19:11:56+01:00,EUR,USD,set + collector number + name match
207,Basic Energy,sv03.5-207,MISMATCH,False,True,False,False,True,False,[],[517053],[],"{""holo"":[733802],""normal"":[],""reverse_holo"":[]}",2026-05-13T16:42:54+01:00,EUR,USD,name 'Basic Psychic Energy' != 'Basic Energy'
