idProduct,collector_number,card_name,rarity,internal_finishes,cardmarket_url,reverse_filter_present,default_from,default_trend,default_avg1,default_avg7,default_avg30,reverse_filter_method,filtered_reverse_from,filtered_reverse_trend,filtered_reverse_avg1,filtered_reverse_avg7,filtered_reverse_avg30,observation_status,evidence_source,evidence_sha256,notes,version,rule_group
719453,011,Metapod,"[""Common""]","[""normal"",""reverse_holo""]",https://www.cardmarket.com/en/Pokemon/Products/Singles/151/Metapod-V1-MEW011,UNKNOWN,,,,,,not_observable,,,,,,BLOCKED,https://www.cardmarket.com/en/Pokemon/Products/Singles/151/Metapod-V1-MEW011,a5187c6a6148c930809fed7b0e707808a8e83575ac7d21ed1f87bab3e0d6954e,Page observations are evidence only; no numeric value is persisted to DB.,1,normal_reverse_holo
719454,012,Butterfree,"[""Uncommon""]","[""normal"",""reverse_holo""]",https://www.cardmarket.com/en/Pokemon/Products/Singles/151/Butterfree-V1-MEW012,UNKNOWN,,,,,,not_observable,,,,,,BLOCKED,https://www.cardmarket.com/en/Pokemon/Products/Singles/151/Butterfree-V1-MEW012,a8d0244919fb96ed2a768b4b6a3e26ebe42d6c32693ca1349e2dc3c182e06ef3,Page observations are evidence only; no numeric value is persisted to DB.,1,normal_reverse_holo
719455,013,Weedle,"[""Common""]","[""normal"",""reverse_holo""]",https://www.cardmarket.com/en/Pokemon/Products/Singles/151/Weedle-V1-MEW013,UNKNOWN,,,,,,not_observable,,,,,,BLOCKED,https://www.cardmarket.com/en/Pokemon/Products/Singles/151/Weedle-V1-MEW013,065011e8d4c14ebb34b7b46b8889366cd2ad69507512dc44a2e981d9ec2f0f73,Page observations are evidence only; no numeric value is persisted to DB.,1,normal_reverse_holo
719456,014,Kakuna,"[""Common""]","[""normal"",""reverse_holo""]",https://www.cardmarket.com/en/Pokemon/Products/Singles/151/Kakuna-V1-MEW014,UNKNOWN,,,,,,not_observable,,,,,,BLOCKED,https://www.cardmarket.com/en/Pokemon/Products/Singles/151/Kakuna-V1-MEW014,e764905deddc53c4e6aaf44fda04ffa3742d9abd5ea779951c73aa7fa31dc10c,Page observations are evidence only; no numeric value is persisted to DB.,1,normal_reverse_holo
719458,016,Pidgey,"[""Common""]","[""normal"",""reverse_holo""]",https://www.cardmarket.com/en/Pokemon/Products/Singles/151/Pidgey-V1-MEW016,UNKNOWN,,,,,,not_observable,,,,,,BLOCKED,https://www.cardmarket.com/en/Pokemon/Products/Singles/151/Pidgey-V1-MEW016,6478431c54d3a0f9ab17f45fe1240608d89e8ad636be5585f7b1c41a1155d3b9,Page observations are evidence only; no numeric value is persisted to DB.,1,normal_reverse_holo
719459,017,Pidgeotto,"[""Common""]","[""normal"",""reverse_holo""]",https://www.cardmarket.com/en/Pokemon/Products/Singles/151/Pidgeotto-V1-MEW017,UNKNOWN,,,,,,not_observable,,,,,,BLOCKED,https://www.cardmarket.com/en/Pokemon/Products/Singles/151/Pidgeotto-V1-MEW017,0af08fc305fd980c513f2ea8470f25d6c9fa0887cc0e7e5d552fccc4fadf3036,Page observations are evidence only; no numeric value is persisted to DB.,1,normal_reverse_holo
719457,015,Beedrill,"[""Rare""]","[""holo"",""reverse_holo""]",https://www.cardmarket.com/en/Pokemon/Products/Singles/151/Beedrill-V1-MEW015,UNKNOWN,,,,,,not_observable,,,,,,BLOCKED,https://www.cardmarket.com/en/Pokemon/Products/Singles/151/Beedrill-V1-MEW015,dd5812307751e3722f55b31904f22009be1a5ed7c382e981f8de75e471b59f73,Page observations are evidence only; no numeric value is persisted to DB.,1,holo_reverse_holo
719468,026,Raichu,"[""Rare""]","[""holo"",""reverse_holo""]",https://www.cardmarket.com/en/Pokemon/Products/Singles/151/Raichu-V1-MEW026,UNKNOWN,,,,,,not_observable,,,,,,BLOCKED,https://www.cardmarket.com/en/Pokemon/Products/Singles/151/Raichu-V1-MEW026,ddb99ab911869a6360d42420b6de51b177af282068c2c282d72c31dfdc218d7a,Page observations are evidence only; no numeric value is persisted to DB.,1,holo_reverse_holo
719487,045,Vileplume,"[""Rare""]","[""holo"",""reverse_holo""]",https://www.cardmarket.com/en/Pokemon/Products/Singles/151/Vileplume-V1-MEW045,UNKNOWN,,,,,,not_observable,,,,,,BLOCKED,https://www.cardmarket.com/en/Pokemon/Products/Singles/151/Vileplume-V1-MEW045,f5057d17ed5c022234dbad390d148770f6369d96322983f26e2b7d2acb4c172e,Page observations are evidence only; no numeric value is persisted to DB.,1,holo_reverse_holo
719510,068,Machamp,"[""Rare""]","[""holo"",""reverse_holo""]",https://www.cardmarket.com/en/Pokemon/Products/Singles/151/Machamp-V1-MEW068,UNKNOWN,,,,,,not_observable,,,,,,BLOCKED,https://www.cardmarket.com/en/Pokemon/Products/Singles/151/Machamp-V1-MEW068,54a18c13fd2b866248b2e482104c13ac9d95b2e6b2718b93dcdb6e73f7db6a1a,Page observations are evidence only; no numeric value is persisted to DB.,1,holo_reverse_holo
719662,206,Switch,"[""Hyper rare""]","[""holo""]",https://www.cardmarket.com/en/Pokemon/Products/Singles/151/Switch-V1-MEW206,UNKNOWN,,,,,,not_observable,,,,,,BLOCKED,https://www.cardmarket.com/en/Pokemon/Products/Singles/151/Switch-V1-MEW206,3abd252acf4d36688fabaa888818174854d5a45a0b38656f31769433953a3ea9,Page observations are evidence only; no numeric value is persisted to DB.,1,higher_rarity_special_art
719663,207,Basic Energy,"[""Hyper rare""]","[""holo""]",https://www.cardmarket.com/en/Pokemon/Products/Singles/151/Basic-Energy-V1-MEW207,UNKNOWN,,,,,,not_observable,,,,,,BLOCKED,https://www.cardmarket.com/en/Pokemon/Products/Singles/151/Basic-Energy-V1-MEW207,3fa4b3318acbb709a3a51664447f5174d4ff99c37e4eceef5f2a749630b29aff,Page observations are evidence only; no numeric value is persisted to DB.,1,higher_rarity_special_art
719460,018,Pidgeot,"[""Uncommon""]","[""normal"",""reverse_holo""]",https://www.cardmarket.com/en/Pokemon/Products/Singles/151/Pidgeot-V1-MEW018,UNKNOWN,,,,,,not_observable,,,,,,BLOCKED,https://www.cardmarket.com/en/Pokemon/Products/Singles/151/Pidgeot-V1-MEW018,bd795561da4db6a3f9a1a51715893528c896d9072d3a55accd86fbf4800309ed,Page observations are evidence only; no numeric value is persisted to DB.,1,normal_reverse_holo
719461,019,Rattata,"[""Common""]","[""normal"",""reverse_holo""]",https://www.cardmarket.com/en/Pokemon/Products/Singles/151/Rattata-V1-MEW019,UNKNOWN,,,,,,not_observable,,,,,,BLOCKED,https://www.cardmarket.com/en/Pokemon/Products/Singles/151/Rattata-V1-MEW019,398714fe2d9cbbdd5dd0b780d71951d97598e9eb0469f5208c54942e379c51af,Page observations are evidence only; no numeric value is persisted to DB.,1,normal_reverse_holo
719462,020,Raticate,"[""Uncommon""]","[""normal"",""reverse_holo""]",https://www.cardmarket.com/en/Pokemon/Products/Singles/151/Raticate-V1-MEW020,UNKNOWN,,,,,,not_observable,,,,,,BLOCKED,https://www.cardmarket.com/en/Pokemon/Products/Singles/151/Raticate-V1-MEW020,d0bcd415011bd3ee15df62ec9cf9febd5135c04820999ba40c8586cde2d55502,Page observations are evidence only; no numeric value is persisted to DB.,1,normal_reverse_holo
719463,021,Spearow,"[""Common""]","[""normal"",""reverse_holo""]",https://www.cardmarket.com/en/Pokemon/Products/Singles/151/Spearow-V1-MEW021,UNKNOWN,,,,,,not_observable,,,,,,BLOCKED,https://www.cardmarket.com/en/Pokemon/Products/Singles/151/Spearow-V1-MEW021,f22816cb165f88faba897c4e5057977d2ee55fae761da68634f3d165ad0fa27e,Page observations are evidence only; no numeric value is persisted to DB.,1,normal_reverse_holo
719464,022,Fearow,"[""Uncommon""]","[""normal"",""reverse_holo""]",https://www.cardmarket.com/en/Pokemon/Products/Singles/151/Fearow-V1-MEW022,UNKNOWN,,,,,,not_observable,,,,,,BLOCKED,https://www.cardmarket.com/en/Pokemon/Products/Singles/151/Fearow-V1-MEW022,fa9f7362699bb0c5f57a264333043f4620a13ae5b43b20078926682f79f99014,Page observations are evidence only; no numeric value is persisted to DB.,1,normal_reverse_holo
719465,023,Ekans,"[""Common""]","[""normal"",""reverse_holo""]",https://www.cardmarket.com/en/Pokemon/Products/Singles/151/Ekans-V1-MEW023,UNKNOWN,,,,,,not_observable,,,,,,BLOCKED,https://www.cardmarket.com/en/Pokemon/Products/Singles/151/Ekans-V1-MEW023,78ad8cf0cc1a5652585506e5726350f60b6881f3e373938e64f5a2a7c993d473,Page observations are evidence only; no numeric value is persisted to DB.,1,normal_reverse_holo
719469,027,Sandshrew,"[""Common""]","[""normal"",""reverse_holo""]",https://www.cardmarket.com/en/Pokemon/Products/Singles/151/Sandshrew-V1-MEW027,UNKNOWN,,,,,,not_observable,,,,,,BLOCKED,https://www.cardmarket.com/en/Pokemon/Products/Singles/151/Sandshrew-V1-MEW027,ade0c67da8e597e5ce1012677038530214ba9f46885f56654f5714d9871fdafb,Page observations are evidence only; no numeric value is persisted to DB.,1,normal_reverse_holo
719470,028,Sandslash,"[""Uncommon""]","[""normal"",""reverse_holo""]",https://www.cardmarket.com/en/Pokemon/Products/Singles/151/Sandslash-V1-MEW028,UNKNOWN,,,,,,not_observable,,,,,,BLOCKED,https://www.cardmarket.com/en/Pokemon/Products/Singles/151/Sandslash-V1-MEW028,0155e830267bb8cae915af45992fe947689a0090e65386bc00e30481c621d6c9,Page observations are evidence only; no numeric value is persisted to DB.,1,normal_reverse_holo
