idProduct,canonical_id,collector_number,metric_family,previous_status,new_status,physical_card_id,physical_finish,pricing_eligible,rule_group,evidence,confidence,reason
719453,23366,011,base,AMBIGUOUS,AMBIGUOUS,,,False,normal_reverse_holo,Source facts and sampled Cardmarket behavior do not demonstrate metric exclusivity for this physical finish; no global rule promoted this relationship to EXACT. Product-specific evidence status: BLOCKED.,LOW,metric exclusivity not demonstrated
719453,23366,011,foil,AMBIGUOUS,AMBIGUOUS,,,False,normal_reverse_holo,Source facts and sampled Cardmarket behavior do not demonstrate metric exclusivity for this physical finish; no global rule promoted this relationship to EXACT. Product-specific evidence status: BLOCKED.,LOW,metric exclusivity not demonstrated
719454,23367,012,base,AMBIGUOUS,AMBIGUOUS,,,False,normal_reverse_holo,Source facts and sampled Cardmarket behavior do not demonstrate metric exclusivity for this physical finish; no global rule promoted this relationship to EXACT. Product-specific evidence status: BLOCKED.,LOW,metric exclusivity not demonstrated
719454,23367,012,foil,AMBIGUOUS,AMBIGUOUS,,,False,normal_reverse_holo,Source facts and sampled Cardmarket behavior do not demonstrate metric exclusivity for this physical finish; no global rule promoted this relationship to EXACT. Product-specific evidence status: BLOCKED.,LOW,metric exclusivity not demonstrated
719455,23368,013,base,AMBIGUOUS,AMBIGUOUS,,,False,normal_reverse_holo,Source facts and sampled Cardmarket behavior do not demonstrate metric exclusivity for this physical finish; no global rule promoted this relationship to EXACT. Product-specific evidence status: BLOCKED.,LOW,metric exclusivity not demonstrated
719455,23368,013,foil,AMBIGUOUS,AMBIGUOUS,,,False,normal_reverse_holo,Source facts and sampled Cardmarket behavior do not demonstrate metric exclusivity for this physical finish; no global rule promoted this relationship to EXACT. Product-specific evidence status: BLOCKED.,LOW,metric exclusivity not demonstrated
719456,23369,014,base,AMBIGUOUS,AMBIGUOUS,,,False,normal_reverse_holo,Source facts and sampled Cardmarket behavior do not demonstrate metric exclusivity for this physical finish; no global rule promoted this relationship to EXACT. Product-specific evidence status: BLOCKED.,LOW,metric exclusivity not demonstrated
719456,23369,014,foil,AMBIGUOUS,AMBIGUOUS,,,False,normal_reverse_holo,Source facts and sampled Cardmarket behavior do not demonstrate metric exclusivity for this physical finish; no global rule promoted this relationship to EXACT. Product-specific evidence status: BLOCKED.,LOW,metric exclusivity not demonstrated
719457,23370,015,base,AMBIGUOUS,AMBIGUOUS,,,False,holo_reverse_holo,Source facts and sampled Cardmarket behavior do not demonstrate metric exclusivity for this physical finish; no global rule promoted this relationship to EXACT. Product-specific evidence status: BLOCKED.,LOW,metric exclusivity not demonstrated
719457,23370,015,foil,AMBIGUOUS,AMBIGUOUS,,,False,holo_reverse_holo,Source facts and sampled Cardmarket behavior do not demonstrate metric exclusivity for this physical finish; no global rule promoted this relationship to EXACT. Product-specific evidence status: BLOCKED.,LOW,metric exclusivity not demonstrated
719458,23371,016,base,AMBIGUOUS,AMBIGUOUS,,,False,normal_reverse_holo,Source facts and sampled Cardmarket behavior do not demonstrate metric exclusivity for this physical finish; no global rule promoted this relationship to EXACT. Product-specific evidence status: BLOCKED.,LOW,metric exclusivity not demonstrated
719458,23371,016,foil,AMBIGUOUS,AMBIGUOUS,,,False,normal_reverse_holo,Source facts and sampled Cardmarket behavior do not demonstrate metric exclusivity for this physical finish; no global rule promoted this relationship to EXACT. Product-specific evidence status: BLOCKED.,LOW,metric exclusivity not demonstrated
719459,23372,017,base,AMBIGUOUS,AMBIGUOUS,,,False,normal_reverse_holo,Source facts and sampled Cardmarket behavior do not demonstrate metric exclusivity for this physical finish; no global rule promoted this relationship to EXACT. Product-specific evidence status: BLOCKED.,LOW,metric exclusivity not demonstrated
719459,23372,017,foil,AMBIGUOUS,AMBIGUOUS,,,False,normal_reverse_holo,Source facts and sampled Cardmarket behavior do not demonstrate metric exclusivity for this physical finish; no global rule promoted this relationship to EXACT. Product-specific evidence status: BLOCKED.,LOW,metric exclusivity not demonstrated
719460,23373,018,base,AMBIGUOUS,AMBIGUOUS,,,False,normal_reverse_holo,Source facts and sampled Cardmarket behavior do not demonstrate metric exclusivity for this physical finish; no global rule promoted this relationship to EXACT. Product-specific evidence status: BLOCKED.,LOW,metric exclusivity not demonstrated
719460,23373,018,foil,AMBIGUOUS,AMBIGUOUS,,,False,normal_reverse_holo,Source facts and sampled Cardmarket behavior do not demonstrate metric exclusivity for this physical finish; no global rule promoted this relationship to EXACT. Product-specific evidence status: BLOCKED.,LOW,metric exclusivity not demonstrated
719461,23374,019,base,AMBIGUOUS,AMBIGUOUS,,,False,normal_reverse_holo,Source facts and sampled Cardmarket behavior do not demonstrate metric exclusivity for this physical finish; no global rule promoted this relationship to EXACT. Product-specific evidence status: BLOCKED.,LOW,metric exclusivity not demonstrated
719461,23374,019,foil,AMBIGUOUS,AMBIGUOUS,,,False,normal_reverse_holo,Source facts and sampled Cardmarket behavior do not demonstrate metric exclusivity for this physical finish; no global rule promoted this relationship to EXACT. Product-specific evidence status: BLOCKED.,LOW,metric exclusivity not demonstrated
719462,23375,020,base,AMBIGUOUS,AMBIGUOUS,,,False,normal_reverse_holo,Source facts and sampled Cardmarket behavior do not demonstrate metric exclusivity for this physical finish; no global rule promoted this relationship to EXACT. Product-specific evidence status: BLOCKED.,LOW,metric exclusivity not demonstrated
719462,23375,020,foil,AMBIGUOUS,AMBIGUOUS,,,False,normal_reverse_holo,Source facts and sampled Cardmarket behavior do not demonstrate metric exclusivity for this physical finish; no global rule promoted this relationship to EXACT. Product-specific evidence status: BLOCKED.,LOW,metric exclusivity not demonstrated
719463,23376,021,base,AMBIGUOUS,AMBIGUOUS,,,False,normal_reverse_holo,Source facts and sampled Cardmarket behavior do not demonstrate metric exclusivity for this physical finish; no global rule promoted this relationship to EXACT. Product-specific evidence status: BLOCKED.,LOW,metric exclusivity not demonstrated
719463,23376,021,foil,AMBIGUOUS,AMBIGUOUS,,,False,normal_reverse_holo,Source facts and sampled Cardmarket behavior do not demonstrate metric exclusivity for this physical finish; no global rule promoted this relationship to EXACT. Product-specific evidence status: BLOCKED.,LOW,metric exclusivity not demonstrated
719464,23377,022,base,AMBIGUOUS,AMBIGUOUS,,,False,normal_reverse_holo,Source facts and sampled Cardmarket behavior do not demonstrate metric exclusivity for this physical finish; no global rule promoted this relationship to EXACT. Product-specific evidence status: BLOCKED.,LOW,metric exclusivity not demonstrated
719464,23377,022,foil,AMBIGUOUS,AMBIGUOUS,,,False,normal_reverse_holo,Source facts and sampled Cardmarket behavior do not demonstrate metric exclusivity for this physical finish; no global rule promoted this relationship to EXACT. Product-specific evidence status: BLOCKED.,LOW,metric exclusivity not demonstrated
719465,23378,023,base,AMBIGUOUS,AMBIGUOUS,,,False,normal_reverse_holo,Source facts and sampled Cardmarket behavior do not demonstrate metric exclusivity for this physical finish; no global rule promoted this relationship to EXACT. Product-specific evidence status: BLOCKED.,LOW,metric exclusivity not demonstrated
719465,23378,023,foil,AMBIGUOUS,AMBIGUOUS,,,False,normal_reverse_holo,Source facts and sampled Cardmarket behavior do not demonstrate metric exclusivity for this physical finish; no global rule promoted this relationship to EXACT. Product-specific evidence status: BLOCKED.,LOW,metric exclusivity not demonstrated
719468,23381,026,base,AMBIGUOUS,AMBIGUOUS,,,False,holo_reverse_holo,Source facts and sampled Cardmarket behavior do not demonstrate metric exclusivity for this physical finish; no global rule promoted this relationship to EXACT. Product-specific evidence status: BLOCKED.,LOW,metric exclusivity not demonstrated
719468,23381,026,foil,AMBIGUOUS,AMBIGUOUS,,,False,holo_reverse_holo,Source facts and sampled Cardmarket behavior do not demonstrate metric exclusivity for this physical finish; no global rule promoted this relationship to EXACT. Product-specific evidence status: BLOCKED.,LOW,metric exclusivity not demonstrated
719469,23382,027,base,AMBIGUOUS,AMBIGUOUS,,,False,normal_reverse_holo,Source facts and sampled Cardmarket behavior do not demonstrate metric exclusivity for this physical finish; no global rule promoted this relationship to EXACT. Product-specific evidence status: BLOCKED.,LOW,metric exclusivity not demonstrated
719469,23382,027,foil,AMBIGUOUS,AMBIGUOUS,,,False,normal_reverse_holo,Source facts and sampled Cardmarket behavior do not demonstrate metric exclusivity for this physical finish; no global rule promoted this relationship to EXACT. Product-specific evidence status: BLOCKED.,LOW,metric exclusivity not demonstrated
719470,23383,028,base,AMBIGUOUS,AMBIGUOUS,,,False,normal_reverse_holo,Source facts and sampled Cardmarket behavior do not demonstrate metric exclusivity for this physical finish; no global rule promoted this relationship to EXACT. Product-specific evidence status: BLOCKED.,LOW,metric exclusivity not demonstrated
719470,23383,028,foil,AMBIGUOUS,AMBIGUOUS,,,False,normal_reverse_holo,Source facts and sampled Cardmarket behavior do not demonstrate metric exclusivity for this physical finish; no global rule promoted this relationship to EXACT. Product-specific evidence status: BLOCKED.,LOW,metric exclusivity not demonstrated
719471,23384,029,base,AMBIGUOUS,AMBIGUOUS,,,False,normal_reverse_holo,Source facts and sampled Cardmarket behavior do not demonstrate metric exclusivity for this physical finish; no global rule promoted this relationship to EXACT.,LOW,metric exclusivity not demonstrated
719471,23384,029,foil,AMBIGUOUS,AMBIGUOUS,,,False,normal_reverse_holo,Source facts and sampled Cardmarket behavior do not demonstrate metric exclusivity for this physical finish; no global rule promoted this relationship to EXACT.,LOW,metric exclusivity not demonstrated
719472,23385,030,base,AMBIGUOUS,AMBIGUOUS,,,False,normal_reverse_holo,Source facts and sampled Cardmarket behavior do not demonstrate metric exclusivity for this physical finish; no global rule promoted this relationship to EXACT.,LOW,metric exclusivity not demonstrated
719472,23385,030,foil,AMBIGUOUS,AMBIGUOUS,,,False,normal_reverse_holo,Source facts and sampled Cardmarket behavior do not demonstrate metric exclusivity for this physical finish; no global rule promoted this relationship to EXACT.,LOW,metric exclusivity not demonstrated
719473,23386,031,base,AMBIGUOUS,AMBIGUOUS,,,False,normal_reverse_holo,Source facts and sampled Cardmarket behavior do not demonstrate metric exclusivity for this physical finish; no global rule promoted this relationship to EXACT.,LOW,metric exclusivity not demonstrated
719473,23386,031,foil,AMBIGUOUS,AMBIGUOUS,,,False,normal_reverse_holo,Source facts and sampled Cardmarket behavior do not demonstrate metric exclusivity for this physical finish; no global rule promoted this relationship to EXACT.,LOW,metric exclusivity not demonstrated
719474,23387,032,base,AMBIGUOUS,AMBIGUOUS,,,False,normal_reverse_holo,Source facts and sampled Cardmarket behavior do not demonstrate metric exclusivity for this physical finish; no global rule promoted this relationship to EXACT.,LOW,metric exclusivity not demonstrated
719474,23387,032,foil,AMBIGUOUS,AMBIGUOUS,,,False,normal_reverse_holo,Source facts and sampled Cardmarket behavior do not demonstrate metric exclusivity for this physical finish; no global rule promoted this relationship to EXACT.,LOW,metric exclusivity not demonstrated
719475,23388,033,base,AMBIGUOUS,AMBIGUOUS,,,False,normal_reverse_holo,Source facts and sampled Cardmarket behavior do not demonstrate metric exclusivity for this physical finish; no global rule promoted this relationship to EXACT.,LOW,metric exclusivity not demonstrated
719475,23388,033,foil,AMBIGUOUS,AMBIGUOUS,,,False,normal_reverse_holo,Source facts and sampled Cardmarket behavior do not demonstrate metric exclusivity for this physical finish; no global rule promoted this relationship to EXACT.,LOW,metric exclusivity not demonstrated
719477,23390,035,base,AMBIGUOUS,AMBIGUOUS,,,False,normal_reverse_holo,Source facts and sampled Cardmarket behavior do not demonstrate metric exclusivity for this physical finish; no global rule promoted this relationship to EXACT.,LOW,metric exclusivity not demonstrated
719477,23390,035,foil,AMBIGUOUS,AMBIGUOUS,,,False,normal_reverse_holo,Source facts and sampled Cardmarket behavior do not demonstrate metric exclusivity for this physical finish; no global rule promoted this relationship to EXACT.,LOW,metric exclusivity not demonstrated
719478,23391,036,base,AMBIGUOUS,AMBIGUOUS,,,False,normal_reverse_holo,Source facts and sampled Cardmarket behavior do not demonstrate metric exclusivity for this physical finish; no global rule promoted this relationship to EXACT.,LOW,metric exclusivity not demonstrated
719478,23391,036,foil,AMBIGUOUS,AMBIGUOUS,,,False,normal_reverse_holo,Source facts and sampled Cardmarket behavior do not demonstrate metric exclusivity for this physical finish; no global rule promoted this relationship to EXACT.,LOW,metric exclusivity not demonstrated
719479,23392,037,base,AMBIGUOUS,AMBIGUOUS,,,False,normal_reverse_holo,Source facts and sampled Cardmarket behavior do not demonstrate metric exclusivity for this physical finish; no global rule promoted this relationship to EXACT.,LOW,metric exclusivity not demonstrated
719479,23392,037,foil,AMBIGUOUS,AMBIGUOUS,,,False,normal_reverse_holo,Source facts and sampled Cardmarket behavior do not demonstrate metric exclusivity for this physical finish; no global rule promoted this relationship to EXACT.,LOW,metric exclusivity not demonstrated
719481,23394,039,base,AMBIGUOUS,AMBIGUOUS,,,False,normal_reverse_holo,Source facts and sampled Cardmarket behavior do not demonstrate metric exclusivity for this physical finish; no global rule promoted this relationship to EXACT.,LOW,metric exclusivity not demonstrated
719481,23394,039,foil,AMBIGUOUS,AMBIGUOUS,,,False,normal_reverse_holo,Source facts and sampled Cardmarket behavior do not demonstrate metric exclusivity for this physical finish; no global rule promoted this relationship to EXACT.,LOW,metric exclusivity not demonstrated
719483,23396,041,base,AMBIGUOUS,AMBIGUOUS,,,False,normal_reverse_holo,Source facts and sampled Cardmarket behavior do not demonstrate metric exclusivity for this physical finish; no global rule promoted this relationship to EXACT.,LOW,metric exclusivity not demonstrated
719483,23396,041,foil,AMBIGUOUS,AMBIGUOUS,,,False,normal_reverse_holo,Source facts and sampled Cardmarket behavior do not demonstrate metric exclusivity for this physical finish; no global rule promoted this relationship to EXACT.,LOW,metric exclusivity not demonstrated
719484,23397,042,base,AMBIGUOUS,AMBIGUOUS,,,False,normal_reverse_holo,Source facts and sampled Cardmarket behavior do not demonstrate metric exclusivity for this physical finish; no global rule promoted this relationship to EXACT.,LOW,metric exclusivity not demonstrated
719484,23397,042,foil,AMBIGUOUS,AMBIGUOUS,,,False,normal_reverse_holo,Source facts and sampled Cardmarket behavior do not demonstrate metric exclusivity for this physical finish; no global rule promoted this relationship to EXACT.,LOW,metric exclusivity not demonstrated
719485,23398,043,base,AMBIGUOUS,AMBIGUOUS,,,False,normal_reverse_holo,Source facts and sampled Cardmarket behavior do not demonstrate metric exclusivity for this physical finish; no global rule promoted this relationship to EXACT.,LOW,metric exclusivity not demonstrated
719485,23398,043,foil,AMBIGUOUS,AMBIGUOUS,,,False,normal_reverse_holo,Source facts and sampled Cardmarket behavior do not demonstrate metric exclusivity for this physical finish; no global rule promoted this relationship to EXACT.,LOW,metric exclusivity not demonstrated
719486,23399,044,base,AMBIGUOUS,AMBIGUOUS,,,False,normal_reverse_holo,Source facts and sampled Cardmarket behavior do not demonstrate metric exclusivity for this physical finish; no global rule promoted this relationship to EXACT.,LOW,metric exclusivity not demonstrated
719486,23399,044,foil,AMBIGUOUS,AMBIGUOUS,,,False,normal_reverse_holo,Source facts and sampled Cardmarket behavior do not demonstrate metric exclusivity for this physical finish; no global rule promoted this relationship to EXACT.,LOW,metric exclusivity not demonstrated
719487,23400,045,base,AMBIGUOUS,AMBIGUOUS,,,False,holo_reverse_holo,Source facts and sampled Cardmarket behavior do not demonstrate metric exclusivity for this physical finish; no global rule promoted this relationship to EXACT. Product-specific evidence status: BLOCKED.,LOW,metric exclusivity not demonstrated
719487,23400,045,foil,AMBIGUOUS,AMBIGUOUS,,,False,holo_reverse_holo,Source facts and sampled Cardmarket behavior do not demonstrate metric exclusivity for this physical finish; no global rule promoted this relationship to EXACT. Product-specific evidence status: BLOCKED.,LOW,metric exclusivity not demonstrated
719488,23401,046,base,AMBIGUOUS,AMBIGUOUS,,,False,normal_reverse_holo,Source facts and sampled Cardmarket behavior do not demonstrate metric exclusivity for this physical finish; no global rule promoted this relationship to EXACT.,LOW,metric exclusivity not demonstrated
719488,23401,046,foil,AMBIGUOUS,AMBIGUOUS,,,False,normal_reverse_holo,Source facts and sampled Cardmarket behavior do not demonstrate metric exclusivity for this physical finish; no global rule promoted this relationship to EXACT.,LOW,metric exclusivity not demonstrated
719489,23402,047,base,AMBIGUOUS,AMBIGUOUS,,,False,normal_reverse_holo,Source facts and sampled Cardmarket behavior do not demonstrate metric exclusivity for this physical finish; no global rule promoted this relationship to EXACT.,LOW,metric exclusivity not demonstrated
719489,23402,047,foil,AMBIGUOUS,AMBIGUOUS,,,False,normal_reverse_holo,Source facts and sampled Cardmarket behavior do not demonstrate metric exclusivity for this physical finish; no global rule promoted this relationship to EXACT.,LOW,metric exclusivity not demonstrated
719490,23403,048,base,AMBIGUOUS,AMBIGUOUS,,,False,normal_reverse_holo,Source facts and sampled Cardmarket behavior do not demonstrate metric exclusivity for this physical finish; no global rule promoted this relationship to EXACT.,LOW,metric exclusivity not demonstrated
719490,23403,048,foil,AMBIGUOUS,AMBIGUOUS,,,False,normal_reverse_holo,Source facts and sampled Cardmarket behavior do not demonstrate metric exclusivity for this physical finish; no global rule promoted this relationship to EXACT.,LOW,metric exclusivity not demonstrated
719491,23404,049,base,AMBIGUOUS,AMBIGUOUS,,,False,normal_reverse_holo,Source facts and sampled Cardmarket behavior do not demonstrate metric exclusivity for this physical finish; no global rule promoted this relationship to EXACT.,LOW,metric exclusivity not demonstrated
719491,23404,049,foil,AMBIGUOUS,AMBIGUOUS,,,False,normal_reverse_holo,Source facts and sampled Cardmarket behavior do not demonstrate metric exclusivity for this physical finish; no global rule promoted this relationship to EXACT.,LOW,metric exclusivity not demonstrated
719492,23405,050,base,AMBIGUOUS,AMBIGUOUS,,,False,normal_reverse_holo,Source facts and sampled Cardmarket behavior do not demonstrate metric exclusivity for this physical finish; no global rule promoted this relationship to EXACT.,LOW,metric exclusivity not demonstrated
719492,23405,050,foil,AMBIGUOUS,AMBIGUOUS,,,False,normal_reverse_holo,Source facts and sampled Cardmarket behavior do not demonstrate metric exclusivity for this physical finish; no global rule promoted this relationship to EXACT.,LOW,metric exclusivity not demonstrated
719493,23406,051,base,AMBIGUOUS,AMBIGUOUS,,,False,normal_reverse_holo,Source facts and sampled Cardmarket behavior do not demonstrate metric exclusivity for this physical finish; no global rule promoted this relationship to EXACT.,LOW,metric exclusivity not demonstrated
719493,23406,051,foil,AMBIGUOUS,AMBIGUOUS,,,False,normal_reverse_holo,Source facts and sampled Cardmarket behavior do not demonstrate metric exclusivity for this physical finish; no global rule promoted this relationship to EXACT.,LOW,metric exclusivity not demonstrated
719494,23407,052,base,AMBIGUOUS,AMBIGUOUS,,,False,normal_reverse_holo,Source facts and sampled Cardmarket behavior do not demonstrate metric exclusivity for this physical finish; no global rule promoted this relationship to EXACT.,LOW,metric exclusivity not demonstrated
719494,23407,052,foil,AMBIGUOUS,AMBIGUOUS,,,False,normal_reverse_holo,Source facts and sampled Cardmarket behavior do not demonstrate metric exclusivity for this physical finish; no global rule promoted this relationship to EXACT.,LOW,metric exclusivity not demonstrated
719495,23408,053,base,AMBIGUOUS,AMBIGUOUS,,,False,normal_reverse_holo,Source facts and sampled Cardmarket behavior do not demonstrate metric exclusivity for this physical finish; no global rule promoted this relationship to EXACT.,LOW,metric exclusivity not demonstrated
719495,23408,053,foil,AMBIGUOUS,AMBIGUOUS,,,False,normal_reverse_holo,Source facts and sampled Cardmarket behavior do not demonstrate metric exclusivity for this physical finish; no global rule promoted this relationship to EXACT.,LOW,metric exclusivity not demonstrated
719497,23410,055,base,AMBIGUOUS,AMBIGUOUS,,,False,normal_reverse_holo,Source facts and sampled Cardmarket behavior do not demonstrate metric exclusivity for this physical finish; no global rule promoted this relationship to EXACT.,LOW,metric exclusivity not demonstrated
719497,23410,055,foil,AMBIGUOUS,AMBIGUOUS,,,False,normal_reverse_holo,Source facts and sampled Cardmarket behavior do not demonstrate metric exclusivity for this physical finish; no global rule promoted this relationship to EXACT.,LOW,metric exclusivity not demonstrated
719498,23411,056,base,AMBIGUOUS,AMBIGUOUS,,,False,normal_reverse_holo,Source facts and sampled Cardmarket behavior do not demonstrate metric exclusivity for this physical finish; no global rule promoted this relationship to EXACT.,LOW,metric exclusivity not demonstrated
719498,23411,056,foil,AMBIGUOUS,AMBIGUOUS,,,False,normal_reverse_holo,Source facts and sampled Cardmarket behavior do not demonstrate metric exclusivity for this physical finish; no global rule promoted this relationship to EXACT.,LOW,metric exclusivity not demonstrated
719499,23412,057,base,AMBIGUOUS,AMBIGUOUS,,,False,normal_reverse_holo,Source facts and sampled Cardmarket behavior do not demonstrate metric exclusivity for this physical finish; no global rule promoted this relationship to EXACT.,LOW,metric exclusivity not demonstrated
719499,23412,057,foil,AMBIGUOUS,AMBIGUOUS,,,False,normal_reverse_holo,Source facts and sampled Cardmarket behavior do not demonstrate metric exclusivity for this physical finish; no global rule promoted this relationship to EXACT.,LOW,metric exclusivity not demonstrated
719500,23413,058,base,AMBIGUOUS,AMBIGUOUS,,,False,normal_reverse_holo,Source facts and sampled Cardmarket behavior do not demonstrate metric exclusivity for this physical finish; no global rule promoted this relationship to EXACT.,LOW,metric exclusivity not demonstrated
719500,23413,058,foil,AMBIGUOUS,AMBIGUOUS,,,False,normal_reverse_holo,Source facts and sampled Cardmarket behavior do not demonstrate metric exclusivity for this physical finish; no global rule promoted this relationship to EXACT.,LOW,metric exclusivity not demonstrated
719501,23414,059,base,AMBIGUOUS,AMBIGUOUS,,,False,normal_reverse_holo,Source facts and sampled Cardmarket behavior do not demonstrate metric exclusivity for this physical finish; no global rule promoted this relationship to EXACT.,LOW,metric exclusivity not demonstrated
719501,23414,059,foil,AMBIGUOUS,AMBIGUOUS,,,False,normal_reverse_holo,Source facts and sampled Cardmarket behavior do not demonstrate metric exclusivity for this physical finish; no global rule promoted this relationship to EXACT.,LOW,metric exclusivity not demonstrated
719502,23415,060,base,AMBIGUOUS,AMBIGUOUS,,,False,normal_reverse_holo,Source facts and sampled Cardmarket behavior do not demonstrate metric exclusivity for this physical finish; no global rule promoted this relationship to EXACT.,LOW,metric exclusivity not demonstrated
719502,23415,060,foil,AMBIGUOUS,AMBIGUOUS,,,False,normal_reverse_holo,Source facts and sampled Cardmarket behavior do not demonstrate metric exclusivity for this physical finish; no global rule promoted this relationship to EXACT.,LOW,metric exclusivity not demonstrated
719504,23417,062,base,AMBIGUOUS,AMBIGUOUS,,,False,normal_reverse_holo,Source facts and sampled Cardmarket behavior do not demonstrate metric exclusivity for this physical finish; no global rule promoted this relationship to EXACT.,LOW,metric exclusivity not demonstrated
719504,23417,062,foil,AMBIGUOUS,AMBIGUOUS,,,False,normal_reverse_holo,Source facts and sampled Cardmarket behavior do not demonstrate metric exclusivity for this physical finish; no global rule promoted this relationship to EXACT.,LOW,metric exclusivity not demonstrated
719505,23418,063,base,AMBIGUOUS,AMBIGUOUS,,,False,normal_reverse_holo,Source facts and sampled Cardmarket behavior do not demonstrate metric exclusivity for this physical finish; no global rule promoted this relationship to EXACT.,LOW,metric exclusivity not demonstrated
719505,23418,063,foil,AMBIGUOUS,AMBIGUOUS,,,False,normal_reverse_holo,Source facts and sampled Cardmarket behavior do not demonstrate metric exclusivity for this physical finish; no global rule promoted this relationship to EXACT.,LOW,metric exclusivity not demonstrated
719506,23419,064,base,AMBIGUOUS,AMBIGUOUS,,,False,normal_reverse_holo,Source facts and sampled Cardmarket behavior do not demonstrate metric exclusivity for this physical finish; no global rule promoted this relationship to EXACT.,LOW,metric exclusivity not demonstrated
719506,23419,064,foil,AMBIGUOUS,AMBIGUOUS,,,False,normal_reverse_holo,Source facts and sampled Cardmarket behavior do not demonstrate metric exclusivity for this physical finish; no global rule promoted this relationship to EXACT.,LOW,metric exclusivity not demonstrated
719508,23421,066,base,AMBIGUOUS,AMBIGUOUS,,,False,normal_reverse_holo,Source facts and sampled Cardmarket behavior do not demonstrate metric exclusivity for this physical finish; no global rule promoted this relationship to EXACT.,LOW,metric exclusivity not demonstrated
719508,23421,066,foil,AMBIGUOUS,AMBIGUOUS,,,False,normal_reverse_holo,Source facts and sampled Cardmarket behavior do not demonstrate metric exclusivity for this physical finish; no global rule promoted this relationship to EXACT.,LOW,metric exclusivity not demonstrated
719510,23423,068,base,AMBIGUOUS,AMBIGUOUS,,,False,holo_reverse_holo,Source facts and sampled Cardmarket behavior do not demonstrate metric exclusivity for this physical finish; no global rule promoted this relationship to EXACT. Product-specific evidence status: BLOCKED.,LOW,metric exclusivity not demonstrated
719510,23423,068,foil,AMBIGUOUS,AMBIGUOUS,,,False,holo_reverse_holo,Source facts and sampled Cardmarket behavior do not demonstrate metric exclusivity for this physical finish; no global rule promoted this relationship to EXACT. Product-specific evidence status: BLOCKED.,LOW,metric exclusivity not demonstrated
719511,23424,069,base,AMBIGUOUS,AMBIGUOUS,,,False,normal_reverse_holo,Source facts and sampled Cardmarket behavior do not demonstrate metric exclusivity for this physical finish; no global rule promoted this relationship to EXACT.,LOW,metric exclusivity not demonstrated
719511,23424,069,foil,AMBIGUOUS,AMBIGUOUS,,,False,normal_reverse_holo,Source facts and sampled Cardmarket behavior do not demonstrate metric exclusivity for this physical finish; no global rule promoted this relationship to EXACT.,LOW,metric exclusivity not demonstrated
719512,23425,070,base,AMBIGUOUS,AMBIGUOUS,,,False,normal_reverse_holo,Source facts and sampled Cardmarket behavior do not demonstrate metric exclusivity for this physical finish; no global rule promoted this relationship to EXACT.,LOW,metric exclusivity not demonstrated
719512,23425,070,foil,AMBIGUOUS,AMBIGUOUS,,,False,normal_reverse_holo,Source facts and sampled Cardmarket behavior do not demonstrate metric exclusivity for this physical finish; no global rule promoted this relationship to EXACT.,LOW,metric exclusivity not demonstrated
719513,23426,071,base,AMBIGUOUS,AMBIGUOUS,,,False,normal_reverse_holo,Source facts and sampled Cardmarket behavior do not demonstrate metric exclusivity for this physical finish; no global rule promoted this relationship to EXACT.,LOW,metric exclusivity not demonstrated
719513,23426,071,foil,AMBIGUOUS,AMBIGUOUS,,,False,normal_reverse_holo,Source facts and sampled Cardmarket behavior do not demonstrate metric exclusivity for this physical finish; no global rule promoted this relationship to EXACT.,LOW,metric exclusivity not demonstrated
719514,23427,072,base,AMBIGUOUS,AMBIGUOUS,,,False,normal_reverse_holo,Source facts and sampled Cardmarket behavior do not demonstrate metric exclusivity for this physical finish; no global rule promoted this relationship to EXACT.,LOW,metric exclusivity not demonstrated
719514,23427,072,foil,AMBIGUOUS,AMBIGUOUS,,,False,normal_reverse_holo,Source facts and sampled Cardmarket behavior do not demonstrate metric exclusivity for this physical finish; no global rule promoted this relationship to EXACT.,LOW,metric exclusivity not demonstrated
719515,23428,073,base,AMBIGUOUS,AMBIGUOUS,,,False,normal_reverse_holo,Source facts and sampled Cardmarket behavior do not demonstrate metric exclusivity for this physical finish; no global rule promoted this relationship to EXACT.,LOW,metric exclusivity not demonstrated
719515,23428,073,foil,AMBIGUOUS,AMBIGUOUS,,,False,normal_reverse_holo,Source facts and sampled Cardmarket behavior do not demonstrate metric exclusivity for this physical finish; no global rule promoted this relationship to EXACT.,LOW,metric exclusivity not demonstrated
719516,23429,074,base,AMBIGUOUS,AMBIGUOUS,,,False,normal_reverse_holo,Source facts and sampled Cardmarket behavior do not demonstrate metric exclusivity for this physical finish; no global rule promoted this relationship to EXACT.,LOW,metric exclusivity not demonstrated
719516,23429,074,foil,AMBIGUOUS,AMBIGUOUS,,,False,normal_reverse_holo,Source facts and sampled Cardmarket behavior do not demonstrate metric exclusivity for this physical finish; no global rule promoted this relationship to EXACT.,LOW,metric exclusivity not demonstrated
719517,23430,075,base,AMBIGUOUS,AMBIGUOUS,,,False,normal_reverse_holo,Source facts and sampled Cardmarket behavior do not demonstrate metric exclusivity for this physical finish; no global rule promoted this relationship to EXACT.,LOW,metric exclusivity not demonstrated
719517,23430,075,foil,AMBIGUOUS,AMBIGUOUS,,,False,normal_reverse_holo,Source facts and sampled Cardmarket behavior do not demonstrate metric exclusivity for this physical finish; no global rule promoted this relationship to EXACT.,LOW,metric exclusivity not demonstrated
719519,23432,077,base,AMBIGUOUS,AMBIGUOUS,,,False,normal_reverse_holo,Source facts and sampled Cardmarket behavior do not demonstrate metric exclusivity for this physical finish; no global rule promoted this relationship to EXACT.,LOW,metric exclusivity not demonstrated
719519,23432,077,foil,AMBIGUOUS,AMBIGUOUS,,,False,normal_reverse_holo,Source facts and sampled Cardmarket behavior do not demonstrate metric exclusivity for this physical finish; no global rule promoted this relationship to EXACT.,LOW,metric exclusivity not demonstrated
719520,23433,078,base,AMBIGUOUS,AMBIGUOUS,,,False,normal_reverse_holo,Source facts and sampled Cardmarket behavior do not demonstrate metric exclusivity for this physical finish; no global rule promoted this relationship to EXACT.,LOW,metric exclusivity not demonstrated
719520,23433,078,foil,AMBIGUOUS,AMBIGUOUS,,,False,normal_reverse_holo,Source facts and sampled Cardmarket behavior do not demonstrate metric exclusivity for this physical finish; no global rule promoted this relationship to EXACT.,LOW,metric exclusivity not demonstrated
719521,23434,079,base,AMBIGUOUS,AMBIGUOUS,,,False,normal_reverse_holo,Source facts and sampled Cardmarket behavior do not demonstrate metric exclusivity for this physical finish; no global rule promoted this relationship to EXACT.,LOW,metric exclusivity not demonstrated
719521,23434,079,foil,AMBIGUOUS,AMBIGUOUS,,,False,normal_reverse_holo,Source facts and sampled Cardmarket behavior do not demonstrate metric exclusivity for this physical finish; no global rule promoted this relationship to EXACT.,LOW,metric exclusivity not demonstrated
719522,23435,080,base,AMBIGUOUS,AMBIGUOUS,,,False,normal_reverse_holo,Source facts and sampled Cardmarket behavior do not demonstrate metric exclusivity for this physical finish; no global rule promoted this relationship to EXACT.,LOW,metric exclusivity not demonstrated
719522,23435,080,foil,AMBIGUOUS,AMBIGUOUS,,,False,normal_reverse_holo,Source facts and sampled Cardmarket behavior do not demonstrate metric exclusivity for this physical finish; no global rule promoted this relationship to EXACT.,LOW,metric exclusivity not demonstrated
719523,23436,081,base,AMBIGUOUS,AMBIGUOUS,,,False,normal_reverse_holo,Source facts and sampled Cardmarket behavior do not demonstrate metric exclusivity for this physical finish; no global rule promoted this relationship to EXACT.,LOW,metric exclusivity not demonstrated
719523,23436,081,foil,AMBIGUOUS,AMBIGUOUS,,,False,normal_reverse_holo,Source facts and sampled Cardmarket behavior do not demonstrate metric exclusivity for this physical finish; no global rule promoted this relationship to EXACT.,LOW,metric exclusivity not demonstrated
719524,23437,082,base,AMBIGUOUS,AMBIGUOUS,,,False,normal_reverse_holo,Source facts and sampled Cardmarket behavior do not demonstrate metric exclusivity for this physical finish; no global rule promoted this relationship to EXACT.,LOW,metric exclusivity not demonstrated
719524,23437,082,foil,AMBIGUOUS,AMBIGUOUS,,,False,normal_reverse_holo,Source facts and sampled Cardmarket behavior do not demonstrate metric exclusivity for this physical finish; no global rule promoted this relationship to EXACT.,LOW,metric exclusivity not demonstrated
719525,23438,083,base,AMBIGUOUS,AMBIGUOUS,,,False,normal_reverse_holo,Source facts and sampled Cardmarket behavior do not demonstrate metric exclusivity for this physical finish; no global rule promoted this relationship to EXACT.,LOW,metric exclusivity not demonstrated
719525,23438,083,foil,AMBIGUOUS,AMBIGUOUS,,,False,normal_reverse_holo,Source facts and sampled Cardmarket behavior do not demonstrate metric exclusivity for this physical finish; no global rule promoted this relationship to EXACT.,LOW,metric exclusivity not demonstrated
719526,23439,084,base,AMBIGUOUS,AMBIGUOUS,,,False,normal_reverse_holo,Source facts and sampled Cardmarket behavior do not demonstrate metric exclusivity for this physical finish; no global rule promoted this relationship to EXACT.,LOW,metric exclusivity not demonstrated
719526,23439,084,foil,AMBIGUOUS,AMBIGUOUS,,,False,normal_reverse_holo,Source facts and sampled Cardmarket behavior do not demonstrate metric exclusivity for this physical finish; no global rule promoted this relationship to EXACT.,LOW,metric exclusivity not demonstrated
719527,23440,085,base,AMBIGUOUS,AMBIGUOUS,,,False,holo_reverse_holo,Source facts and sampled Cardmarket behavior do not demonstrate metric exclusivity for this physical finish; no global rule promoted this relationship to EXACT.,LOW,metric exclusivity not demonstrated
719527,23440,085,foil,AMBIGUOUS,AMBIGUOUS,,,False,holo_reverse_holo,Source facts and sampled Cardmarket behavior do not demonstrate metric exclusivity for this physical finish; no global rule promoted this relationship to EXACT.,LOW,metric exclusivity not demonstrated
719528,23441,086,base,AMBIGUOUS,AMBIGUOUS,,,False,normal_reverse_holo,Source facts and sampled Cardmarket behavior do not demonstrate metric exclusivity for this physical finish; no global rule promoted this relationship to EXACT.,LOW,metric exclusivity not demonstrated
719528,23441,086,foil,AMBIGUOUS,AMBIGUOUS,,,False,normal_reverse_holo,Source facts and sampled Cardmarket behavior do not demonstrate metric exclusivity for this physical finish; no global rule promoted this relationship to EXACT.,LOW,metric exclusivity not demonstrated
719529,23442,087,base,AMBIGUOUS,AMBIGUOUS,,,False,normal_reverse_holo,Source facts and sampled Cardmarket behavior do not demonstrate metric exclusivity for this physical finish; no global rule promoted this relationship to EXACT.,LOW,metric exclusivity not demonstrated
719529,23442,087,foil,AMBIGUOUS,AMBIGUOUS,,,False,normal_reverse_holo,Source facts and sampled Cardmarket behavior do not demonstrate metric exclusivity for this physical finish; no global rule promoted this relationship to EXACT.,LOW,metric exclusivity not demonstrated
719530,23443,088,base,AMBIGUOUS,AMBIGUOUS,,,False,normal_reverse_holo,Source facts and sampled Cardmarket behavior do not demonstrate metric exclusivity for this physical finish; no global rule promoted this relationship to EXACT.,LOW,metric exclusivity not demonstrated
719530,23443,088,foil,AMBIGUOUS,AMBIGUOUS,,,False,normal_reverse_holo,Source facts and sampled Cardmarket behavior do not demonstrate metric exclusivity for this physical finish; no global rule promoted this relationship to EXACT.,LOW,metric exclusivity not demonstrated
719531,23444,089,base,AMBIGUOUS,AMBIGUOUS,,,False,normal_reverse_holo,Source facts and sampled Cardmarket behavior do not demonstrate metric exclusivity for this physical finish; no global rule promoted this relationship to EXACT.,LOW,metric exclusivity not demonstrated
719531,23444,089,foil,AMBIGUOUS,AMBIGUOUS,,,False,normal_reverse_holo,Source facts and sampled Cardmarket behavior do not demonstrate metric exclusivity for this physical finish; no global rule promoted this relationship to EXACT.,LOW,metric exclusivity not demonstrated
719543,23445,090,base,AMBIGUOUS,AMBIGUOUS,,,False,normal_reverse_holo,Source facts and sampled Cardmarket behavior do not demonstrate metric exclusivity for this physical finish; no global rule promoted this relationship to EXACT.,LOW,metric exclusivity not demonstrated
719543,23445,090,foil,AMBIGUOUS,AMBIGUOUS,,,False,normal_reverse_holo,Source facts and sampled Cardmarket behavior do not demonstrate metric exclusivity for this physical finish; no global rule promoted this relationship to EXACT.,LOW,metric exclusivity not demonstrated
719544,23446,091,base,AMBIGUOUS,AMBIGUOUS,,,False,normal_reverse_holo,Source facts and sampled Cardmarket behavior do not demonstrate metric exclusivity for this physical finish; no global rule promoted this relationship to EXACT.,LOW,metric exclusivity not demonstrated
719544,23446,091,foil,AMBIGUOUS,AMBIGUOUS,,,False,normal_reverse_holo,Source facts and sampled Cardmarket behavior do not demonstrate metric exclusivity for this physical finish; no global rule promoted this relationship to EXACT.,LOW,metric exclusivity not demonstrated
719545,23447,092,base,AMBIGUOUS,AMBIGUOUS,,,False,normal_reverse_holo,Source facts and sampled Cardmarket behavior do not demonstrate metric exclusivity for this physical finish; no global rule promoted this relationship to EXACT.,LOW,metric exclusivity not demonstrated
719545,23447,092,foil,AMBIGUOUS,AMBIGUOUS,,,False,normal_reverse_holo,Source facts and sampled Cardmarket behavior do not demonstrate metric exclusivity for this physical finish; no global rule promoted this relationship to EXACT.,LOW,metric exclusivity not demonstrated
719546,23448,093,base,AMBIGUOUS,AMBIGUOUS,,,False,normal_reverse_holo,Source facts and sampled Cardmarket behavior do not demonstrate metric exclusivity for this physical finish; no global rule promoted this relationship to EXACT.,LOW,metric exclusivity not demonstrated
719546,23448,093,foil,AMBIGUOUS,AMBIGUOUS,,,False,normal_reverse_holo,Source facts and sampled Cardmarket behavior do not demonstrate metric exclusivity for this physical finish; no global rule promoted this relationship to EXACT.,LOW,metric exclusivity not demonstrated
719547,23449,094,base,AMBIGUOUS,AMBIGUOUS,,,False,holo_reverse_holo,Source facts and sampled Cardmarket behavior do not demonstrate metric exclusivity for this physical finish; no global rule promoted this relationship to EXACT.,LOW,metric exclusivity not demonstrated
719547,23449,094,foil,AMBIGUOUS,AMBIGUOUS,,,False,holo_reverse_holo,Source facts and sampled Cardmarket behavior do not demonstrate metric exclusivity for this physical finish; no global rule promoted this relationship to EXACT.,LOW,metric exclusivity not demonstrated
719548,23450,095,base,AMBIGUOUS,AMBIGUOUS,,,False,normal_reverse_holo,Source facts and sampled Cardmarket behavior do not demonstrate metric exclusivity for this physical finish; no global rule promoted this relationship to EXACT.,LOW,metric exclusivity not demonstrated
719548,23450,095,foil,AMBIGUOUS,AMBIGUOUS,,,False,normal_reverse_holo,Source facts and sampled Cardmarket behavior do not demonstrate metric exclusivity for this physical finish; no global rule promoted this relationship to EXACT.,LOW,metric exclusivity not demonstrated
719549,23451,096,base,AMBIGUOUS,AMBIGUOUS,,,False,normal_reverse_holo,Source facts and sampled Cardmarket behavior do not demonstrate metric exclusivity for this physical finish; no global rule promoted this relationship to EXACT.,LOW,metric exclusivity not demonstrated
719549,23451,096,foil,AMBIGUOUS,AMBIGUOUS,,,False,normal_reverse_holo,Source facts and sampled Cardmarket behavior do not demonstrate metric exclusivity for this physical finish; no global rule promoted this relationship to EXACT.,LOW,metric exclusivity not demonstrated
719550,23452,097,base,AMBIGUOUS,AMBIGUOUS,,,False,normal_reverse_holo,Source facts and sampled Cardmarket behavior do not demonstrate metric exclusivity for this physical finish; no global rule promoted this relationship to EXACT.,LOW,metric exclusivity not demonstrated
719550,23452,097,foil,AMBIGUOUS,AMBIGUOUS,,,False,normal_reverse_holo,Source facts and sampled Cardmarket behavior do not demonstrate metric exclusivity for this physical finish; no global rule promoted this relationship to EXACT.,LOW,metric exclusivity not demonstrated
719551,23453,098,base,AMBIGUOUS,AMBIGUOUS,,,False,normal_reverse_holo,Source facts and sampled Cardmarket behavior do not demonstrate metric exclusivity for this physical finish; no global rule promoted this relationship to EXACT.,LOW,metric exclusivity not demonstrated
719551,23453,098,foil,AMBIGUOUS,AMBIGUOUS,,,False,normal_reverse_holo,Source facts and sampled Cardmarket behavior do not demonstrate metric exclusivity for this physical finish; no global rule promoted this relationship to EXACT.,LOW,metric exclusivity not demonstrated
719552,23454,099,base,AMBIGUOUS,AMBIGUOUS,,,False,normal_reverse_holo,Source facts and sampled Cardmarket behavior do not demonstrate metric exclusivity for this physical finish; no global rule promoted this relationship to EXACT.,LOW,metric exclusivity not demonstrated
719552,23454,099,foil,AMBIGUOUS,AMBIGUOUS,,,False,normal_reverse_holo,Source facts and sampled Cardmarket behavior do not demonstrate metric exclusivity for this physical finish; no global rule promoted this relationship to EXACT.,LOW,metric exclusivity not demonstrated
719553,23455,100,base,AMBIGUOUS,AMBIGUOUS,,,False,normal_reverse_holo,Source facts and sampled Cardmarket behavior do not demonstrate metric exclusivity for this physical finish; no global rule promoted this relationship to EXACT.,LOW,metric exclusivity not demonstrated
719553,23455,100,foil,AMBIGUOUS,AMBIGUOUS,,,False,normal_reverse_holo,Source facts and sampled Cardmarket behavior do not demonstrate metric exclusivity for this physical finish; no global rule promoted this relationship to EXACT.,LOW,metric exclusivity not demonstrated
719554,23456,101,base,AMBIGUOUS,AMBIGUOUS,,,False,holo_reverse_holo,Source facts and sampled Cardmarket behavior do not demonstrate metric exclusivity for this physical finish; no global rule promoted this relationship to EXACT.,LOW,metric exclusivity not demonstrated
719554,23456,101,foil,AMBIGUOUS,AMBIGUOUS,,,False,holo_reverse_holo,Source facts and sampled Cardmarket behavior do not demonstrate metric exclusivity for this physical finish; no global rule promoted this relationship to EXACT.,LOW,metric exclusivity not demonstrated
719555,23457,102,base,AMBIGUOUS,AMBIGUOUS,,,False,normal_reverse_holo,Source facts and sampled Cardmarket behavior do not demonstrate metric exclusivity for this physical finish; no global rule promoted this relationship to EXACT.,LOW,metric exclusivity not demonstrated
719555,23457,102,foil,AMBIGUOUS,AMBIGUOUS,,,False,normal_reverse_holo,Source facts and sampled Cardmarket behavior do not demonstrate metric exclusivity for this physical finish; no global rule promoted this relationship to EXACT.,LOW,metric exclusivity not demonstrated
719556,23458,103,base,AMBIGUOUS,AMBIGUOUS,,,False,normal_reverse_holo,Source facts and sampled Cardmarket behavior do not demonstrate metric exclusivity for this physical finish; no global rule promoted this relationship to EXACT.,LOW,metric exclusivity not demonstrated
719556,23458,103,foil,AMBIGUOUS,AMBIGUOUS,,,False,normal_reverse_holo,Source facts and sampled Cardmarket behavior do not demonstrate metric exclusivity for this physical finish; no global rule promoted this relationship to EXACT.,LOW,metric exclusivity not demonstrated
719557,23459,104,base,AMBIGUOUS,AMBIGUOUS,,,False,normal_reverse_holo,Source facts and sampled Cardmarket behavior do not demonstrate metric exclusivity for this physical finish; no global rule promoted this relationship to EXACT.,LOW,metric exclusivity not demonstrated
719557,23459,104,foil,AMBIGUOUS,AMBIGUOUS,,,False,normal_reverse_holo,Source facts and sampled Cardmarket behavior do not demonstrate metric exclusivity for this physical finish; no global rule promoted this relationship to EXACT.,LOW,metric exclusivity not demonstrated
719558,23460,105,base,AMBIGUOUS,AMBIGUOUS,,,False,holo_reverse_holo,Source facts and sampled Cardmarket behavior do not demonstrate metric exclusivity for this physical finish; no global rule promoted this relationship to EXACT.,LOW,metric exclusivity not demonstrated
719558,23460,105,foil,AMBIGUOUS,AMBIGUOUS,,,False,holo_reverse_holo,Source facts and sampled Cardmarket behavior do not demonstrate metric exclusivity for this physical finish; no global rule promoted this relationship to EXACT.,LOW,metric exclusivity not demonstrated
719559,23461,106,base,AMBIGUOUS,AMBIGUOUS,,,False,normal_reverse_holo,Source facts and sampled Cardmarket behavior do not demonstrate metric exclusivity for this physical finish; no global rule promoted this relationship to EXACT.,LOW,metric exclusivity not demonstrated
719559,23461,106,foil,AMBIGUOUS,AMBIGUOUS,,,False,normal_reverse_holo,Source facts and sampled Cardmarket behavior do not demonstrate metric exclusivity for this physical finish; no global rule promoted this relationship to EXACT.,LOW,metric exclusivity not demonstrated
719560,23462,107,base,AMBIGUOUS,AMBIGUOUS,,,False,normal_reverse_holo,Source facts and sampled Cardmarket behavior do not demonstrate metric exclusivity for this physical finish; no global rule promoted this relationship to EXACT.,LOW,metric exclusivity not demonstrated
719560,23462,107,foil,AMBIGUOUS,AMBIGUOUS,,,False,normal_reverse_holo,Source facts and sampled Cardmarket behavior do not demonstrate metric exclusivity for this physical finish; no global rule promoted this relationship to EXACT.,LOW,metric exclusivity not demonstrated
719561,23463,108,base,AMBIGUOUS,AMBIGUOUS,,,False,normal_reverse_holo,Source facts and sampled Cardmarket behavior do not demonstrate metric exclusivity for this physical finish; no global rule promoted this relationship to EXACT.,LOW,metric exclusivity not demonstrated
719561,23463,108,foil,AMBIGUOUS,AMBIGUOUS,,,False,normal_reverse_holo,Source facts and sampled Cardmarket behavior do not demonstrate metric exclusivity for this physical finish; no global rule promoted this relationship to EXACT.,LOW,metric exclusivity not demonstrated
719562,23464,109,base,AMBIGUOUS,AMBIGUOUS,,,False,normal_reverse_holo,Source facts and sampled Cardmarket behavior do not demonstrate metric exclusivity for this physical finish; no global rule promoted this relationship to EXACT.,LOW,metric exclusivity not demonstrated
719562,23464,109,foil,AMBIGUOUS,AMBIGUOUS,,,False,normal_reverse_holo,Source facts and sampled Cardmarket behavior do not demonstrate metric exclusivity for this physical finish; no global rule promoted this relationship to EXACT.,LOW,metric exclusivity not demonstrated
719563,23465,110,base,AMBIGUOUS,AMBIGUOUS,,,False,holo_reverse_holo,Source facts and sampled Cardmarket behavior do not demonstrate metric exclusivity for this physical finish; no global rule promoted this relationship to EXACT.,LOW,metric exclusivity not demonstrated
719563,23465,110,foil,AMBIGUOUS,AMBIGUOUS,,,False,holo_reverse_holo,Source facts and sampled Cardmarket behavior do not demonstrate metric exclusivity for this physical finish; no global rule promoted this relationship to EXACT.,LOW,metric exclusivity not demonstrated
719564,23466,111,base,AMBIGUOUS,AMBIGUOUS,,,False,normal_reverse_holo,Source facts and sampled Cardmarket behavior do not demonstrate metric exclusivity for this physical finish; no global rule promoted this relationship to EXACT.,LOW,metric exclusivity not demonstrated
719564,23466,111,foil,AMBIGUOUS,AMBIGUOUS,,,False,normal_reverse_holo,Source facts and sampled Cardmarket behavior do not demonstrate metric exclusivity for this physical finish; no global rule promoted this relationship to EXACT.,LOW,metric exclusivity not demonstrated
719565,23467,112,base,AMBIGUOUS,AMBIGUOUS,,,False,normal_reverse_holo,Source facts and sampled Cardmarket behavior do not demonstrate metric exclusivity for this physical finish; no global rule promoted this relationship to EXACT.,LOW,metric exclusivity not demonstrated
719565,23467,112,foil,AMBIGUOUS,AMBIGUOUS,,,False,normal_reverse_holo,Source facts and sampled Cardmarket behavior do not demonstrate metric exclusivity for this physical finish; no global rule promoted this relationship to EXACT.,LOW,metric exclusivity not demonstrated
719566,23468,113,base,AMBIGUOUS,AMBIGUOUS,,,False,holo_reverse_holo,Source facts and sampled Cardmarket behavior do not demonstrate metric exclusivity for this physical finish; no global rule promoted this relationship to EXACT.,LOW,metric exclusivity not demonstrated
719566,23468,113,foil,AMBIGUOUS,AMBIGUOUS,,,False,holo_reverse_holo,Source facts and sampled Cardmarket behavior do not demonstrate metric exclusivity for this physical finish; no global rule promoted this relationship to EXACT.,LOW,metric exclusivity not demonstrated
719569,23471,116,base,AMBIGUOUS,AMBIGUOUS,,,False,normal_reverse_holo,Source facts and sampled Cardmarket behavior do not demonstrate metric exclusivity for this physical finish; no global rule promoted this relationship to EXACT.,LOW,metric exclusivity not demonstrated
719569,23471,116,foil,AMBIGUOUS,AMBIGUOUS,,,False,normal_reverse_holo,Source facts and sampled Cardmarket behavior do not demonstrate metric exclusivity for this physical finish; no global rule promoted this relationship to EXACT.,LOW,metric exclusivity not demonstrated
719570,23472,117,base,AMBIGUOUS,AMBIGUOUS,,,False,normal_reverse_holo,Source facts and sampled Cardmarket behavior do not demonstrate metric exclusivity for this physical finish; no global rule promoted this relationship to EXACT.,LOW,metric exclusivity not demonstrated
719570,23472,117,foil,AMBIGUOUS,AMBIGUOUS,,,False,normal_reverse_holo,Source facts and sampled Cardmarket behavior do not demonstrate metric exclusivity for this physical finish; no global rule promoted this relationship to EXACT.,LOW,metric exclusivity not demonstrated
719571,23473,118,base,AMBIGUOUS,AMBIGUOUS,,,False,normal_reverse_holo,Source facts and sampled Cardmarket behavior do not demonstrate metric exclusivity for this physical finish; no global rule promoted this relationship to EXACT.,LOW,metric exclusivity not demonstrated
719571,23473,118,foil,AMBIGUOUS,AMBIGUOUS,,,False,normal_reverse_holo,Source facts and sampled Cardmarket behavior do not demonstrate metric exclusivity for this physical finish; no global rule promoted this relationship to EXACT.,LOW,metric exclusivity not demonstrated
719572,23474,119,base,AMBIGUOUS,AMBIGUOUS,,,False,normal_reverse_holo,Source facts and sampled Cardmarket behavior do not demonstrate metric exclusivity for this physical finish; no global rule promoted this relationship to EXACT.,LOW,metric exclusivity not demonstrated
719572,23474,119,foil,AMBIGUOUS,AMBIGUOUS,,,False,normal_reverse_holo,Source facts and sampled Cardmarket behavior do not demonstrate metric exclusivity for this physical finish; no global rule promoted this relationship to EXACT.,LOW,metric exclusivity not demonstrated
719573,23475,120,base,AMBIGUOUS,AMBIGUOUS,,,False,normal_reverse_holo,Source facts and sampled Cardmarket behavior do not demonstrate metric exclusivity for this physical finish; no global rule promoted this relationship to EXACT.,LOW,metric exclusivity not demonstrated
719573,23475,120,foil,AMBIGUOUS,AMBIGUOUS,,,False,normal_reverse_holo,Source facts and sampled Cardmarket behavior do not demonstrate metric exclusivity for this physical finish; no global rule promoted this relationship to EXACT.,LOW,metric exclusivity not demonstrated
719574,23476,121,base,AMBIGUOUS,AMBIGUOUS,,,False,holo_reverse_holo,Source facts and sampled Cardmarket behavior do not demonstrate metric exclusivity for this physical finish; no global rule promoted this relationship to EXACT.,LOW,metric exclusivity not demonstrated
719574,23476,121,foil,AMBIGUOUS,AMBIGUOUS,,,False,holo_reverse_holo,Source facts and sampled Cardmarket behavior do not demonstrate metric exclusivity for this physical finish; no global rule promoted this relationship to EXACT.,LOW,metric exclusivity not demonstrated
719576,23478,123,base,AMBIGUOUS,AMBIGUOUS,,,False,normal_reverse_holo,Source facts and sampled Cardmarket behavior do not demonstrate metric exclusivity for this physical finish; no global rule promoted this relationship to EXACT.,LOW,metric exclusivity not demonstrated
719576,23478,123,foil,AMBIGUOUS,AMBIGUOUS,,,False,normal_reverse_holo,Source facts and sampled Cardmarket behavior do not demonstrate metric exclusivity for this physical finish; no global rule promoted this relationship to EXACT.,LOW,metric exclusivity not demonstrated
719578,23480,125,base,AMBIGUOUS,AMBIGUOUS,,,False,normal_reverse_holo,Source facts and sampled Cardmarket behavior do not demonstrate metric exclusivity for this physical finish; no global rule promoted this relationship to EXACT.,LOW,metric exclusivity not demonstrated
719578,23480,125,foil,AMBIGUOUS,AMBIGUOUS,,,False,normal_reverse_holo,Source facts and sampled Cardmarket behavior do not demonstrate metric exclusivity for this physical finish; no global rule promoted this relationship to EXACT.,LOW,metric exclusivity not demonstrated
719579,23481,126,base,AMBIGUOUS,AMBIGUOUS,,,False,normal_reverse_holo,Source facts and sampled Cardmarket behavior do not demonstrate metric exclusivity for this physical finish; no global rule promoted this relationship to EXACT.,LOW,metric exclusivity not demonstrated
719579,23481,126,foil,AMBIGUOUS,AMBIGUOUS,,,False,normal_reverse_holo,Source facts and sampled Cardmarket behavior do not demonstrate metric exclusivity for this physical finish; no global rule promoted this relationship to EXACT.,LOW,metric exclusivity not demonstrated
719580,23482,127,base,AMBIGUOUS,AMBIGUOUS,,,False,normal_reverse_holo,Source facts and sampled Cardmarket behavior do not demonstrate metric exclusivity for this physical finish; no global rule promoted this relationship to EXACT.,LOW,metric exclusivity not demonstrated
719580,23482,127,foil,AMBIGUOUS,AMBIGUOUS,,,False,normal_reverse_holo,Source facts and sampled Cardmarket behavior do not demonstrate metric exclusivity for this physical finish; no global rule promoted this relationship to EXACT.,LOW,metric exclusivity not demonstrated
719581,23483,128,base,AMBIGUOUS,AMBIGUOUS,,,False,normal_reverse_holo,Source facts and sampled Cardmarket behavior do not demonstrate metric exclusivity for this physical finish; no global rule promoted this relationship to EXACT.,LOW,metric exclusivity not demonstrated
719581,23483,128,foil,AMBIGUOUS,AMBIGUOUS,,,False,normal_reverse_holo,Source facts and sampled Cardmarket behavior do not demonstrate metric exclusivity for this physical finish; no global rule promoted this relationship to EXACT.,LOW,metric exclusivity not demonstrated
719582,23484,129,base,AMBIGUOUS,AMBIGUOUS,,,False,normal_reverse_holo,Source facts and sampled Cardmarket behavior do not demonstrate metric exclusivity for this physical finish; no global rule promoted this relationship to EXACT.,LOW,metric exclusivity not demonstrated
719582,23484,129,foil,AMBIGUOUS,AMBIGUOUS,,,False,normal_reverse_holo,Source facts and sampled Cardmarket behavior do not demonstrate metric exclusivity for this physical finish; no global rule promoted this relationship to EXACT.,LOW,metric exclusivity not demonstrated
719583,23485,130,base,AMBIGUOUS,AMBIGUOUS,,,False,holo_reverse_holo,Source facts and sampled Cardmarket behavior do not demonstrate metric exclusivity for this physical finish; no global rule promoted this relationship to EXACT.,LOW,metric exclusivity not demonstrated
719583,23485,130,foil,AMBIGUOUS,AMBIGUOUS,,,False,holo_reverse_holo,Source facts and sampled Cardmarket behavior do not demonstrate metric exclusivity for this physical finish; no global rule promoted this relationship to EXACT.,LOW,metric exclusivity not demonstrated
719584,23486,131,base,AMBIGUOUS,AMBIGUOUS,,,False,normal_reverse_holo,Source facts and sampled Cardmarket behavior do not demonstrate metric exclusivity for this physical finish; no global rule promoted this relationship to EXACT.,LOW,metric exclusivity not demonstrated
719584,23486,131,foil,AMBIGUOUS,AMBIGUOUS,,,False,normal_reverse_holo,Source facts and sampled Cardmarket behavior do not demonstrate metric exclusivity for this physical finish; no global rule promoted this relationship to EXACT.,LOW,metric exclusivity not demonstrated
719585,23487,132,base,AMBIGUOUS,AMBIGUOUS,,,False,holo_reverse_holo,Source facts and sampled Cardmarket behavior do not demonstrate metric exclusivity for this physical finish; no global rule promoted this relationship to EXACT.,LOW,metric exclusivity not demonstrated
719585,23487,132,foil,AMBIGUOUS,AMBIGUOUS,,,False,holo_reverse_holo,Source facts and sampled Cardmarket behavior do not demonstrate metric exclusivity for this physical finish; no global rule promoted this relationship to EXACT.,LOW,metric exclusivity not demonstrated
719586,23488,133,base,AMBIGUOUS,AMBIGUOUS,,,False,normal_reverse_holo,Source facts and sampled Cardmarket behavior do not demonstrate metric exclusivity for this physical finish; no global rule promoted this relationship to EXACT.,LOW,metric exclusivity not demonstrated
719586,23488,133,foil,AMBIGUOUS,AMBIGUOUS,,,False,normal_reverse_holo,Source facts and sampled Cardmarket behavior do not demonstrate metric exclusivity for this physical finish; no global rule promoted this relationship to EXACT.,LOW,metric exclusivity not demonstrated
719587,23489,134,base,AMBIGUOUS,AMBIGUOUS,,,False,holo_reverse_holo,Source facts and sampled Cardmarket behavior do not demonstrate metric exclusivity for this physical finish; no global rule promoted this relationship to EXACT.,LOW,metric exclusivity not demonstrated
719587,23489,134,foil,AMBIGUOUS,AMBIGUOUS,,,False,holo_reverse_holo,Source facts and sampled Cardmarket behavior do not demonstrate metric exclusivity for this physical finish; no global rule promoted this relationship to EXACT.,LOW,metric exclusivity not demonstrated
719588,23490,135,base,AMBIGUOUS,AMBIGUOUS,,,False,holo_reverse_holo,Source facts and sampled Cardmarket behavior do not demonstrate metric exclusivity for this physical finish; no global rule promoted this relationship to EXACT.,LOW,metric exclusivity not demonstrated
719588,23490,135,foil,AMBIGUOUS,AMBIGUOUS,,,False,holo_reverse_holo,Source facts and sampled Cardmarket behavior do not demonstrate metric exclusivity for this physical finish; no global rule promoted this relationship to EXACT.,LOW,metric exclusivity not demonstrated
719589,23491,136,base,AMBIGUOUS,AMBIGUOUS,,,False,holo_reverse_holo,Source facts and sampled Cardmarket behavior do not demonstrate metric exclusivity for this physical finish; no global rule promoted this relationship to EXACT.,LOW,metric exclusivity not demonstrated
719589,23491,136,foil,AMBIGUOUS,AMBIGUOUS,,,False,holo_reverse_holo,Source facts and sampled Cardmarket behavior do not demonstrate metric exclusivity for this physical finish; no global rule promoted this relationship to EXACT.,LOW,metric exclusivity not demonstrated
719590,23492,137,base,AMBIGUOUS,AMBIGUOUS,,,False,normal_reverse_holo,Source facts and sampled Cardmarket behavior do not demonstrate metric exclusivity for this physical finish; no global rule promoted this relationship to EXACT.,LOW,metric exclusivity not demonstrated
719590,23492,137,foil,AMBIGUOUS,AMBIGUOUS,,,False,normal_reverse_holo,Source facts and sampled Cardmarket behavior do not demonstrate metric exclusivity for this physical finish; no global rule promoted this relationship to EXACT.,LOW,metric exclusivity not demonstrated
719592,23494,139,base,AMBIGUOUS,AMBIGUOUS,,,False,holo_reverse_holo,Source facts and sampled Cardmarket behavior do not demonstrate metric exclusivity for this physical finish; no global rule promoted this relationship to EXACT.,LOW,metric exclusivity not demonstrated
719592,23494,139,foil,AMBIGUOUS,AMBIGUOUS,,,False,holo_reverse_holo,Source facts and sampled Cardmarket behavior do not demonstrate metric exclusivity for this physical finish; no global rule promoted this relationship to EXACT.,LOW,metric exclusivity not demonstrated
719593,23495,140,base,AMBIGUOUS,AMBIGUOUS,,,False,normal_reverse_holo,Source facts and sampled Cardmarket behavior do not demonstrate metric exclusivity for this physical finish; no global rule promoted this relationship to EXACT.,LOW,metric exclusivity not demonstrated
719593,23495,140,foil,AMBIGUOUS,AMBIGUOUS,,,False,normal_reverse_holo,Source facts and sampled Cardmarket behavior do not demonstrate metric exclusivity for this physical finish; no global rule promoted this relationship to EXACT.,LOW,metric exclusivity not demonstrated
719594,23496,141,base,AMBIGUOUS,AMBIGUOUS,,,False,holo_reverse_holo,Source facts and sampled Cardmarket behavior do not demonstrate metric exclusivity for this physical finish; no global rule promoted this relationship to EXACT.,LOW,metric exclusivity not demonstrated
719594,23496,141,foil,AMBIGUOUS,AMBIGUOUS,,,False,holo_reverse_holo,Source facts and sampled Cardmarket behavior do not demonstrate metric exclusivity for this physical finish; no global rule promoted this relationship to EXACT.,LOW,metric exclusivity not demonstrated
719595,23497,142,base,AMBIGUOUS,AMBIGUOUS,,,False,holo_reverse_holo,Source facts and sampled Cardmarket behavior do not demonstrate metric exclusivity for this physical finish; no global rule promoted this relationship to EXACT.,LOW,metric exclusivity not demonstrated
719595,23497,142,foil,AMBIGUOUS,AMBIGUOUS,,,False,holo_reverse_holo,Source facts and sampled Cardmarket behavior do not demonstrate metric exclusivity for this physical finish; no global rule promoted this relationship to EXACT.,LOW,metric exclusivity not demonstrated
719596,23498,143,base,AMBIGUOUS,AMBIGUOUS,,,False,normal_reverse_holo,Source facts and sampled Cardmarket behavior do not demonstrate metric exclusivity for this physical finish; no global rule promoted this relationship to EXACT.,LOW,metric exclusivity not demonstrated
719596,23498,143,foil,AMBIGUOUS,AMBIGUOUS,,,False,normal_reverse_holo,Source facts and sampled Cardmarket behavior do not demonstrate metric exclusivity for this physical finish; no global rule promoted this relationship to EXACT.,LOW,metric exclusivity not demonstrated
719597,23499,144,base,AMBIGUOUS,AMBIGUOUS,,,False,holo_reverse_holo,Source facts and sampled Cardmarket behavior do not demonstrate metric exclusivity for this physical finish; no global rule promoted this relationship to EXACT.,LOW,metric exclusivity not demonstrated
719597,23499,144,foil,AMBIGUOUS,AMBIGUOUS,,,False,holo_reverse_holo,Source facts and sampled Cardmarket behavior do not demonstrate metric exclusivity for this physical finish; no global rule promoted this relationship to EXACT.,LOW,metric exclusivity not demonstrated
719599,23501,146,base,AMBIGUOUS,AMBIGUOUS,,,False,holo_reverse_holo,Source facts and sampled Cardmarket behavior do not demonstrate metric exclusivity for this physical finish; no global rule promoted this relationship to EXACT.,LOW,metric exclusivity not demonstrated
719599,23501,146,foil,AMBIGUOUS,AMBIGUOUS,,,False,holo_reverse_holo,Source facts and sampled Cardmarket behavior do not demonstrate metric exclusivity for this physical finish; no global rule promoted this relationship to EXACT.,LOW,metric exclusivity not demonstrated
719600,23502,147,base,AMBIGUOUS,AMBIGUOUS,,,False,normal_reverse_holo,Source facts and sampled Cardmarket behavior do not demonstrate metric exclusivity for this physical finish; no global rule promoted this relationship to EXACT.,LOW,metric exclusivity not demonstrated
719600,23502,147,foil,AMBIGUOUS,AMBIGUOUS,,,False,normal_reverse_holo,Source facts and sampled Cardmarket behavior do not demonstrate metric exclusivity for this physical finish; no global rule promoted this relationship to EXACT.,LOW,metric exclusivity not demonstrated
719602,23504,149,base,AMBIGUOUS,AMBIGUOUS,,,False,holo_reverse_holo,Source facts and sampled Cardmarket behavior do not demonstrate metric exclusivity for this physical finish; no global rule promoted this relationship to EXACT.,LOW,metric exclusivity not demonstrated
719602,23504,149,foil,AMBIGUOUS,AMBIGUOUS,,,False,holo_reverse_holo,Source facts and sampled Cardmarket behavior do not demonstrate metric exclusivity for this physical finish; no global rule promoted this relationship to EXACT.,LOW,metric exclusivity not demonstrated
719603,23505,150,base,AMBIGUOUS,AMBIGUOUS,,,False,holo_reverse_holo,Source facts and sampled Cardmarket behavior do not demonstrate metric exclusivity for this physical finish; no global rule promoted this relationship to EXACT.,LOW,metric exclusivity not demonstrated
719603,23505,150,foil,AMBIGUOUS,AMBIGUOUS,,,False,holo_reverse_holo,Source facts and sampled Cardmarket behavior do not demonstrate metric exclusivity for this physical finish; no global rule promoted this relationship to EXACT.,LOW,metric exclusivity not demonstrated
719605,23514,159,base,AMBIGUOUS,AMBIGUOUS,,,False,normal_reverse_holo,Source facts and sampled Cardmarket behavior do not demonstrate metric exclusivity for this physical finish; no global rule promoted this relationship to EXACT.,LOW,metric exclusivity not demonstrated
719605,23514,159,foil,AMBIGUOUS,AMBIGUOUS,,,False,normal_reverse_holo,Source facts and sampled Cardmarket behavior do not demonstrate metric exclusivity for this physical finish; no global rule promoted this relationship to EXACT.,LOW,metric exclusivity not demonstrated
719606,23517,162,base,AMBIGUOUS,AMBIGUOUS,,,False,normal_reverse_holo,Source facts and sampled Cardmarket behavior do not demonstrate metric exclusivity for this physical finish; no global rule promoted this relationship to EXACT.,LOW,metric exclusivity not demonstrated
719606,23517,162,foil,AMBIGUOUS,AMBIGUOUS,,,False,normal_reverse_holo,Source facts and sampled Cardmarket behavior do not demonstrate metric exclusivity for this physical finish; no global rule promoted this relationship to EXACT.,LOW,metric exclusivity not demonstrated
719607,23508,153,base,AMBIGUOUS,AMBIGUOUS,,,False,normal_reverse_holo,Source facts and sampled Cardmarket behavior do not demonstrate metric exclusivity for this physical finish; no global rule promoted this relationship to EXACT.,LOW,metric exclusivity not demonstrated
719607,23508,153,foil,AMBIGUOUS,AMBIGUOUS,,,False,normal_reverse_holo,Source facts and sampled Cardmarket behavior do not demonstrate metric exclusivity for this physical finish; no global rule promoted this relationship to EXACT.,LOW,metric exclusivity not demonstrated
719608,23507,152,base,AMBIGUOUS,AMBIGUOUS,,,False,normal_reverse_holo,Source facts and sampled Cardmarket behavior do not demonstrate metric exclusivity for this physical finish; no global rule promoted this relationship to EXACT.,LOW,metric exclusivity not demonstrated
719608,23507,152,foil,AMBIGUOUS,AMBIGUOUS,,,False,normal_reverse_holo,Source facts and sampled Cardmarket behavior do not demonstrate metric exclusivity for this physical finish; no global rule promoted this relationship to EXACT.,LOW,metric exclusivity not demonstrated
719609,23509,154,base,AMBIGUOUS,AMBIGUOUS,,,False,normal_reverse_holo,Source facts and sampled Cardmarket behavior do not demonstrate metric exclusivity for this physical finish; no global rule promoted this relationship to EXACT.,LOW,metric exclusivity not demonstrated
719609,23509,154,foil,AMBIGUOUS,AMBIGUOUS,,,False,normal_reverse_holo,Source facts and sampled Cardmarket behavior do not demonstrate metric exclusivity for this physical finish; no global rule promoted this relationship to EXACT.,LOW,metric exclusivity not demonstrated
719610,23519,164,base,AMBIGUOUS,AMBIGUOUS,,,False,normal_reverse_holo,Source facts and sampled Cardmarket behavior do not demonstrate metric exclusivity for this physical finish; no global rule promoted this relationship to EXACT.,LOW,metric exclusivity not demonstrated
719610,23519,164,foil,AMBIGUOUS,AMBIGUOUS,,,False,normal_reverse_holo,Source facts and sampled Cardmarket behavior do not demonstrate metric exclusivity for this physical finish; no global rule promoted this relationship to EXACT.,LOW,metric exclusivity not demonstrated
719611,23510,155,base,AMBIGUOUS,AMBIGUOUS,,,False,normal_reverse_holo,Source facts and sampled Cardmarket behavior do not demonstrate metric exclusivity for this physical finish; no global rule promoted this relationship to EXACT.,LOW,metric exclusivity not demonstrated
719611,23510,155,foil,AMBIGUOUS,AMBIGUOUS,,,False,normal_reverse_holo,Source facts and sampled Cardmarket behavior do not demonstrate metric exclusivity for this physical finish; no global rule promoted this relationship to EXACT.,LOW,metric exclusivity not demonstrated
719612,23520,165,base,AMBIGUOUS,AMBIGUOUS,,,False,normal_reverse_holo,Source facts and sampled Cardmarket behavior do not demonstrate metric exclusivity for this physical finish; no global rule promoted this relationship to EXACT.,LOW,metric exclusivity not demonstrated
719612,23520,165,foil,AMBIGUOUS,AMBIGUOUS,,,False,normal_reverse_holo,Source facts and sampled Cardmarket behavior do not demonstrate metric exclusivity for this physical finish; no global rule promoted this relationship to EXACT.,LOW,metric exclusivity not demonstrated
719613,23518,163,base,AMBIGUOUS,AMBIGUOUS,,,False,normal_reverse_holo,Source facts and sampled Cardmarket behavior do not demonstrate metric exclusivity for this physical finish; no global rule promoted this relationship to EXACT.,LOW,metric exclusivity not demonstrated
719613,23518,163,foil,AMBIGUOUS,AMBIGUOUS,,,False,normal_reverse_holo,Source facts and sampled Cardmarket behavior do not demonstrate metric exclusivity for this physical finish; no global rule promoted this relationship to EXACT.,LOW,metric exclusivity not demonstrated
719618,23512,157,base,AMBIGUOUS,AMBIGUOUS,,,False,normal_reverse_holo,Source facts and sampled Cardmarket behavior do not demonstrate metric exclusivity for this physical finish; no global rule promoted this relationship to EXACT.,LOW,metric exclusivity not demonstrated
719618,23512,157,foil,AMBIGUOUS,AMBIGUOUS,,,False,normal_reverse_holo,Source facts and sampled Cardmarket behavior do not demonstrate metric exclusivity for this physical finish; no global rule promoted this relationship to EXACT.,LOW,metric exclusivity not demonstrated
