idProduct,previous_status,approved,approved_collector_number,validation_status,would_apply,reason
719442,AMBIGUOUS,false,,PENDING_APPROVAL,False,PENDING_HUMAN_APPROVAL
719444,AMBIGUOUS,false,,PENDING_APPROVAL,False,PENDING_HUMAN_APPROVAL
719445,AMBIGUOUS,false,,PENDING_APPROVAL,False,PENDING_HUMAN_APPROVAL
719446,AMBIGUOUS,false,,PENDING_APPROVAL,False,PENDING_HUMAN_APPROVAL
719447,AMBIGUOUS,false,,PENDING_APPROVAL,False,PENDING_HUMAN_APPROVAL
719448,AMBIGUOUS,false,,PENDING_APPROVAL,False,PENDING_HUMAN_APPROVAL
719449,AMBIGUOUS,false,,PENDING_APPROVAL,False,PENDING_HUMAN_APPROVAL
719450,AMBIGUOUS,false,,PENDING_APPROVAL,False,PENDING_HUMAN_APPROVAL
719451,AMBIGUOUS,false,,PENDING_APPROVAL,False,PENDING_HUMAN_APPROVAL
719452,AMBIGUOUS,false,,PENDING_APPROVAL,False,PENDING_HUMAN_APPROVAL
719466,AMBIGUOUS,false,,PENDING_APPROVAL,False,PENDING_HUMAN_APPROVAL
719467,AMBIGUOUS,false,,PENDING_APPROVAL,False,PENDING_HUMAN_APPROVAL
719476,AMBIGUOUS,false,,PENDING_APPROVAL,False,PENDING_HUMAN_APPROVAL
719480,AMBIGUOUS,false,,PENDING_APPROVAL,False,PENDING_HUMAN_APPROVAL
719482,AMBIGUOUS,false,,PENDING_APPROVAL,False,PENDING_HUMAN_APPROVAL
719496,AMBIGUOUS,false,,PENDING_APPROVAL,False,PENDING_HUMAN_APPROVAL
719503,AMBIGUOUS,false,,PENDING_APPROVAL,False,PENDING_HUMAN_APPROVAL
719507,AMBIGUOUS,false,,PENDING_APPROVAL,False,PENDING_HUMAN_APPROVAL
719509,AMBIGUOUS,false,,PENDING_APPROVAL,False,PENDING_HUMAN_APPROVAL
719518,AMBIGUOUS,false,,PENDING_APPROVAL,False,PENDING_HUMAN_APPROVAL
719567,AMBIGUOUS,false,,PENDING_APPROVAL,False,PENDING_HUMAN_APPROVAL
719568,AMBIGUOUS,false,,PENDING_APPROVAL,False,PENDING_HUMAN_APPROVAL
719575,AMBIGUOUS,false,,PENDING_APPROVAL,False,PENDING_HUMAN_APPROVAL
719577,AMBIGUOUS,false,,PENDING_APPROVAL,False,PENDING_HUMAN_APPROVAL
719591,AMBIGUOUS,false,,PENDING_APPROVAL,False,PENDING_HUMAN_APPROVAL
719598,AMBIGUOUS,false,,PENDING_APPROVAL,False,PENDING_HUMAN_APPROVAL
719601,AMBIGUOUS,false,,PENDING_APPROVAL,False,PENDING_HUMAN_APPROVAL
719604,AMBIGUOUS,false,,PENDING_APPROVAL,False,PENDING_HUMAN_APPROVAL
719614,AMBIGUOUS,false,,PENDING_APPROVAL,False,PENDING_HUMAN_APPROVAL
719615,AMBIGUOUS,false,,PENDING_APPROVAL,False,PENDING_HUMAN_APPROVAL
719616,AMBIGUOUS,false,,PENDING_APPROVAL,False,PENDING_HUMAN_APPROVAL
719617,AMBIGUOUS,false,,PENDING_APPROVAL,False,PENDING_HUMAN_APPROVAL
719619,AMBIGUOUS,false,,PENDING_APPROVAL,False,PENDING_HUMAN_APPROVAL
719620,AMBIGUOUS,false,,PENDING_APPROVAL,False,PENDING_HUMAN_APPROVAL
719621,AMBIGUOUS,false,,PENDING_APPROVAL,False,PENDING_HUMAN_APPROVAL
719622,AMBIGUOUS,false,,PENDING_APPROVAL,False,PENDING_HUMAN_APPROVAL
719623,AMBIGUOUS,false,,PENDING_APPROVAL,False,PENDING_HUMAN_APPROVAL
719624,AMBIGUOUS,false,,PENDING_APPROVAL,False,PENDING_HUMAN_APPROVAL
719625,AMBIGUOUS,false,,PENDING_APPROVAL,False,PENDING_HUMAN_APPROVAL
719626,AMBIGUOUS,false,,PENDING_APPROVAL,False,PENDING_HUMAN_APPROVAL
719627,AMBIGUOUS,false,,PENDING_APPROVAL,False,PENDING_HUMAN_APPROVAL
719628,AMBIGUOUS,false,,PENDING_APPROVAL,False,PENDING_HUMAN_APPROVAL
719629,AMBIGUOUS,false,,PENDING_APPROVAL,False,PENDING_HUMAN_APPROVAL
719630,AMBIGUOUS,false,,PENDING_APPROVAL,False,PENDING_HUMAN_APPROVAL
719631,AMBIGUOUS,false,,PENDING_APPROVAL,False,PENDING_HUMAN_APPROVAL
719632,AMBIGUOUS,false,,PENDING_APPROVAL,False,PENDING_HUMAN_APPROVAL
719633,AMBIGUOUS,false,,PENDING_APPROVAL,False,PENDING_HUMAN_APPROVAL
719635,AMBIGUOUS,false,,PENDING_APPROVAL,False,PENDING_HUMAN_APPROVAL
719637,AMBIGUOUS,false,,PENDING_APPROVAL,False,PENDING_HUMAN_APPROVAL
719638,AMBIGUOUS,false,,PENDING_APPROVAL,False,PENDING_HUMAN_APPROVAL
719639,AMBIGUOUS,false,,PENDING_APPROVAL,False,PENDING_HUMAN_APPROVAL
719640,AMBIGUOUS,false,,PENDING_APPROVAL,False,PENDING_HUMAN_APPROVAL
719641,AMBIGUOUS,false,,PENDING_APPROVAL,False,PENDING_HUMAN_APPROVAL
719642,AMBIGUOUS,false,,PENDING_APPROVAL,False,PENDING_HUMAN_APPROVAL
719643,AMBIGUOUS,false,,PENDING_APPROVAL,False,PENDING_HUMAN_APPROVAL
719644,AMBIGUOUS,false,,PENDING_APPROVAL,False,PENDING_HUMAN_APPROVAL
719645,AMBIGUOUS,false,,PENDING_APPROVAL,False,PENDING_HUMAN_APPROVAL
719646,AMBIGUOUS,false,,PENDING_APPROVAL,False,PENDING_HUMAN_APPROVAL
719647,AMBIGUOUS,false,,PENDING_APPROVAL,False,PENDING_HUMAN_APPROVAL
719648,AMBIGUOUS,false,,PENDING_APPROVAL,False,PENDING_HUMAN_APPROVAL
719649,AMBIGUOUS,false,,PENDING_APPROVAL,False,PENDING_HUMAN_APPROVAL
719650,AMBIGUOUS,false,,PENDING_APPROVAL,False,PENDING_HUMAN_APPROVAL
719651,AMBIGUOUS,false,,PENDING_APPROVAL,False,PENDING_HUMAN_APPROVAL
719652,AMBIGUOUS,false,,PENDING_APPROVAL,False,PENDING_HUMAN_APPROVAL
719653,AMBIGUOUS,false,,PENDING_APPROVAL,False,PENDING_HUMAN_APPROVAL
719654,AMBIGUOUS,false,,PENDING_APPROVAL,False,PENDING_HUMAN_APPROVAL
719655,AMBIGUOUS,false,,PENDING_APPROVAL,False,PENDING_HUMAN_APPROVAL
719656,AMBIGUOUS,false,,PENDING_APPROVAL,False,PENDING_HUMAN_APPROVAL
719657,AMBIGUOUS,false,,PENDING_APPROVAL,False,PENDING_HUMAN_APPROVAL
719658,AMBIGUOUS,false,,PENDING_APPROVAL,False,PENDING_HUMAN_APPROVAL
719659,AMBIGUOUS,false,,PENDING_APPROVAL,False,PENDING_HUMAN_APPROVAL
719660,AMBIGUOUS,false,,PENDING_APPROVAL,False,PENDING_HUMAN_APPROVAL
719661,AMBIGUOUS,false,,PENDING_APPROVAL,False,PENDING_HUMAN_APPROVAL
