collection_item_id,printing_id,game,card_name,set,card_number,collector_number,language,variant,finish,treatment,candidate_cardmarket_product_id,candidate_product_name,candidate_expansion,evidence,proposed_status,row_hash,approved,selected_cardmarket_product_id,manifest_id
133,17163,one_piece,Borsalino,op05,OP05-051,OP05-051,jp,Base,,,733344|747506,Borsalino (OP05-051)|Borsalino (OP05-051),5481|5426,"{""external_provenance"": [{""exact_language"": false, ""id"": 733344, ""metadata"": {""allowed_languages"": [""en"", ""jp"", ""zh-CN"", ""kr"", ""fr""]}, ""scope"": ""mixed""}, {""exact_language"": false, ""id"": 747506, ""metadata"": {""allowed_languages"": [""en"", ""jp"", ""zh-CN"", ""kr"", ""fr""]}, ""scope"": ""mixed""}], ""scryfall_cardmarket_id"": null, ""stored_ids"": [733344, 747506], ""validated_stored_ids"": [733344, 747506]}",AMBIGUOUS,4a31ae7892e25a9b4b0bc483a551a5c8f62daf013c35140e9b1c48a24b6b0ddd,false,,54189435f777e9746d116ff2e4e83ab5071dc63465a645a923edce2b1307fb2c
134,15439,one_piece,Dracule Mihawk,op01,OP01-070,OP01-070,jp,Alternate Art | Fixed Reprint,,,690897|768325,Dracule Mihawk (OP01-070)|Dracule Mihawk (OP01-070),5229|5484,"{""external_provenance"": [{""exact_language"": false, ""id"": 690897, ""metadata"": {""allowed_languages"": [""en"", ""jp"", ""zh-CN"", ""kr"", ""fr""]}, ""scope"": ""mixed""}, {""exact_language"": false, ""id"": 768325, ""metadata"": {""allowed_languages"": [""en"", ""jp"", ""zh-CN"", ""kr"", ""fr""]}, ""scope"": ""mixed""}], ""scryfall_cardmarket_id"": null, ""stored_ids"": [690897, 768325], ""validated_stored_ids"": [690897, 768325]}",AMBIGUOUS,dadf9125125dfaf9ec063eb3ce6e61fec684d8d13bf1fd5b3f9fd252b88fe4e5,false,,54189435f777e9746d116ff2e4e83ab5071dc63465a645a923edce2b1307fb2c
135,15437,one_piece,Dracule Mihawk,op01,OP01-070,OP01-070,jp,Fixed Reprint,,,690896|768324,Dracule Mihawk (OP01-070)|Dracule Mihawk (OP01-070),5229|5484,"{""external_provenance"": [{""exact_language"": false, ""id"": 690896, ""metadata"": {""allowed_languages"": [""en"", ""jp"", ""zh-CN"", ""kr"", ""fr""]}, ""scope"": ""mixed""}, {""exact_language"": false, ""id"": 768324, ""metadata"": {""allowed_languages"": [""en"", ""jp"", ""zh-CN"", ""kr"", ""fr""]}, ""scope"": ""mixed""}], ""scryfall_cardmarket_id"": null, ""stored_ids"": [690896, 768324], ""validated_stored_ids"": [690896, 768324]}",AMBIGUOUS,70071a4ee3a90eb3d29330c92694e426950904e1de41a36290bc549a5889fc70,false,,54189435f777e9746d116ff2e4e83ab5071dc63465a645a923edce2b1307fb2c
136,22263,one_piece,Yamato,op13,OP13-054,OP13-054,jp,Base,,,845324|857251,Yamato (OP13-054)|Yamato (OP13-054),6277|6187,"{""external_provenance"": [{""exact_language"": false, ""id"": 845324, ""metadata"": {""allowed_languages"": [""en"", ""jp"", ""zh-CN"", ""kr"", ""fr""]}, ""scope"": ""mixed""}, {""exact_language"": false, ""id"": 857251, ""metadata"": {""allowed_languages"": [""en"", ""jp"", ""zh-CN"", ""kr"", ""fr""]}, ""scope"": ""mixed""}], ""scryfall_cardmarket_id"": null, ""stored_ids"": [845324, 857251], ""validated_stored_ids"": [845324, 857251]}",AMBIGUOUS,f747de454d938153912fa9415144e78a3af1da264528c8f994d34c856b4f9d8f,false,,54189435f777e9746d116ff2e4e83ab5071dc63465a645a923edce2b1307fb2c
137,22215,one_piece,Lilith,op13,OP13-113,OP13-113,jp,Alternate Art,,,845665|857331,Lilith (OP13-113)|Lilith (OP13-113),6277|6187,"{""external_provenance"": [{""exact_language"": false, ""id"": 845665, ""metadata"": {""allowed_languages"": [""en"", ""jp"", ""zh-CN"", ""kr"", ""fr""]}, ""scope"": ""mixed""}, {""exact_language"": false, ""id"": 857331, ""metadata"": {""allowed_languages"": [""en"", ""jp"", ""zh-CN"", ""kr"", ""fr""]}, ""scope"": ""mixed""}], ""scryfall_cardmarket_id"": null, ""stored_ids"": [845665, 857331], ""validated_stored_ids"": [845665, 857331]}",AMBIGUOUS,7132261a76150a5cf01a9408f26a9b045b94bf279597e55c7e4256391dfb4481,false,,54189435f777e9746d116ff2e4e83ab5071dc63465a645a923edce2b1307fb2c
138,21131,one_piece,Monkey.D.Luffy,eb-02,EB02-061A,EB02-061A,jp,Secret Rare | Alternate Art,,,808171|808172|808173|823515|823516|823517|838704|838705|852319|852320,Monkey.D.Luffy (EB02-061)|Monkey.D.Luffy (EB02-061)|Monkey.D.Luffy (EB02-061)|Monkey.D.Luffy (EB02-061)|Monkey.D.Luffy (EB02-061)|Monkey.D.Luffy (EB02-061)|Monkey.D.Luffy (EB02-061)|Monkey.D.Luffy (EB02-061)|Monkey.D.Luffy (EB02-061)|Monkey.D.Luffy (EB02-061),6018|6018|6018|6028|6028|6028|6233|6233|6242|6242,"{""diagnostic_candidates"": [808171, 808172, 808173, 823515, 823516, 823517, 838704, 838705, 852319, 852320], ""external_provenance"": [{""exact_language"": false, ""id"": 823516, ""metadata"": {""allowed_languages"": [""en"", ""jp"", ""zh-CN"", ""kr"", ""fr""]}, ""scope"": ""mixed""}], ""mismatch_reasons"": [""wrong_cardmarket_id""], ""scryfall_cardmarket_id"": null, ""stored_ids"": [823516], ""validated_stored_ids"": [823516]}",MISMATCH,72e8b6b671a1aca79f8dac4e524de6680415e3f40ed648598eafaf1800a6836a,false,,54189435f777e9746d116ff2e4e83ab5071dc63465a645a923edce2b1307fb2c
139,17143,one_piece,Rob Lucci,op05,OP05-093,OP05-093,jp,093 | Alternate Art,,,733430|747782,Rob Lucci (OP05-093)|Rob Lucci (OP05-093),5481|5426,"{""external_provenance"": [{""exact_language"": false, ""id"": 733430, ""metadata"": {""allowed_languages"": [""en"", ""jp"", ""zh-CN"", ""kr"", ""fr""]}, ""scope"": ""mixed""}, {""exact_language"": false, ""id"": 747782, ""metadata"": {""allowed_languages"": [""en"", ""jp"", ""zh-CN"", ""kr"", ""fr""]}, ""scope"": ""mixed""}], ""scryfall_cardmarket_id"": null, ""stored_ids"": [733430, 747782], ""validated_stored_ids"": [733430, 747782]}",AMBIGUOUS,6033e3588dd7b73d478c1364ecca3d36fddcd66e87ea488ae7b58b00177ea6d1,false,,54189435f777e9746d116ff2e4e83ab5071dc63465a645a923edce2b1307fb2c
140,17185,one_piece,X.Drake,op05,OP05-055,OP05-055,jp,Alternate Art,,,733352|747512,X.Drake (OP05-055)|X.Drake (OP05-055),5481|5426,"{""external_provenance"": [{""exact_language"": false, ""id"": 733352, ""metadata"": {""allowed_languages"": [""en"", ""jp"", ""zh-CN"", ""kr"", ""fr""]}, ""scope"": ""mixed""}, {""exact_language"": false, ""id"": 747512, ""metadata"": {""allowed_languages"": [""en"", ""jp"", ""zh-CN"", ""kr"", ""fr""]}, ""scope"": ""mixed""}], ""scryfall_cardmarket_id"": null, ""stored_ids"": [733352, 747512], ""validated_stored_ids"": [733352, 747512]}",AMBIGUOUS,4b84446ab7ff7259afb1fa7fbf6691ace6eca9c7422c5827a01eee63219ffe2a,false,,54189435f777e9746d116ff2e4e83ab5071dc63465a645a923edce2b1307fb2c
141,15290,one_piece,Cavendish,op01,OP01-008,OP01-008,jp,Box Topper,,,690804|768247,Cavendish (OP01-008)|Cavendish (OP01-008),5229|5484,"{""external_provenance"": [{""exact_language"": false, ""id"": 690804, ""metadata"": {""allowed_languages"": [""en"", ""jp"", ""zh-CN"", ""kr"", ""fr""]}, ""scope"": ""mixed""}, {""exact_language"": false, ""id"": 768247, ""metadata"": {""allowed_languages"": [""en"", ""jp"", ""zh-CN"", ""kr"", ""fr""]}, ""scope"": ""mixed""}], ""scryfall_cardmarket_id"": null, ""stored_ids"": [690804, 768247], ""validated_stored_ids"": [690804, 768247]}",AMBIGUOUS,48f8b8c410091bf2a028bb60958bf36d43c6303d406939932296672b8eb4b8c8,false,,54189435f777e9746d116ff2e4e83ab5071dc63465a645a923edce2b1307fb2c
142,22265,one_piece,Gol.D.Roger,op13,OP13-064,OP13-064,jp,Base,,,845596|857262,Gol.D.Roger (OP13-064)|Gol.D.Roger (OP13-064),6277|6187,"{""external_provenance"": [{""exact_language"": false, ""id"": 845596, ""metadata"": {""allowed_languages"": [""en"", ""jp"", ""zh-CN"", ""kr"", ""fr""]}, ""scope"": ""mixed""}, {""exact_language"": false, ""id"": 857262, ""metadata"": {""allowed_languages"": [""en"", ""jp"", ""zh-CN"", ""kr"", ""fr""]}, ""scope"": ""mixed""}], ""scryfall_cardmarket_id"": null, ""stored_ids"": [845596, 857262], ""validated_stored_ids"": [845596, 857262]}",AMBIGUOUS,bf4e9607f97cd6207374fce9920235f64a45bf97199b71279220967c3da36770,false,,54189435f777e9746d116ff2e4e83ab5071dc63465a645a923edce2b1307fb2c
143,21085,one_piece,Nefeltari Vivi,eb-02,EB02-026,EB02-026,jp,Base,,,823455,Nefeltari Vivi (EB02-026),6028,"{""external_provenance"": [{""exact_language"": false, ""id"": 823455, ""metadata"": {""allowed_languages"": [""en"", ""jp"", ""zh-CN"", ""kr"", ""fr""]}, ""scope"": ""mixed""}], ""scryfall_cardmarket_id"": null, ""stored_ids"": [823455], ""validated_stored_ids"": [823455]}",AMBIGUOUS,0b3cc8f1fd86ff1b0bd5024bae6ae64c69032e7619410265b78746ccad6d9936,false,,54189435f777e9746d116ff2e4e83ab5071dc63465a645a923edce2b1307fb2c
144,19531,one_piece,S-Snake,op08,OP08-112,OP08-112,jp,Base,,,771756|788021,S-Snake (OP08-112)|S-Snake (OP08-112),5744|5610,"{""external_provenance"": [{""exact_language"": false, ""id"": 771756, ""metadata"": {""allowed_languages"": [""en"", ""jp"", ""zh-CN"", ""kr"", ""fr""]}, ""scope"": ""mixed""}, {""exact_language"": false, ""id"": 788021, ""metadata"": {""allowed_languages"": [""en"", ""jp"", ""zh-CN"", ""kr"", ""fr""]}, ""scope"": ""mixed""}], ""scryfall_cardmarket_id"": null, ""stored_ids"": [771756, 788021], ""validated_stored_ids"": [771756, 788021]}",AMBIGUOUS,b8a40254fb1537dc5c68ab950e5c8b0a4e6fdde01dcd3a7617a7d25bcfc0f57c,false,,54189435f777e9746d116ff2e4e83ab5071dc63465a645a923edce2b1307fb2c
145,17141,one_piece,Koala,op05,OP05-006,OP05-006,jp,Base,,,733281|747444,Koala (OP05-006)|Koala (OP05-006),5481|5426,"{""external_provenance"": [{""exact_language"": false, ""id"": 733281, ""metadata"": {""allowed_languages"": [""en"", ""jp"", ""zh-CN"", ""kr"", ""fr""]}, ""scope"": ""mixed""}, {""exact_language"": false, ""id"": 747444, ""metadata"": {""allowed_languages"": [""en"", ""jp"", ""zh-CN"", ""kr"", ""fr""]}, ""scope"": ""mixed""}], ""scryfall_cardmarket_id"": null, ""stored_ids"": [733281, 747444], ""validated_stored_ids"": [733281, 747444]}",AMBIGUOUS,85f70fc8524bb1c942096fa06f2b00557691ab32e92b376cfc19c66cb0cec381,false,,54189435f777e9746d116ff2e4e83ab5071dc63465a645a923edce2b1307fb2c
146,15326,one_piece,Monkey.D.Luffy,op01,OP01-024,OP01-024,jp,Base,,,690823|768265,Monkey.D.Luffy (OP01-024)|Monkey.D.Luffy (OP01-024),5229|5484,"{""external_provenance"": [{""exact_language"": false, ""id"": 690823, ""metadata"": {""allowed_languages"": [""en"", ""jp"", ""zh-CN"", ""kr"", ""fr""]}, ""scope"": ""mixed""}, {""exact_language"": false, ""id"": 768265, ""metadata"": {""allowed_languages"": [""en"", ""jp"", ""zh-CN"", ""kr"", ""fr""]}, ""scope"": ""mixed""}], ""scryfall_cardmarket_id"": null, ""stored_ids"": [690823, 768265], ""validated_stored_ids"": [690823, 768265]}",AMBIGUOUS,4e3be1fbda990511b9ef00265d931fc3ee5285e496886757b89a9df125bf69f0,false,,54189435f777e9746d116ff2e4e83ab5071dc63465a645a923edce2b1307fb2c
147,21059,one_piece,Yamato,eb-02,EB02-006,EB02-006,jp,Base,,,823429,Yamato (EB02-006),6028,"{""external_provenance"": [{""exact_language"": false, ""id"": 823429, ""metadata"": {""allowed_languages"": [""en"", ""jp"", ""zh-CN"", ""kr"", ""fr""]}, ""scope"": ""mixed""}], ""scryfall_cardmarket_id"": null, ""stored_ids"": [823429], ""validated_stored_ids"": [823429]}",AMBIGUOUS,2eac32370cde8c00dd7a8ead2050e664d0507da9deeb895b687096ae600da822,false,,54189435f777e9746d116ff2e4e83ab5071dc63465a645a923edce2b1307fb2c
148,17335,one_piece,Pica,op05,OP05-032,OP05-032,jp,Base,,,733317|747476,Pica (OP05-032)|Pica (OP05-032),5481|5426,"{""external_provenance"": [{""exact_language"": false, ""id"": 733317, ""metadata"": {""allowed_languages"": [""en"", ""jp"", ""zh-CN"", ""kr"", ""fr""]}, ""scope"": ""mixed""}, {""exact_language"": false, ""id"": 747476, ""metadata"": {""allowed_languages"": [""en"", ""jp"", ""zh-CN"", ""kr"", ""fr""]}, ""scope"": ""mixed""}], ""scryfall_cardmarket_id"": null, ""stored_ids"": [733317, 747476], ""validated_stored_ids"": [733317, 747476]}",AMBIGUOUS,fbf2bc0b04969ac88070ccc7313ad929acf3586d4c4b10c30a095dbe818d555a,false,,54189435f777e9746d116ff2e4e83ab5071dc63465a645a923edce2b1307fb2c
149,15366,one_piece,Kin'emon,op01,OP01-040,OP01-040,jp,Base,,,690844|768285,Kin'emon (OP01-040)|Kin'emon (OP01-040),5229|5484,"{""external_provenance"": [{""exact_language"": false, ""id"": 690844, ""metadata"": {""allowed_languages"": [""en"", ""jp"", ""zh-CN"", ""kr"", ""fr""]}, ""scope"": ""mixed""}, {""exact_language"": false, ""id"": 768285, ""metadata"": {""allowed_languages"": [""en"", ""jp"", ""zh-CN"", ""kr"", ""fr""]}, ""scope"": ""mixed""}], ""scryfall_cardmarket_id"": null, ""stored_ids"": [690844, 768285], ""validated_stored_ids"": [690844, 768285]}",AMBIGUOUS,58f1c6ef1467232700b8ea0387902cd7bda0029bcee2a20ade6c1bba8bbbd5fb,false,,54189435f777e9746d116ff2e4e83ab5071dc63465a645a923edce2b1307fb2c
150,21108,one_piece,Trafalgar Law,eb-02,EB02-045,EB02-045,jp,Base,,,823481,Trafalgar Law (EB02-045),6028,"{""external_provenance"": [{""exact_language"": false, ""id"": 823481, ""metadata"": {""allowed_languages"": [""en"", ""jp"", ""zh-CN"", ""kr"", ""fr""]}, ""scope"": ""mixed""}], ""scryfall_cardmarket_id"": null, ""stored_ids"": [823481], ""validated_stored_ids"": [823481]}",AMBIGUOUS,e6a6320f7eca531f4346657c7ed0ab5baf47409699501735690dd057b537a228,false,,54189435f777e9746d116ff2e4e83ab5071dc63465a645a923edce2b1307fb2c
151,22257,one_piece,Uta,op13,OP13-023,OP13-023,jp,Base,,,845271|857215,Uta (OP13-023)|Uta (OP13-023),6277|6187,"{""external_provenance"": [{""exact_language"": false, ""id"": 845271, ""metadata"": {""allowed_languages"": [""en"", ""jp"", ""zh-CN"", ""kr"", ""fr""]}, ""scope"": ""mixed""}, {""exact_language"": false, ""id"": 857215, ""metadata"": {""allowed_languages"": [""en"", ""jp"", ""zh-CN"", ""kr"", ""fr""]}, ""scope"": ""mixed""}], ""scryfall_cardmarket_id"": null, ""stored_ids"": [845271, 857215], ""validated_stored_ids"": [845271, 857215]}",AMBIGUOUS,f8b1d6934a26799e3b60ba9f998ee0dec5b5ff067437708a52cc99456a0082e8,false,,54189435f777e9746d116ff2e4e83ab5071dc63465a645a923edce2b1307fb2c
152,14625,one_piece,Trafalgar Law,promo,P-038,P-038,jp,Base,,,722798,Trafalgar Law (P-038),5511,"{""external_provenance"": [{""exact_language"": false, ""id"": 722798, ""metadata"": {""allowed_languages"": [""en"", ""jp"", ""zh-CN"", ""kr"", ""fr""]}, ""scope"": ""mixed""}], ""scryfall_cardmarket_id"": null, ""stored_ids"": [722798], ""validated_stored_ids"": [722798]}",AMBIGUOUS,e376eda035471be5eeaa736c7a288841c6619a9a8b1ac26d1e5d38d294431aac,false,,54189435f777e9746d116ff2e4e83ab5071dc63465a645a923edce2b1307fb2c
153,22273,one_piece,Stussy,op13,OP13-110,OP13-110,jp,Base,,,845660|857326,Stussy (OP13-110)|Stussy (OP13-110),6277|6187,"{""external_provenance"": [{""exact_language"": false, ""id"": 845660, ""metadata"": {""allowed_languages"": [""en"", ""jp"", ""zh-CN"", ""kr"", ""fr""]}, ""scope"": ""mixed""}, {""exact_language"": false, ""id"": 857326, ""metadata"": {""allowed_languages"": [""en"", ""jp"", ""zh-CN"", ""kr"", ""fr""]}, ""scope"": ""mixed""}], ""scryfall_cardmarket_id"": null, ""stored_ids"": [845660, 857326], ""validated_stored_ids"": [845660, 857326]}",AMBIGUOUS,aa84cc1ac96fcb678283af5c78fc8f3bf1ecad1a4aa8084f5a00690a7a010570,false,,54189435f777e9746d116ff2e4e83ab5071dc63465a645a923edce2b1307fb2c
154,15503,one_piece,King,op01,OP01-096,OP01-096,jp,Fixed Reprint,,,690929|768358,King (OP01-096)|King (OP01-096),5229|5484,"{""external_provenance"": [{""exact_language"": false, ""id"": 690929, ""metadata"": {""allowed_languages"": [""en"", ""jp"", ""zh-CN"", ""kr"", ""fr""]}, ""scope"": ""mixed""}, {""exact_language"": false, ""id"": 768358, ""metadata"": {""allowed_languages"": [""en"", ""jp"", ""zh-CN"", ""kr"", ""fr""]}, ""scope"": ""mixed""}], ""scryfall_cardmarket_id"": null, ""stored_ids"": [690929, 768358], ""validated_stored_ids"": [690929, 768358]}",AMBIGUOUS,d65f2dc5395e8034e4cbbafb709e8e1788207f7476cd328e27f35c4eb61db803,false,,54189435f777e9746d116ff2e4e83ab5071dc63465a645a923edce2b1307fb2c
155,17179,one_piece,Rebecca,op05,OP05-091,OP05-091,jp,Base,,,733426|747775,Rebecca (OP05-091)|Rebecca (OP05-091),5481|5426,"{""external_provenance"": [{""exact_language"": false, ""id"": 733426, ""metadata"": {""allowed_languages"": [""en"", ""jp"", ""zh-CN"", ""kr"", ""fr""]}, ""scope"": ""mixed""}, {""exact_language"": false, ""id"": 747775, ""metadata"": {""allowed_languages"": [""en"", ""jp"", ""zh-CN"", ""kr"", ""fr""]}, ""scope"": ""mixed""}], ""scryfall_cardmarket_id"": null, ""stored_ids"": [733426, 747775], ""validated_stored_ids"": [733426, 747775]}",AMBIGUOUS,50dd15742475591d6be384f59f5c5e24a32f137855ff817821a9f4da34239e83,false,,54189435f777e9746d116ff2e4e83ab5071dc63465a645a923edce2b1307fb2c
