collection_item_id,game,card_name,card_number,language,set_code,version,promo_family,previous_status,final_candidate_status,cardmarket_id_product,cardmarket_url,resolution_rule,evidence,provenance_gap,physical_check_required,physical_check_instruction,notes
33,Magic,Frodo Baggins,812,en,LTR,Showcase Borderless Foil Booster Fun Surge Foil,,EXACT,EXACT,737031,https://www.cardmarket.com/en/Magic/Products?idProduct=737031,MAGIC_PRE_EXISTING_EXACT,Pre-existing collection audit status EXACT; unique stored/resolved idProduct retained. No price used for identity.,false,false,,Pre-existing exact identity retained without production changes.
34,Magic,"Frodo, Sauron's Bane",304,en,LTR,,,AMBIGUOUS,EXACT,701765,https://www.cardmarket.com/en/Magic/Products?idProduct=701765&referrer=scryfall&utm_campaign=card_prices&utm_medium=text&utm_source=scryfall,MAGIC_PRIOR_EXACT_RECOVERY,Prior provenance audit: EXACT_RECOVERED con unique idProduct. Unique Scryfall printing id=6d08e637-c2b3-4b38-9b07-5bba1f13efc3; raw set=ltr + collector_number=304 + cardmarket_id=701765; finish=foil is present; treatment=Showcase is compatible because frame_effects contains showcase; scalar raw cardmarket_id is the unique recovered product.,false,false,,Historical provenance issue retained; identity resolved; no approval/apply authorized.
35,Magic,Samwise Gamgee,327,en,LTR,Showcase Borderless Foil Booster Fun,,EXACT,EXACT,716026,https://www.cardmarket.com/en/Magic/Products?idProduct=716026,MAGIC_PRE_EXISTING_EXACT,Pre-existing collection audit status EXACT; unique stored/resolved idProduct retained. No price used for identity.,false,false,,Pre-existing exact identity retained without production changes.
36,Magic,Samwise the Stouthearted,798,en,LTR,Showcase Borderless Foil Booster Fun Surge Foil,,EXACT,EXACT,736847,https://www.cardmarket.com/en/Magic/Products?idProduct=736847,MAGIC_PRE_EXISTING_EXACT,Pre-existing collection audit status EXACT; unique stored/resolved idProduct retained. No price used for identity.,false,false,,Pre-existing exact identity retained without production changes.
37,Magic,"Merry, Esquire of Rohan",325,en,LTR,Showcase Borderless Foil Booster Fun,,EXACT,EXACT,716061,https://www.cardmarket.com/en/Magic/Products?idProduct=716061,MAGIC_PRE_EXISTING_EXACT,Pre-existing collection audit status EXACT; unique stored/resolved idProduct retained. No price used for identity.,false,false,,Pre-existing exact identity retained without production changes.
38,Magic,Meriadoc Brandybuck,806,en,LTR,Showcase Borderless Foil Booster Fun Surge Foil,,EXACT,EXACT,737025,https://www.cardmarket.com/en/Magic/Products?idProduct=737025,MAGIC_PRE_EXISTING_EXACT,Pre-existing collection audit status EXACT; unique stored/resolved idProduct retained. No price used for identity.,false,false,,Pre-existing exact identity retained without production changes.
39,Magic,Peregrin Took,315,en,LTR,Showcase Borderless Foil Booster Fun,,EXACT,EXACT,716070,https://www.cardmarket.com/en/Magic/Products?idProduct=716070,MAGIC_PRE_EXISTING_EXACT,Pre-existing collection audit status EXACT; unique stored/resolved idProduct retained. No price used for identity.,false,false,,Pre-existing exact identity retained without production changes.
40,Magic,"Pippin, Guard of the Citadel",818,en,LTR,Showcase Borderless Foil Surge Foil Booster Fun,,EXACT,EXACT,737037,https://www.cardmarket.com/en/Magic/Products?idProduct=737037,MAGIC_PRE_EXISTING_EXACT,Pre-existing collection audit status EXACT; unique stored/resolved idProduct retained. No price used for identity.,false,false,,Pre-existing exact identity retained without production changes.
41,Magic,"Aragorn, Company Leader",316,en,LTR,,,AMBIGUOUS,EXACT,717763,https://www.cardmarket.com/en/Magic/Products?idProduct=717763&referrer=scryfall&utm_campaign=card_prices&utm_medium=text&utm_source=scryfall,MAGIC_PRIOR_EXACT_RECOVERY,Prior provenance audit: EXACT_RECOVERED con unique idProduct. Unique Scryfall printing id=142c3004-fe39-4ca3-bf14-f4af8b20fa80; raw set=ltr + collector_number=316 + cardmarket_id=717763; finish=foil is present; treatment=Showcase is compatible because frame_effects contains showcase; scalar raw cardmarket_id is the unique recovered product.,false,false,,Historical provenance issue retained; identity resolved; no approval/apply authorized.
42,Magic,"Aragorn, the Uniter",317,en,LTR,,,AMBIGUOUS,EXACT,716022,https://www.cardmarket.com/en/Magic/Products?idProduct=716022&referrer=scryfall&utm_campaign=card_prices&utm_medium=text&utm_source=scryfall,MAGIC_PRIOR_EXACT_RECOVERY,Prior provenance audit: EXACT_RECOVERED con unique idProduct. Unique Scryfall printing id=e287844c-a829-4f7f-8c4c-ab856e6815f6; raw set=ltr + collector_number=317 + cardmarket_id=716022; finish=foil is present; treatment=Showcase is compatible because frame_effects contains showcase; scalar raw cardmarket_id is the unique recovered product.,false,false,,Historical provenance issue retained; identity resolved; no approval/apply authorized.
43,Magic,"Legolas, Counter of Kills",816,en,LTR,Showcase Borderless Foil Booster Fun Surge Foil,,EXACT,EXACT,737035,https://www.cardmarket.com/en/Magic/Products?idProduct=737035,MAGIC_PRE_EXISTING_EXACT,Pre-existing collection audit status EXACT; unique stored/resolved idProduct retained. No price used for identity.,false,false,,Pre-existing exact identity retained without production changes.
44,Magic,"Legolas, Master Archer",313,en,LTR,Showcase Borderless Foil Booster Fun,,EXACT,EXACT,716051,https://www.cardmarket.com/en/Magic/Products?idProduct=716051,MAGIC_PRE_EXISTING_EXACT,Pre-existing collection audit status EXACT; unique stored/resolved idProduct retained. No price used for identity.,false,false,,Pre-existing exact identity retained without production changes.
45,Magic,"Gimli, Counter of Kills",804,en,LTR,Showcase Borderless Foil Booster Fun Surge Foil,,EXACT,EXACT,737023,https://www.cardmarket.com/en/Magic/Products?idProduct=737023,MAGIC_PRE_EXISTING_EXACT,Pre-existing collection audit status EXACT; unique stored/resolved idProduct retained. No price used for identity.,false,false,,Pre-existing exact identity retained without production changes.
46,Magic,"Gimli, Mournful Avenger",815,en,LTR,,,AMBIGUOUS,EXACT,737034,https://www.cardmarket.com/en/Magic/Products?idProduct=737034&referrer=scryfall&utm_campaign=card_prices&utm_medium=text&utm_source=scryfall,MAGIC_PRIOR_EXACT_RECOVERY,Prior provenance audit: EXACT_RECOVERED con unique idProduct. Unique Scryfall printing id=44f74a7c-9bf1-4bd9-ac56-8a186ac140f0; raw set=ltr + collector_number=815 + cardmarket_id=737034; finish=foil is present; treatment=Surge Foil is compatible because promo_types contains surgefoil; scalar raw cardmarket_id is the unique recovered product.,false,false,,Historical provenance issue retained; identity resolved; no approval/apply authorized.
47,Magic,"Boromir, Warden of the Tower",302,en,LTR,,,AMBIGUOUS,EXACT,716042,https://www.cardmarket.com/en/Magic/Products?idProduct=716042&referrer=scryfall&utm_campaign=card_prices&utm_medium=text&utm_source=scryfall,MAGIC_PRIOR_EXACT_RECOVERY,Prior provenance audit: EXACT_RECOVERED con unique idProduct. Unique Scryfall printing id=e186ef93-f369-4b4d-a683-36f338b6ce3f; raw set=ltr + collector_number=302 + cardmarket_id=716042; finish=foil is present; treatment=Showcase is compatible because frame_effects contains showcase; scalar raw cardmarket_id is the unique recovered product.,false,false,,Historical provenance issue retained; identity resolved; no approval/apply authorized.
48,Magic,Gandalf the Grey,814,en,LTR,Showcase Borderless Foil Surge Foil Booster Fun,,EXACT,EXACT,737033,https://www.cardmarket.com/en/Magic/Products?idProduct=737033,MAGIC_PRE_EXISTING_EXACT,Pre-existing collection audit status EXACT; unique stored/resolved idProduct retained. No price used for identity.,false,false,,Pre-existing exact identity retained without production changes.
49,Magic,Gandalf the White,305,en,LTR,Showcase Borderless Foil Booster Fun,,EXACT,EXACT,716023,https://www.cardmarket.com/en/Magic/Products?idProduct=716023,MAGIC_PRE_EXISTING_EXACT,Pre-existing collection audit status EXACT; unique stored/resolved idProduct retained. No price used for identity.,false,false,,Pre-existing exact identity retained without production changes.
50,Magic,"Gandalf, Friend of the Shire",800,en,LTR,Showcase Borderless Foil Booster Fun Surge Foil,,EXACT,EXACT,736849,https://www.cardmarket.com/en/Magic/Products?idProduct=736849,MAGIC_PRE_EXISTING_EXACT,Pre-existing collection audit status EXACT; unique stored/resolved idProduct retained. No price used for identity.,false,false,,Pre-existing exact identity retained without production changes.
51,Magic,"Elrond, Lord of Rivendell",307,en,LTR,Showcase Borderless Foil Booster Fun,,EXACT,EXACT,717750,https://www.cardmarket.com/en/Magic/Products?idProduct=717750,MAGIC_PRE_EXISTING_EXACT,Pre-existing collection audit status EXACT; unique stored/resolved idProduct retained. No price used for identity.,false,false,,Pre-existing exact identity retained without production changes.
52,Magic,"Elrond, Master of Healing",810,en,LTR,Showcase Borderless Foil Surge Foil Booster Fun,,EXACT,EXACT,737029,https://www.cardmarket.com/en/Magic/Products?idProduct=737029,MAGIC_PRE_EXISTING_EXACT,Pre-existing collection audit status EXACT; unique stored/resolved idProduct retained. No price used for identity.,false,false,,Pre-existing exact identity retained without production changes.
53,Magic,"Faramir, Field Commander",795,en,LTR,Showcase Borderless Foil Booster Fun Surge Foil,,EXACT,EXACT,736844,https://www.cardmarket.com/en/Magic/Products?idProduct=736844,MAGIC_PRE_EXISTING_EXACT,Pre-existing collection audit status EXACT; unique stored/resolved idProduct retained. No price used for identity.,false,false,,Pre-existing exact identity retained without production changes.
54,Magic,"Faramir, Prince of Ithilien",319,en,LTR,Showcase Borderless Foil Booster Fun,,EXACT,EXACT,717727,https://www.cardmarket.com/en/Magic/Products?idProduct=717727,MAGIC_PRE_EXISTING_EXACT,Pre-existing collection audit status EXACT; unique stored/resolved idProduct retained. No price used for identity.,false,false,,Pre-existing exact identity retained without production changes.
55,Magic,Galadriel of Lothlórien,321,en,LTR,Showcase Borderless Foil Booster Fun,,EXACT,EXACT,717753,https://www.cardmarket.com/en/Magic/Products?idProduct=717753,MAGIC_PRE_EXISTING_EXACT,Pre-existing collection audit status EXACT; unique stored/resolved idProduct retained. No price used for identity.,false,false,,Pre-existing exact identity retained without production changes.
56,Magic,"Gollum, Patient Plotter",801,en,LTR,Showcase Borderless Foil Booster Fun Surge Foil,,EXACT,EXACT,736850,https://www.cardmarket.com/en/Magic/Products?idProduct=736850,MAGIC_PRE_EXISTING_EXACT,Pre-existing collection audit status EXACT; unique stored/resolved idProduct retained. No price used for identity.,false,false,,Pre-existing exact identity retained without production changes.
57,Magic,Saruman of Many Colors,328,en,LTR,Showcase Borderless Foil Booster Fun,,EXACT,EXACT,716077,https://www.cardmarket.com/en/Magic/Products?idProduct=716077,MAGIC_PRE_EXISTING_EXACT,Pre-existing collection audit status EXACT; unique stored/resolved idProduct retained. No price used for identity.,false,false,,Pre-existing exact identity retained without production changes.
58,Magic,"Sauron, the Dark Lord",329,en,LTR,Showcase Borderless Foil Booster Fun,,EXACT,EXACT,716072,https://www.cardmarket.com/en/Magic/Products?idProduct=716072,MAGIC_PRE_EXISTING_EXACT,Pre-existing collection audit status EXACT; unique stored/resolved idProduct retained. No price used for identity.,false,false,,Pre-existing exact identity retained without production changes.
59,Magic,"Sauron, the Necromancer",310,en,LTR,Showcase Borderless Foil Booster Fun,,EXACT,EXACT,716069,https://www.cardmarket.com/en/Magic/Products?idProduct=716069,MAGIC_PRE_EXISTING_EXACT,Pre-existing collection audit status EXACT; unique stored/resolved idProduct retained. No price used for identity.,false,false,,Pre-existing exact identity retained without production changes.
60,Magic,"Sméagol, Helpful Guide",330,en,LTR,Showcase Borderless Foil Booster Fun,,EXACT,EXACT,717775,https://www.cardmarket.com/en/Magic/Products?idProduct=717775,MAGIC_PRE_EXISTING_EXACT,Pre-existing collection audit status EXACT; unique stored/resolved idProduct retained. No price used for identity.,false,false,,Pre-existing exact identity retained without production changes.
61,Magic,Tom Bombadil,331,en,LTR,Showcase Borderless Foil Booster Fun,,EXACT,EXACT,701768,https://www.cardmarket.com/en/Magic/Products?idProduct=701768,MAGIC_PRE_EXISTING_EXACT,Pre-existing collection audit status EXACT; unique stored/resolved idProduct retained. No price used for identity.,false,false,,Pre-existing exact identity retained without production changes.
62,Magic,Rohirrim Chargers,496,en,LTR,Borderless Full Art Foil Booster Fun,,EXACT,EXACT,736524,https://www.cardmarket.com/en/Magic/Products?idProduct=736524,MAGIC_PRE_EXISTING_EXACT,Pre-existing collection audit status EXACT; unique stored/resolved idProduct retained. No price used for identity.,false,false,,Pre-existing exact identity retained without production changes.
63,Magic,Sword of the Animist,385,en,LTC,Borderless Full Art Foil Surge Foil Booster Fun,,EXACT,EXACT,717998,https://www.cardmarket.com/en/Magic/Products?idProduct=717998,MAGIC_PRE_EXISTING_EXACT,Pre-existing collection audit status EXACT; unique stored/resolved idProduct retained. No price used for identity.,false,false,,Pre-existing exact identity retained without production changes.
64,Magic,Gandalf of the Secret Fire,507,en,LTR,Borderless Full Art Foil Booster Fun,,EXACT,EXACT,736555,https://www.cardmarket.com/en/Magic/Products?idProduct=736555,MAGIC_PRE_EXISTING_EXACT,Pre-existing collection audit status EXACT; unique stored/resolved idProduct retained. No price used for identity.,false,false,,Pre-existing exact identity retained without production changes.
65,Magic,Shortcut to Mushrooms,638,en,LTR,,,MISMATCH,EXACT,738134,https://www.cardmarket.com/en/Magic/Products?idProduct=738134&referrer=scryfall&utm_campaign=card_prices&utm_medium=text&utm_source=scryfall,MAGIC_PRIOR_EXACT_RECOVERY,Prior provenance audit: EXACT_RECOVERED con unique idProduct. Unique Scryfall printing id=aab671b7-afb3-4d99-8f6d-3240f31508d7; raw set=ltr + collector_number=638 + cardmarket_id=738134; finish=foil is present; treatment=Showcase is compatible because frame_effects contains showcase; scalar raw cardmarket_id is the unique recovered product.,false,false,,Historical provenance issue retained; identity resolved; no approval/apply authorized.
66,Magic,"Shadowfax, Lord of Horses",227,en,LTR,Foil,,EXACT,EXACT,716135,https://www.cardmarket.com/en/Magic/Products?idProduct=716135,MAGIC_PRE_EXISTING_EXACT,Pre-existing collection audit status EXACT; unique stored/resolved idProduct retained. No price used for identity.,false,false,,Pre-existing exact identity retained without production changes.
67,Magic,Fall of Gil-galad,165,en,LTR,fbaab2c0-ea18-4b2f-b75b-506cbbea97e1:foil,,EXACT,EXACT,716004,https://www.cardmarket.com/en/Magic/Products?idProduct=716004,MAGIC_PRE_EXISTING_EXACT,Pre-existing collection audit status EXACT; unique stored/resolved idProduct retained. No price used for identity.,false,false,,Pre-existing exact identity retained without production changes.
68,Magic,Book of Mazarbul,116,en,LTR,04dcef75-6f98-4233-ae32-6fe41724c8e0:foil,,EXACT,EXACT,716003,https://www.cardmarket.com/en/Magic/Products?idProduct=716003,MAGIC_PRE_EXISTING_EXACT,Pre-existing collection audit status EXACT; unique stored/resolved idProduct retained. No price used for identity.,false,false,,Pre-existing exact identity retained without production changes.
69,Magic,Long List of the Ents,625,en,LTR,Showcase Foil Silver Foil Scroll Booster Fun,,EXACT,EXACT,738108,https://www.cardmarket.com/en/Magic/Products?idProduct=738108,MAGIC_PRE_EXISTING_EXACT,Pre-existing collection audit status EXACT; unique stored/resolved idProduct retained. No price used for identity.,false,false,,Pre-existing exact identity retained without production changes.
70,Magic,The Bath Song,491,en,LTR,,,MISMATCH,EXACT,737571,https://www.cardmarket.com/en/Magic/Products?idProduct=737571&referrer=scryfall&utm_campaign=card_prices&utm_medium=text&utm_source=scryfall,MAGIC_PRIOR_EXACT_RECOVERY,Prior provenance audit: EXACT_RECOVERED con unique idProduct. Unique Scryfall printing id=9dc2521f-d9a5-4ae7-b5dc-bf0504e66345; raw set=ltr + collector_number=491 + cardmarket_id=737571; finish=foil is present; treatment=Showcase is compatible because frame_effects contains showcase; scalar raw cardmarket_id is the unique recovered product.,false,false,,Historical provenance issue retained; identity resolved; no approval/apply authorized.
71,Magic,One Ring to Rule Them All,102,en,LTR,bb2dc2e0-f393-4442-818b-d3b860bfffd0:foil,,EXACT,EXACT,715916,https://www.cardmarket.com/en/Magic/Products?idProduct=715916,MAGIC_PRE_EXISTING_EXACT,Pre-existing collection audit status EXACT; unique stored/resolved idProduct retained. No price used for identity.,false,false,,Pre-existing exact identity retained without production changes.
73,Magic,Oath of the Grey Host,101,en,LTR,6a780abd-f276-40d3-b2af-d2e47d858d3d:foil,,EXACT,EXACT,717047,https://www.cardmarket.com/en/Magic/Products?idProduct=717047,MAGIC_PRE_EXISTING_EXACT,Pre-existing collection audit status EXACT; unique stored/resolved idProduct retained. No price used for identity.,false,false,,Pre-existing exact identity retained without production changes.
74,Magic,Tale of Tinúviel,34,en,LTR,9ae65f96-7bfd-4390-88bf-764c26bf4668:foil,,EXACT,EXACT,716129,https://www.cardmarket.com/en/Magic/Products?idProduct=716129,MAGIC_PRE_EXISTING_EXACT,Pre-existing collection audit status EXACT; unique stored/resolved idProduct retained. No price used for identity.,false,false,,Pre-existing exact identity retained without production changes.
75,Magic,War of the Last Alliance,36,en,LTR,60ddf2cd-5b33-4c8a-a610-8e6a15404dde:foil,,EXACT,EXACT,716133,https://www.cardmarket.com/en/Magic/Products?idProduct=716133,MAGIC_PRE_EXISTING_EXACT,Pre-existing collection audit status EXACT; unique stored/resolved idProduct retained. No price used for identity.,false,false,,Pre-existing exact identity retained without production changes.
76,Magic,"Frodo, Sauron's Bane",448,en,LTR,Borderless Full Art Foil Booster Fun Bundle,,EXACT,EXACT,716081,https://www.cardmarket.com/en/Magic/Products?idProduct=716081,MAGIC_PRE_EXISTING_EXACT,Pre-existing collection audit status EXACT; unique stored/resolved idProduct retained. No price used for identity.,false,false,,Pre-existing exact identity retained without production changes.
77,Magic,Pippin's Bravery,414,en,LTR,Borderless Full Art Foil Booster Fun,,EXACT,EXACT,716056,https://www.cardmarket.com/en/Magic/Products?idProduct=716056,MAGIC_PRE_EXISTING_EXACT,Pre-existing collection audit status EXACT; unique stored/resolved idProduct retained. No price used for identity.,false,false,,Pre-existing exact identity retained without production changes.
78,Magic,Gandalf the White,442,en,LTR,Borderless Full Art Foil Booster Fun,,EXACT,EXACT,716063,https://www.cardmarket.com/en/Magic/Products?idProduct=716063,MAGIC_PRE_EXISTING_EXACT,Pre-existing collection audit status EXACT; unique stored/resolved idProduct retained. No price used for identity.,false,false,,Pre-existing exact identity retained without production changes.
79,Magic,"Gandalf, Friend of the Shire",401s,en,PLTC,Borderless Full Art Foil Prerelease Datestamped,,EXACT,EXACT,719346,https://www.cardmarket.com/en/Magic/Products?idProduct=719346,MAGIC_PRE_EXISTING_EXACT,Pre-existing collection audit status EXACT; unique stored/resolved idProduct retained. No price used for identity.,false,false,,Pre-existing exact identity retained without production changes.
80,Magic,Prince Imrahil the Fair,431,en,LTR,Borderless Full Art Foil Booster Fun,,EXACT,EXACT,716025,https://www.cardmarket.com/en/Magic/Products?idProduct=716025,MAGIC_PRE_EXISTING_EXACT,Pre-existing collection audit status EXACT; unique stored/resolved idProduct retained. No price used for identity.,false,false,,Pre-existing exact identity retained without production changes.
81,Magic,Knights of Dol Amroth,432,en,LTR,Borderless Full Art Foil Booster Fun,,EXACT,EXACT,716066,https://www.cardmarket.com/en/Magic/Products?idProduct=716066,MAGIC_PRE_EXISTING_EXACT,Pre-existing collection audit status EXACT; unique stored/resolved idProduct retained. No price used for identity.,false,false,,Pre-existing exact identity retained without production changes.
82,Magic,"Gimli, Mournful Avenger",436,en,LTR,,,AMBIGUOUS,EXACT,716059,https://www.cardmarket.com/en/Magic/Products?idProduct=716059&referrer=scryfall&utm_campaign=card_prices&utm_medium=text&utm_source=scryfall,MAGIC_PRIOR_EXACT_RECOVERY,Prior provenance audit: EXACT_RECOVERED con unique idProduct. Unique Scryfall printing id=3a8bd920-5e70-4c3d-bd15-ccb8d1c87e2e; raw set=ltr + collector_number=436 + cardmarket_id=716059; finish=foil is present; treatment=Scene is compatible because full_art=true and frame_effects contains inverted; scalar raw cardmarket_id is the unique recovered product.,false,false,,Historical provenance issue retained; identity resolved; no approval/apply authorized.
83,Magic,The One Ring,451,en,LTR,Borderless Full Art Foil Booster Fun Bundle,,EXACT,EXACT,716083,https://www.cardmarket.com/en/Magic/Products?idProduct=716083,MAGIC_PRE_EXISTING_EXACT,Pre-existing collection audit status EXACT; unique stored/resolved idProduct retained. No price used for identity.,false,false,,Pre-existing exact identity retained without production changes.
84,Magic,Art Series: Fog on the Barrow-Downs,ART-2,en,LTR,V2,,AMBIGUOUS,EXACT,718546,https://www.cardmarket.com/en/Magic/Products/Singles/The-Lord-of-the-Rings-Tales-of-Middle-earth-Extras/Art-Series-Fog-on-the-Barrow-Downs-V2,MAGIC_ART_SERIES_MANUAL_WEB,"Prior provenance audit: EXACT_RECOVERED con unique idProduct. Cardmarket V.2 / LOTR Extras confirmado por página pública indexada; catálogo local readonly: único candidato compatible ART-2, Gold-Stamped, idProduct 718546. Provenance original: gold_stamp, EN, ART-2.",true,false,,Historical provenance issue retained; identity resolved; no approval/apply authorized.
86,Magic,"Art Series: Goldberry, River-Daughter",ART-6,en,LTR,V2,,AMBIGUOUS,EXACT,718554,https://www.cardmarket.com/en/Magic/Products/Singles/The-Lord-of-the-Rings-Tales-of-Middle-earth-Extras/Art-Series-Goldberry-River-Daughter-V2,MAGIC_ART_SERIES_MANUAL_WEB,"Prior provenance audit: EXACT_RECOVERED con unique idProduct. Cardmarket V.2 / LOTR Extras confirmado por página pública indexada; catálogo local readonly: único candidato compatible ART-6, Gold-Stamped, idProduct 718554. Provenance original: gold_stamp, EN, ART-6.",true,false,,Historical provenance issue retained; identity resolved; no approval/apply authorized.
87,Magic,Art Series: The Watcher in the Water,ART-7,en,LTR,V2,,AMBIGUOUS,EXACT,718555,https://www.cardmarket.com/en/Magic/Products/Singles/The-Lord-of-the-Rings-Tales-of-Middle-earth-Extras/Art-Series-The-Watcher-in-the-Water-V2,MAGIC_ART_SERIES_MANUAL_WEB,"Prior provenance audit: EXACT_RECOVERED con unique idProduct. Cardmarket V.2 / LOTR Extras confirmado por página pública indexada; catálogo local readonly: único candidato compatible ART-7, Gold-Stamped, idProduct 718555. Provenance original: gold_stamp, EN, ART-7.",true,false,,Historical provenance issue retained; identity resolved; no approval/apply authorized.
88,Magic,Art Series: Éomer of the Riddermark,ART-9,en,LTR,V2,,AMBIGUOUS,EXACT,718559,https://www.cardmarket.com/en/Magic/Products/Singles/The-Lord-of-the-Rings-Tales-of-Middle-earth-Extras/Art-Series-Eomer-of-the-Riddermark-V2,MAGIC_ART_SERIES_MANUAL_WEB,"Prior provenance audit: EXACT_RECOVERED con unique idProduct. Cardmarket V.2 / LOTR Extras confirmado por página pública indexada; catálogo local readonly: único candidato compatible ART-9, Gold-Stamped, idProduct 718559. Provenance original: gold_stamp, EN, ART-9.",true,false,,Historical provenance issue retained; identity resolved; no approval/apply authorized.
89,Magic,"Art Series: Gimli, Counter of Kills",ART-10,en,LTR,V2,,AMBIGUOUS,EXACT,718561,https://www.cardmarket.com/en/Magic/Products/Singles/The-Lord-of-the-Rings-Tales-of-Middle-earth-Extras/Art-Series-Gimli-Counter-of-Kills-V2,MAGIC_ART_SERIES_MANUAL_WEB,"Prior provenance audit: EXACT_RECOVERED con unique idProduct. Cardmarket V.2 / LOTR Extras confirmado por página pública indexada; catálogo local readonly: único candidato compatible ART-10, Gold-Stamped, idProduct 718561. Provenance original: gold_stamp, EN, ART-10.",true,false,,Historical provenance issue retained; identity resolved; no approval/apply authorized.
90,Magic,Art Series: Generous Ent,ART-11,en,LTR,V2,,AMBIGUOUS,EXACT,718563,https://www.cardmarket.com/en/Magic/Products/Singles/The-Lord-of-the-Rings-Tales-of-Middle-earth-Extras/Art-Series-Generous-Ent-V2,MAGIC_ART_SERIES_MANUAL_WEB,"Prior provenance audit: EXACT_RECOVERED con unique idProduct. Cardmarket V.2 / LOTR Extras confirmado por página pública indexada; catálogo local readonly: único candidato compatible ART-11, Gold-Stamped, idProduct 718563. Provenance original: gold_stamp, EN, ART-11.",true,false,,Historical provenance issue retained; identity resolved; no approval/apply authorized.
91,Magic,Art Series: Mirrormere Guardian,ART-12,en,LTR,,,AMBIGUOUS,EXACT,718565,https://www.cardmarket.com/en/Magic/Products?idProduct=718565,MAGIC_ART_SERIES_MANUAL_WEB,Prior provenance audit: EXACT_RECOVERED con unique idProduct. Unique local Cardmarket idProduct=718565 embedded in historical Cardmarket image URL; original import proves gold_stamp + ART-12 + name + EN + LTR; URL selects one product among 718565|718566. Current mapping is evidence only.,true,false,,Historical provenance issue retained; identity resolved; no approval/apply authorized.
92,Magic,"Art Series: Bilbo, Retired Burglar",ART-14,en,LTR,V2,,AMBIGUOUS,EXACT,718575,https://www.cardmarket.com/en/Magic/Products/Singles/The-Lord-of-the-Rings-Tales-of-Middle-earth-Extras/Art-Series-Bilbo-Retired-Burglar-V2,MAGIC_ART_SERIES_MANUAL_WEB,"Prior provenance audit: EXACT_RECOVERED con unique idProduct. Cardmarket V.2 / LOTR Extras confirmado por página pública indexada; catálogo local readonly: único candidato compatible ART-14, Gold-Stamped, idProduct 718575. Provenance original: gold_stamp, EN, ART-14.",true,false,,Historical provenance issue retained; identity resolved; no approval/apply authorized.
93,Magic,"Art Series: Legolas, Counter of Kills",ART-17,en,LTR,V2,,AMBIGUOUS,EXACT,718582,https://www.cardmarket.com/en/Magic/Products/Singles/The-Lord-of-the-Rings-Tales-of-Middle-earth-Extras/Art-Series-Legolas-Counter-of-Kills-V2,MAGIC_ART_SERIES_MANUAL_WEB,"Prior provenance audit: EXACT_RECOVERED con unique idProduct. Cardmarket V.2 / LOTR Extras confirmado por página pública indexada; catálogo local readonly: único candidato compatible ART-17, Gold-Stamped, idProduct 718582. Provenance original: gold_stamp, EN, ART-17.",true,false,,Historical provenance issue retained; identity resolved; no approval/apply authorized.
94,Magic,Art Series: Saruman of Many Colors,ART-20,en,LTR,V2,,AMBIGUOUS,EXACT,718601,https://www.cardmarket.com/en/Magic/Products/Singles/The-Lord-of-the-Rings-Tales-of-Middle-earth-Extras/Art-Series-Saruman-of-Many-Colors-V2,MAGIC_ART_SERIES_MANUAL_WEB,"Prior provenance audit: EXACT_RECOVERED con unique idProduct. Cardmarket V.2 / LOTR Extras confirmado por página pública indexada; catálogo local readonly: único candidato compatible ART-20, Gold-Stamped, idProduct 718601. Provenance original: gold_stamp, EN, ART-20.",true,false,,Historical provenance issue retained; identity resolved; no approval/apply authorized.
95,Magic,"Art Series: Sharkey, Tyrant of the Shire",ART-22,en,LTR,V2,,AMBIGUOUS,EXACT,718605,https://www.cardmarket.com/en/Magic/Products/Singles/The-Lord-of-the-Rings-Tales-of-Middle-earth-Extras/Art-Series-Sharkey-Tyrant-of-the-Shire-V2,MAGIC_ART_SERIES_MANUAL_WEB,"Prior provenance audit: EXACT_RECOVERED con unique idProduct. Cardmarket V.2 / LOTR Extras confirmado por página pública indexada; catálogo local readonly: único candidato compatible ART-22, Gold-Stamped, idProduct 718605. Provenance original: gold_stamp, EN, ART-22.",true,false,,Historical provenance issue retained; identity resolved; no approval/apply authorized.
96,Magic,"Art Series: Shelob, Child of Ungoliant",ART-23,en,LTR,V2,,AMBIGUOUS,EXACT,718606,https://www.cardmarket.com/en/Magic/Products/Singles/The-Lord-of-the-Rings-Tales-of-Middle-earth-Extras/Art-Series-Shelob-Child-of-Ungoliant-V2,MAGIC_ART_SERIES_MANUAL_WEB,"Prior provenance audit: EXACT_RECOVERED con unique idProduct. Cardmarket V.2 / LOTR Extras confirmado por página pública indexada; catálogo local readonly: único candidato compatible ART-23, Gold-Stamped, idProduct 718606. Provenance original: gold_stamp, EN, ART-23.",true,false,,Historical provenance issue retained; identity resolved; no approval/apply authorized.
97,Magic,"Art Series: Théoden, King of Rohan",ART-25,en,LTR,V2,,AMBIGUOUS,EXACT,718610,https://www.cardmarket.com/en/Magic/Products/Singles/The-Lord-of-the-Rings-Tales-of-Middle-earth-Extras/Art-Series-Theoden-King-of-Rohan-V2,MAGIC_ART_SERIES_MANUAL_WEB,"Prior provenance audit: EXACT_RECOVERED con unique idProduct. Cardmarket V.2 / LOTR Extras confirmado por página pública indexada; catálogo local readonly: único candidato compatible ART-25, Gold-Stamped, idProduct 718610. Provenance original: gold_stamp, EN, ART-25.",true,false,,Historical provenance issue retained; identity resolved; no approval/apply authorized.
98,Magic,Art Series: Tom Bombadil,ART-26,en,LTR,V2,,AMBIGUOUS,EXACT,718613,https://www.cardmarket.com/en/Magic/Products/Singles/The-Lord-of-the-Rings-Tales-of-Middle-earth-Extras/Art-Series-Tom-Bombadil-V2,MAGIC_ART_SERIES_MANUAL_WEB,"Prior provenance audit: EXACT_RECOVERED con unique idProduct. Cardmarket V.2 / LOTR Extras confirmado por página pública indexada; catálogo local readonly: único candidato compatible ART-26, Gold-Stamped, idProduct 718613. Provenance original: gold_stamp, EN, ART-26.",true,false,,Historical provenance issue retained; identity resolved; no approval/apply authorized.
99,Magic,Art Series: Uglúk of the White Hand,ART-27,en,LTR,V2,,AMBIGUOUS,EXACT,718614,https://www.cardmarket.com/en/Magic/Products/Singles/The-Lord-of-the-Rings-Tales-of-Middle-earth-Extras/Art-Series-Ugluk-of-the-White-Hand-V2,MAGIC_ART_SERIES_MANUAL_WEB,"Prior provenance audit: EXACT_RECOVERED con unique idProduct. Cardmarket V.2 / LOTR Extras confirmado por página pública indexada; catálogo local readonly: único candidato compatible ART-27, Gold-Stamped, idProduct 718614. Provenance original: gold_stamp, EN, ART-27.",true,false,,Historical provenance issue retained; identity resolved; no approval/apply authorized.
100,Magic,Art Series: Plains,ART-30,en,LTR,V2,,AMBIGUOUS,EXACT,718621,https://www.cardmarket.com/en/Magic/Products/Singles/The-Lord-of-the-Rings-Tales-of-Middle-earth-Extras/Art-Series-Plains-V2,MAGIC_ART_SERIES_MANUAL_WEB,"Prior provenance audit: EXACT_RECOVERED con unique idProduct. Cardmarket V.2 / LOTR Extras confirmado por página pública indexada; catálogo local readonly: único candidato compatible ART-30, Gold-Stamped, idProduct 718621. Provenance original: gold_stamp, EN, ART-30.",true,false,,Historical provenance issue retained; identity resolved; no approval/apply authorized.
101,Magic,Art Series: Mountain,ART-31,en,LTR,V2,,AMBIGUOUS,EXACT,718622,https://www.cardmarket.com/en/Magic/Products/Singles/The-Lord-of-the-Rings-Tales-of-Middle-earth-Extras/Art-Series-Mountain-V2,MAGIC_ART_SERIES_MANUAL_WEB,"Prior provenance audit: EXACT_RECOVERED con unique idProduct. Cardmarket V.2 / LOTR Extras confirmado por página pública indexada; catálogo local readonly: único candidato compatible ART-31, Gold-Stamped, idProduct 718622. Provenance original: gold_stamp, EN, ART-31.",true,false,,Historical provenance issue retained; identity resolved; no approval/apply authorized.
102,Magic,Art Series: Elanor Gardner,ART-32,en,LTR,V2,,AMBIGUOUS,EXACT,718625,https://www.cardmarket.com/en/Magic/Products/Singles/The-Lord-of-the-Rings-Tales-of-Middle-earth-Extras/Art-Series-Elanor-Gardner-V2,MAGIC_ART_SERIES_MANUAL_WEB,"Prior provenance audit: EXACT_RECOVERED con unique idProduct. Cardmarket V.2 / LOTR Extras confirmado por página pública indexada; catálogo local readonly: único candidato compatible ART-32, Gold-Stamped, idProduct 718625. Provenance original: gold_stamp, EN, ART-32.",true,false,,Historical provenance issue retained; identity resolved; no approval/apply authorized.
103,Magic,"Art Series: Aragorn and Arwen, Wed",ART-33,en,LTR,V2,,AMBIGUOUS,EXACT,718626,https://www.cardmarket.com/en/Magic/Products/Singles/The-Lord-of-the-Rings-Tales-of-Middle-earth-Extras/Art-Series-Aragorn-and-Arwen-Wed-V2,MAGIC_ART_SERIES_MANUAL_WEB,"Prior provenance audit: EXACT_RECOVERED con unique idProduct. Cardmarket V.2 / LOTR Extras confirmado por página pública indexada; catálogo local readonly: único candidato compatible ART-33, Gold-Stamped, idProduct 718626. Provenance original: gold_stamp, EN, ART-33.",true,false,,Historical provenance issue retained; identity resolved; no approval/apply authorized.
104,Magic,Art Series: Bilbo's Ring,ART-37,en,LTR,V2,,AMBIGUOUS,EXACT,718640,https://www.cardmarket.com/en/Magic/Products/Singles/The-Lord-of-the-Rings-Tales-of-Middle-earth-Extras/Art-Series-Bilbos-Ring-V2,MAGIC_ART_SERIES_MANUAL_WEB,"Prior provenance audit: EXACT_RECOVERED con unique idProduct. Cardmarket V.2 / LOTR Extras confirmado por página pública indexada; catálogo local readonly: único candidato compatible ART-37, Gold-Stamped, idProduct 718640. Provenance original: gold_stamp, EN, ART-37.",true,false,,Historical provenance issue retained; identity resolved; no approval/apply authorized.
105,Magic,"Art Series: Faramir, Field Commander",ART-38,en,LTR,V2,,AMBIGUOUS,EXACT,718643,https://www.cardmarket.com/en/Magic/Products/Singles/The-Lord-of-the-Rings-Tales-of-Middle-earth-Extras/Art-Series-Faramir-Field-Commander-V2,MAGIC_ART_SERIES_MANUAL_WEB,"Prior provenance audit: EXACT_RECOVERED con unique idProduct. Cardmarket V.2 / LOTR Extras confirmado por página pública indexada; catálogo local readonly: único candidato compatible ART-38, Gold-Stamped, idProduct 718643. Provenance original: gold_stamp, EN, ART-38.",true,false,,Historical provenance issue retained; identity resolved; no approval/apply authorized.
106,Magic,"Art Series: Elrond, Lord of Rivendell",ART-40,en,LTR,V2,,AMBIGUOUS,EXACT,718646,https://www.cardmarket.com/en/Magic/Products/Singles/The-Lord-of-the-Rings-Tales-of-Middle-earth-Extras/Art-Series-Elrond-Lord-of-Rivendell-V2,MAGIC_ART_SERIES_MANUAL_WEB,"Prior provenance audit: EXACT_RECOVERED con unique idProduct. Cardmarket V.2 / LOTR Extras confirmado por página pública indexada; catálogo local readonly: único candidato compatible ART-40, Gold-Stamped, idProduct 718646. Provenance original: gold_stamp, EN, ART-40.",true,false,,Historical provenance issue retained; identity resolved; no approval/apply authorized.
107,Magic,Art Series: Witch-king of Angmar,ART-43,en,LTR,V2,,AMBIGUOUS,EXACT,718652,https://www.cardmarket.com/en/Magic/Products/Singles/The-Lord-of-the-Rings-Tales-of-Middle-earth-Extras/Art-Series-Witch-king-of-Angmar-V2,MAGIC_ART_SERIES_MANUAL_WEB,"Prior provenance audit: EXACT_RECOVERED con unique idProduct. Cardmarket V.2 / LOTR Extras confirmado por página pública indexada; catálogo local readonly: único candidato compatible ART-43, Gold-Stamped, idProduct 718652. Provenance original: gold_stamp, EN, ART-43.",true,false,,Historical provenance issue retained; identity resolved; no approval/apply authorized.
108,Magic,Art Series: Frodo Baggins,ART-47,en,LTR,V4,,AMBIGUOUS,EXACT,718580,https://www.cardmarket.com/en/Magic/Products/Singles/The-Lord-of-the-Rings-Tales-of-Middle-earth-Extras/Art-Series-Frodo-Baggins-V4,MAGIC_ART_SERIES_MANUAL_WEB,"Prior provenance audit: EXACT_RECOVERED con unique idProduct. Decisión humana explícita: carta física Art Series Frodo Baggins A47/47 of 81, Gold-Stamped, Cardmarket V.4; catálogo local readonly: único producto compatible idProduct 718580. Provenance conflictiva A16g marcada como incorrecta; provenance_gap=true.",true,false,,A16g was conflicting provenance and is incorrect for this Collection item; provenance_gap=true retained.
109,Magic,Art Series: Galadriel of Lothlórien,ART-48,en,LTR,V2,,AMBIGUOUS,EXACT,718662,https://www.cardmarket.com/en/Magic/Products/Singles/The-Lord-of-the-Rings-Tales-of-Middle-earth-Extras/Art-Series-Galadriel-of-Lothlorien-V2,MAGIC_ART_SERIES_MANUAL_WEB,"Prior provenance audit: EXACT_RECOVERED con unique idProduct. Cardmarket V.2 / LOTR Extras confirmado por página pública indexada; catálogo local readonly: único candidato compatible ART-48, Gold-Stamped, idProduct 718662. Provenance original: gold_stamp, EN, ART-48.",true,false,,Historical provenance issue retained; identity resolved; no approval/apply authorized.
110,Magic,"Art Series: Merry, Esquire of Rohan",ART-50,en,LTR,V2,,AMBIGUOUS,EXACT,718666,https://www.cardmarket.com/en/Magic/Products/Singles/The-Lord-of-the-Rings-Tales-of-Middle-earth-Extras/Art-Series-Merry-Esquire-of-Rohan-V2,MAGIC_ART_SERIES_MANUAL_WEB,"Prior provenance audit: EXACT_RECOVERED con unique idProduct. Cardmarket V.2 / LOTR Extras confirmado por página pública indexada; catálogo local readonly: único candidato compatible ART-50, Gold-Stamped, idProduct 718666. Provenance original: gold_stamp, EN, ART-50.",true,false,,Historical provenance issue retained; identity resolved; no approval/apply authorized.
111,Magic,"Art Series: Pippin, Guard of the Citadel",ART-51,en,LTR,V2,,AMBIGUOUS,EXACT,718669,https://www.cardmarket.com/en/Magic/Products/Singles/The-Lord-of-the-Rings-Tales-of-Middle-earth-Extras/Art-Series-Pippin-Guard-of-the-Citadel-V2,MAGIC_ART_SERIES_MANUAL_WEB,"Prior provenance audit: EXACT_RECOVERED con unique idProduct. Cardmarket V.2 / LOTR Extras confirmado por página pública indexada; catálogo local readonly: único candidato compatible ART-51, Gold-Stamped, idProduct 718669. Provenance original: gold_stamp, EN, ART-51.",true,false,,Historical provenance issue retained; identity resolved; no approval/apply authorized.
112,Magic,Art Series: Mines of Moria,ART-56,en,LTR,V2,,AMBIGUOUS,EXACT,718683,https://www.cardmarket.com/en/Magic/Products/Singles/The-Lord-of-the-Rings-Tales-of-Middle-earth-Extras/Art-Series-Mines-of-Moria-V2,MAGIC_ART_SERIES_MANUAL_WEB,"Prior provenance audit: EXACT_RECOVERED con unique idProduct. Cardmarket V.2 / LOTR Extras confirmado por página pública indexada; catálogo local readonly: único candidato compatible ART-56, Gold-Stamped, idProduct 718683. Provenance original: gold_stamp, EN, ART-56.",true,false,,Historical provenance issue retained; identity resolved; no approval/apply authorized.
113,Magic,"Art Series: Aragorn, King of Gondor",ART-57,en,LTR,V2,,AMBIGUOUS,EXACT,718685,https://www.cardmarket.com/en/Magic/Products/Singles/The-Lord-of-the-Rings-Tales-of-Middle-earth-Extras/Art-Series-Aragorn-King-of-Gondor-V2,MAGIC_ART_SERIES_MANUAL_WEB,"Prior provenance audit: EXACT_RECOVERED con unique idProduct. Cardmarket V.2 / LOTR Extras confirmado por página pública indexada; catálogo local readonly: único candidato compatible ART-57, Gold-Stamped, idProduct 718685. Provenance original: gold_stamp, EN, ART-57.",true,false,,Historical provenance issue retained; identity resolved; no approval/apply authorized.
114,Magic,"Art Series: Gwaihir, Greatest of the Eagles",ART-59,en,LTR,V2,,AMBIGUOUS,EXACT,718693,https://www.cardmarket.com/en/Magic/Products/Singles/The-Lord-of-the-Rings-Tales-of-Middle-earth-Extras/Art-Series-Gwaihir-Greatest-of-the-Eagles-V2,MAGIC_ART_SERIES_MANUAL_WEB,"Prior provenance audit: EXACT_RECOVERED con unique idProduct. Cardmarket V.2 / LOTR Extras confirmado por página pública indexada; catálogo local readonly: único candidato compatible ART-59, Gold-Stamped, idProduct 718693. Provenance original: gold_stamp, EN, ART-59.",true,false,,Historical provenance issue retained; identity resolved; no approval/apply authorized.
115,Magic,Art Series: Call for Aid,ART-60,en,LTR,V2,,AMBIGUOUS,EXACT,718694,https://www.cardmarket.com/en/Magic/Products/Singles/The-Lord-of-the-Rings-Tales-of-Middle-earth-Extras/Art-Series-Call-for-Aid-V2,MAGIC_ART_SERIES_MANUAL_WEB,"Prior provenance audit: EXACT_RECOVERED con unique idProduct. Cardmarket V.2 / LOTR Extras confirmado por página pública indexada; catálogo local readonly: único candidato compatible ART-60, Gold-Stamped, idProduct 718694. Provenance original: gold_stamp, EN, ART-60.",true,false,,Historical provenance issue retained; identity resolved; no approval/apply authorized.
116,Magic,Art Series: Cavern-Hoard Dragon,ART-61,en,LTR,V2,,AMBIGUOUS,EXACT,718700,https://www.cardmarket.com/en/Magic/Products/Singles/The-Lord-of-the-Rings-Tales-of-Middle-earth-Extras/Art-Series-Cavern-Hoard-Dragon-V2,MAGIC_ART_SERIES_MANUAL_WEB,"Prior provenance audit: EXACT_RECOVERED con unique idProduct. Cardmarket V.2 / LOTR Extras confirmado por página pública indexada; catálogo local readonly: único candidato compatible ART-61, Gold-Stamped, idProduct 718700. Provenance original: gold_stamp, EN, ART-61.",true,false,,Historical provenance issue retained; identity resolved; no approval/apply authorized.
117,Magic,"Art Series: Gríma, Saruman's Footman",ART-63,en,LTR,V2,,AMBIGUOUS,EXACT,718708,https://www.cardmarket.com/en/Magic/Products/Singles/The-Lord-of-the-Rings-Tales-of-Middle-earth-Extras/Art-Series-Grima-Sarumans-Footman-V2,MAGIC_ART_SERIES_MANUAL_WEB,"Prior provenance audit: EXACT_RECOVERED con unique idProduct. Cardmarket V.2 / LOTR Extras confirmado por página pública indexada; catálogo local readonly: único candidato compatible ART-63, Gold-Stamped, idProduct 718708. Provenance original: gold_stamp, EN, ART-63.",true,false,,Historical provenance issue retained; identity resolved; no approval/apply authorized.
118,Magic,"Art Series: Merry, Warden of Isengard",ART-65,en,LTR,V2,,AMBIGUOUS,EXACT,718715,https://www.cardmarket.com/en/Magic/Products/Singles/The-Lord-of-the-Rings-Tales-of-Middle-earth-Extras/Art-Series-Merry-Warden-of-Isengard-V2,MAGIC_ART_SERIES_MANUAL_WEB,"Prior provenance audit: EXACT_RECOVERED con unique idProduct. Cardmarket V.2 / LOTR Extras confirmado por página pública indexada; catálogo local readonly: único candidato compatible ART-65, Gold-Stamped, idProduct 718715. Provenance original: gold_stamp, EN, ART-65.",true,false,,Historical provenance issue retained; identity resolved; no approval/apply authorized.
119,Magic,"Art Series: Treebeard, Gracious Host",ART-67,en,LTR,V2,,AMBIGUOUS,EXACT,718719,https://www.cardmarket.com/en/Magic/Products/Singles/The-Lord-of-the-Rings-Tales-of-Middle-earth-Extras/Art-Series-Treebeard-Gracious-Host-V2,MAGIC_ART_SERIES_MANUAL_WEB,"Prior provenance audit: EXACT_RECOVERED con unique idProduct. Cardmarket V.2 / LOTR Extras confirmado por página pública indexada; catálogo local readonly: único candidato compatible ART-67, Gold-Stamped, idProduct 718719. Provenance original: gold_stamp, EN, ART-67.",true,false,,Historical provenance issue retained; identity resolved; no approval/apply authorized.
120,Magic,Art Series: Asceticism,ART-72,en,LTR,V2,,AMBIGUOUS,EXACT,718740,https://www.cardmarket.com/en/Magic/Products/Singles/The-Lord-of-the-Rings-Tales-of-Middle-earth-Extras/Art-Series-Asceticism-V2,MAGIC_ART_SERIES_MANUAL_WEB,"Prior provenance audit: EXACT_RECOVERED con unique idProduct. Cardmarket V.2 / LOTR Extras confirmado por página pública indexada; catálogo local readonly: único candidato compatible ART-72, Gold-Stamped, idProduct 718740. Provenance original: gold_stamp, EN, ART-72.",true,false,,Historical provenance issue retained; identity resolved; no approval/apply authorized.
121,Magic,Art Series: Realm Seekers,ART-74,en,LTR,V2,,AMBIGUOUS,EXACT,718747,https://www.cardmarket.com/en/Magic/Products/Singles/The-Lord-of-the-Rings-Tales-of-Middle-earth-Extras/Art-Series-Realm-Seekers-V2,MAGIC_ART_SERIES_MANUAL_WEB,"Prior provenance audit: EXACT_RECOVERED con unique idProduct. Cardmarket V.2 / LOTR Extras confirmado por página pública indexada; catálogo local readonly: único candidato compatible ART-74, Gold-Stamped, idProduct 718747. Provenance original: gold_stamp, EN, ART-74.",true,false,,Historical provenance issue retained; identity resolved; no approval/apply authorized.
122,Magic,Art Series: Ghost Quarter,ART-78,en,LTR,V2,,AMBIGUOUS,EXACT,718757,https://www.cardmarket.com/en/Magic/Products/Singles/The-Lord-of-the-Rings-Tales-of-Middle-earth-Extras/Art-Series-Ghost-Quarter-V2,MAGIC_ART_SERIES_MANUAL_WEB,"Prior provenance audit: EXACT_RECOVERED con unique idProduct. Cardmarket V.2 / LOTR Extras confirmado por página pública indexada; catálogo local readonly: único candidato compatible ART-78, Gold-Stamped, idProduct 718757. Provenance original: gold_stamp, EN, ART-78.",true,false,,Historical provenance issue retained; identity resolved; no approval/apply authorized.
123,Magic,Art Series: Valley of Gorgoroth,ART-80,en,LTR,V2,,AMBIGUOUS,EXACT,718763,https://www.cardmarket.com/en/Magic/Products/Singles/The-Lord-of-the-Rings-Tales-of-Middle-earth-Extras/Art-Series-Valley-of-Gorgoroth-V2,MAGIC_ART_SERIES_MANUAL_WEB,"Prior provenance audit: EXACT_RECOVERED con unique idProduct. Cardmarket V.2 / LOTR Extras confirmado por página pública indexada; catálogo local readonly: único candidato compatible ART-80, Gold-Stamped, idProduct 718763. Provenance original: gold_stamp, EN, ART-80.",true,false,,Historical provenance issue retained; identity resolved; no approval/apply authorized.
124,Magic,"Art Series: Faramir, Steward of Gondor",ART-62,en,LTR,V2,,AMBIGUOUS,EXACT,718704,https://www.cardmarket.com/en/Magic/Products/Singles/The-Lord-of-the-Rings-Tales-of-Middle-earth-Extras/Art-Series-Faramir-Steward-of-Gondor-V2,MAGIC_ART_SERIES_MANUAL_WEB,"Prior provenance audit: EXACT_RECOVERED con unique idProduct. Cardmarket V.2 / LOTR Extras confirmado por página pública indexada; catálogo local readonly: único candidato compatible ART-62, Gold-Stamped, idProduct 718704. Provenance original: gold_stamp, EN, ART-62.",true,false,,Historical provenance issue retained; identity resolved; no approval/apply authorized.
125,Magic,Art Series: Nazgûl,ART-53,en,LTR,V2,,AMBIGUOUS,EXACT,718672,https://www.cardmarket.com/en/Magic/Products/Singles/The-Lord-of-the-Rings-Tales-of-Middle-earth-Extras/Art-Series-Nazgul-V2,MAGIC_ART_SERIES_MANUAL_WEB,"Prior provenance audit: EXACT_RECOVERED con unique idProduct. Cardmarket V.2 / LOTR Extras confirmado por página pública indexada; catálogo local readonly: único candidato compatible ART-53, Gold-Stamped, idProduct 718672. Provenance original: gold_stamp, EN, ART-53.",true,false,,Historical provenance issue retained; identity resolved; no approval/apply authorized.
126,Magic,"Art Series: Sauron, the Dark Lord",ART-21,en,LTR,V2,,AMBIGUOUS,EXACT,718602,https://www.cardmarket.com/en/Magic/Products/Singles/The-Lord-of-the-Rings-Tales-of-Middle-earth-Extras/Art-Series-Sauron-the-Dark-Lord-V2,MAGIC_ART_SERIES_MANUAL_WEB,"Prior provenance audit: EXACT_RECOVERED con unique idProduct. Cardmarket V.2 / LOTR Extras confirmado por página pública indexada; catálogo local readonly: único candidato compatible ART-21, Gold-Stamped, idProduct 718602. Provenance original: gold_stamp, EN, ART-21.",true,false,,Historical provenance issue retained; identity resolved; no approval/apply authorized.
127,Magic,"Art Series: Éowyn, Fearless Knight",ART-15,en,LTR,V2,,AMBIGUOUS,EXACT,718577,https://www.cardmarket.com/en/Magic/Products/Singles/The-Lord-of-the-Rings-Tales-of-Middle-earth-Extras/Art-Series-Eowyn-Fearless-Knight-V2,MAGIC_ART_SERIES_MANUAL_WEB,"Prior provenance audit: EXACT_RECOVERED con unique idProduct. Cardmarket V.2 / LOTR Extras confirmado por página pública indexada; catálogo local readonly: único candidato compatible ART-15, Gold-Stamped, idProduct 718577. Provenance original: gold_stamp, EN, ART-15.",true,false,,Historical provenance issue retained; identity resolved; no approval/apply authorized.
128,Magic,Art Series: Samwise Gamgee,ART-19,en,LTR,V2,,AMBIGUOUS,EXACT,718671,https://www.cardmarket.com/en/Magic/Products/Singles/The-Lord-of-the-Rings-Tales-of-Middle-earth-Extras/Art-Series-Samwise-Gamgee-V2,MAGIC_ART_SERIES_MANUAL_WEB,"Prior provenance audit: EXACT_RECOVERED con unique idProduct. Decisión humana explícita: carta física Art Series Samwise Gamgee A19/19 of 81, Gold-Stamped, Cardmarket V.2; catálogo local readonly: único producto compatible idProduct 718671. Provenance conflictiva A52g marcada como incorrecta; provenance_gap=true.",true,false,,A52g was conflicting provenance and is incorrect for this Collection item; provenance_gap=true retained.
129,Magic,King of the Oathbreakers,780,en,LTR,Extended Art Foil Surge Foil Booster Fun,,EXACT,EXACT,738025,https://www.cardmarket.com/en/Magic/Products?idProduct=738025,MAGIC_PRE_EXISTING_EXACT,Pre-existing collection audit status EXACT; unique stored/resolved idProduct retained. No price used for identity.,false,false,,Pre-existing exact identity retained without production changes.
130,Magic,Radagast the Brown,776,en,LTR,Extended Art Foil Surge Foil Booster Fun,,EXACT,EXACT,738021,https://www.cardmarket.com/en/Magic/Products?idProduct=738021,MAGIC_PRE_EXISTING_EXACT,Pre-existing collection audit status EXACT; unique stored/resolved idProduct retained. No price used for identity.,false,false,,Pre-existing exact identity retained without production changes.
131,Magic,Art Series: Gandalf the White,ART-3,en,LTR,V2,,AMBIGUOUS,EXACT,718547,https://www.cardmarket.com/en/Magic/Products/Singles/The-Lord-of-the-Rings-Tales-of-Middle-earth-Extras/Art-Series-Gandalf-the-White-V2,MAGIC_ART_SERIES_MANUAL_WEB,"Prior provenance audit: EXACT_RECOVERED con unique idProduct. Cardmarket V.2 / LOTR Extras confirmado por página pública indexada; catálogo local readonly: único candidato compatible ART-3, Gold-Stamped, idProduct 718547. Provenance original: gold_stamp, EN, ART-3.",true,false,,Historical provenance issue retained; identity resolved; no approval/apply authorized.
133,One Piece,Borsalino,OP05-051,jp,OP05,V1,,WEB_RULE_CANDIDATE,EXACT,733344,https://www.cardmarket.com/en/OnePiece/Products/Singles/Awakening-of-the-New-Era-Japanese/Borsalino-OP05-051-V1,ONE_PIECE_OPXX_JP_LANGUAGE_FAMILY,Validated language-family convention: 6/6 matches. JP + exact name/card number/set selects Japanese/Non-English family; no price used.,false,false,,EN candidate rejected by language family; Japanese/Non-English family selected.
134,One Piece,Dracule Mihawk,OP01-070,jp,OP01,V2,,WEB_RULE_CANDIDATE,EXACT,768325,https://www.cardmarket.com/en/OnePiece/Products/Singles/Romance-Dawn-Japanese/Dracule-Mihawk-OP01-070-V2,OP01_JP_V2_PARALLEL_FIXED_REPRINT,"Blueprint 244585 exact: Alternate Art | Fixed Reprint, release 3332; OP01-070 + JP + V2 agrees. No price used.",false,false,,Candidate 690897 EN rejected; selected 768325 OP01-JP V2.
135,One Piece,Dracule Mihawk,OP01-070,jp,OP01,PENDING,,LIKELY_PHYSICAL_CONFIRMATION,PHYSICAL_CONFIRMATION_REQUIRED,,,PENDING_PHYSICAL_CONFIRMATION,Missing physical version/printing attribute cannot be proven from local text/catalogue. No price used.,false,true,"Mirar frente y dorso: confirmar Fixed Reprint, leer marcador de errata/copyright y decir si corresponde V1 o V2. No decidir por precio.","JP: 768324 OP01-JP V1 https://www.cardmarket.com/en/OnePiece/Products/Singles/Romance-Dawn-Japanese/Dracule-Mihawk-OP01-070-V1; 768359 OP01-JP V2 https://www.cardmarket.com/en/OnePiece/Products/Singles/Romance-Dawn-Japanese/Dracule-Mihawk-OP01-070-V2. EN: 690896 V1, 690930 V2."
136,One Piece,Yamato,OP13-054,jp,OP13,V1,,WEB_RULE_CANDIDATE,EXACT,857251,https://www.cardmarket.com/en/OnePiece/Products/Singles/Carrying-on-his-Will-Non-English/Yamato-OP13-054-V1,ONE_PIECE_OPXX_JP_LANGUAGE_FAMILY,Validated language-family convention: 6/6 matches. JP + exact name/card number/set selects Japanese/Non-English family; no price used.,false,false,,EN candidate rejected by language family; Japanese/Non-English family selected.
137,One Piece,Lilith,OP13-113,jp,OP13,V2,,WEB_RULE_CANDIDATE,EXACT,857331,https://www.cardmarket.com/en/OnePiece/Products/Singles/Carrying-on-his-Will-Non-English/Lilith-OP13-113-V2,ONE_PIECE_OPXX_JP_LANGUAGE_FAMILY,Validated language-family convention: 6/6 matches. JP + exact name/card number/set selects Japanese/Non-English family; no price used.,false,false,,EN candidate rejected by language family; Japanese/Non-English family selected.
138,One Piece,Monkey.D.Luffy,EB02-061A,jp,EB02,V2,,INDIVIDUAL_WEB_RESOLUTION,EXACT,808172,https://www.cardmarket.com/en/OnePiece/Products/Singles/Anime-25th-Collection-Japanese/MonkeyDLuffy-EB02-061-V2,EB02_061A_EXACT,"Blueprint 330432 exact: Secret Rare | Alternate Art, release 4123; EB02-061A protected as EB02 (not PRB02), JP, V2. Unique 808172; no price used.",false,false,,Historical 823516 was regular EB02/EN V2 and lost suffix A/release specificity; this caused the historical ~EUR 200 mismatch. PRB02 explicitly rejected.
139,One Piece,Rob Lucci,OP05-093,jp,OP05,V2,,WEB_RULE_CANDIDATE,EXACT,733430,https://www.cardmarket.com/en/OnePiece/Products/Singles/Awakening-of-the-New-Era-Japanese/Rob-Lucci-OP05-093-V2,ONE_PIECE_OPXX_JP_LANGUAGE_FAMILY,Validated language-family convention: 6/6 matches. JP + exact name/card number/set selects Japanese/Non-English family; no price used.,false,false,,EN candidate rejected by language family; Japanese/Non-English family selected.
140,One Piece,X.Drake,OP05-055,jp,OP05,V2,,WEB_RULE_CANDIDATE,EXACT,733352,https://www.cardmarket.com/en/OnePiece/Products/Singles/Awakening-of-the-New-Era-Japanese/X-Drake-OP05-055-V2,ONE_PIECE_OPXX_JP_LANGUAGE_FAMILY,Validated language-family convention: 6/6 matches. JP + exact name/card number/set selects Japanese/Non-English family; no price used.,false,false,,EN candidate rejected by language family; Japanese/Non-English family selected.
141,One Piece,Cavendish,OP01-008,jp,OP01,PENDING,,LIKELY_PHYSICAL_CONFIRMATION,PHYSICAL_CONFIRMATION_REQUIRED,,,PENDING_PHYSICAL_CONFIRMATION,Missing physical version/printing attribute cannot be proven from local text/catalogue. No price used.,false,true,"Mirar el tratamiento y origen: confirmar Box Topper, no Demo Decks, y distinguir V1 o V2 por texto/copyright. Responder: Item 141: Box Topper V2.","JP: 768246 OP01-JP V1 https://www.cardmarket.com/en/OnePiece/Products/Singles/Romance-Dawn-Japanese/Cavendish-OP01-008-V1; 768247 OP01-JP V2 https://www.cardmarket.com/en/OnePiece/Products/Singles/Romance-Dawn-Japanese/Cavendish-OP01-008-V2; Demo: 874414 https://www.cardmarket.com/en/OnePiece/Products/Singles/Demo-Decks/Cavendish-OP01-008. EN: 690802 V1, 690804 V2."
142,One Piece,Gol.D.Roger,OP13-064,jp,OP13,V1,,WEB_RULE_CANDIDATE,EXACT,857262,https://www.cardmarket.com/en/OnePiece/Products/Singles/Carrying-on-his-Will-Non-English/GolDRoger-OP13-064-V1,ONE_PIECE_OPXX_JP_LANGUAGE_FAMILY,Validated language-family convention: 6/6 matches. JP + exact name/card number/set selects Japanese/Non-English family; no price used.,false,false,,EN candidate rejected by language family; Japanese/Non-English family selected.
143,One Piece,Nefeltari Vivi,EB02-026,jp,EB02,V1,,WEB_RULE_CANDIDATE,EXACT,808127,https://www.cardmarket.com/en/OnePiece/Products/Singles/Anime-25th-Collection-Japanese/Nefeltari-Vivi-EB02-026-V1,ONE_PIECE_OPXX_JP_LANGUAGE_FAMILY,Validated language-family convention: 6/6 matches. JP + exact name/card number/set selects Japanese/Non-English family; no price used.,false,false,,EN candidate rejected by language family; Japanese/Non-English family selected.
144,One Piece,S-Snake,OP08-112,jp,OP08,V1,,WEB_RULE_CANDIDATE,EXACT,771756,https://www.cardmarket.com/en/OnePiece/Products/Singles/Two-Legends-Non-English/S-Snake-OP08-112-V1,ONE_PIECE_OPXX_JP_LANGUAGE_FAMILY,Validated language-family convention: 6/6 matches. JP + exact name/card number/set selects Japanese/Non-English family; no price used.,false,false,,EN candidate rejected by language family; Japanese/Non-English family selected.
145,One Piece,Koala,OP05-006,jp,OP05,V1,,WEB_RULE_CANDIDATE,EXACT,733281,https://www.cardmarket.com/en/OnePiece/Products/Singles/Awakening-of-the-New-Era-Japanese/Koala-OP05-006-V1,ONE_PIECE_OPXX_JP_LANGUAGE_FAMILY,Validated language-family convention: 6/6 matches. JP + exact name/card number/set selects Japanese/Non-English family; no price used.,false,false,,EN candidate rejected by language family; Japanese/Non-English family selected.
146,One Piece,Monkey.D.Luffy,OP01-024,jp,OP01,V1,,WEB_RULE_CANDIDATE,EXACT,768265,https://www.cardmarket.com/en/OnePiece/Products/Singles/Romance-Dawn-Japanese/MonkeyDLuffy-OP01-024-V1,ONE_PIECE_OPXX_JP_LANGUAGE_FAMILY,Validated language-family convention: 6/6 matches. JP + exact name/card number/set selects Japanese/Non-English family; no price used.,false,false,,EN candidate rejected by language family; Japanese/Non-English family selected.
147,One Piece,Yamato,EB02-006,jp,EB02,V1,,WEB_RULE_CANDIDATE,EXACT,808101,https://www.cardmarket.com/en/OnePiece/Products/Singles/Anime-25th-Collection-Japanese/Yamato-EB02-006-V1,ONE_PIECE_OPXX_JP_LANGUAGE_FAMILY,Validated language-family convention: 6/6 matches. JP + exact name/card number/set selects Japanese/Non-English family; no price used.,false,false,,EN candidate rejected by language family; Japanese/Non-English family selected.
148,One Piece,Pica,OP05-032,jp,OP05,V1,,WEB_RULE_CANDIDATE,EXACT,733317,https://www.cardmarket.com/en/OnePiece/Products/Singles/Awakening-of-the-New-Era-Japanese/Pica-OP05-032-V1,ONE_PIECE_OPXX_JP_LANGUAGE_FAMILY,Validated language-family convention: 6/6 matches. JP + exact name/card number/set selects Japanese/Non-English family; no price used.,false,false,,EN candidate rejected by language family; Japanese/Non-English family selected.
149,One Piece,Kin'emon,OP01-040,jp,OP01,V1,,WEB_RULE_CANDIDATE,EXACT,768285,https://www.cardmarket.com/en/OnePiece/Products/Singles/Romance-Dawn-Japanese/Kinemon-OP01-040-V1,ONE_PIECE_OPXX_JP_LANGUAGE_FAMILY,Validated language-family convention: 6/6 matches. JP + exact name/card number/set selects Japanese/Non-English family; no price used.,false,false,,EN candidate rejected by language family; Japanese/Non-English family selected.
150,One Piece,Trafalgar Law,EB02-045,jp,EB02,V1,,WEB_RULE_CANDIDATE,EXACT,808150,https://www.cardmarket.com/en/OnePiece/Products/Singles/Anime-25th-Collection-Japanese/Trafalgar-Law-EB02-045-V1,ONE_PIECE_OPXX_JP_LANGUAGE_FAMILY,Validated language-family convention: 6/6 matches. JP + exact name/card number/set selects Japanese/Non-English family; no price used.,false,false,,EN candidate rejected by language family; Japanese/Non-English family selected.
151,One Piece,Uta,OP13-023,jp,OP13,V1,,WEB_RULE_CANDIDATE,EXACT,857215,https://www.cardmarket.com/en/OnePiece/Products/Singles/Carrying-on-his-Will-Non-English/Uta-OP13-023-V1,ONE_PIECE_OPXX_JP_LANGUAGE_FAMILY,Validated language-family convention: 6/6 matches. JP + exact name/card number/set selects Japanese/Non-English family; no price used.,false,false,,EN candidate rejected by language family; Japanese/Non-English family selected.
152,One Piece,Trafalgar Law,P-038,jp,PROMO,,Promos-Japanese,INDIVIDUAL_WEB_RESOLUTION,EXACT,722798,https://www.cardmarket.com/en/OnePiece/Products/Singles/Promos-Japanese/Trafalgar-Law-P-038,PROMO_P038_JP_FAMILY,Blueprint 256657 exact release 3324; P-038 + JP selects unique Promos-Japanese 722798. STP and English families rejected; no price used.,false,false,,Unique promo family resolution; candidate 722798 retained.
153,One Piece,Stussy,OP13-110,jp,OP13,V1,,WEB_RULE_CANDIDATE,EXACT,857326,https://www.cardmarket.com/en/OnePiece/Products/Singles/Carrying-on-his-Will-Non-English/Stussy-OP13-110-V1,ONE_PIECE_OPXX_JP_LANGUAGE_FAMILY,Validated language-family convention: 6/6 matches. JP + exact name/card number/set selects Japanese/Non-English family; no price used.,false,false,,EN candidate rejected by language family; Japanese/Non-English family selected.
154,One Piece,King,OP01-096,jp,OP01,PENDING,,LIKELY_PHYSICAL_CONFIRMATION,PHYSICAL_CONFIRMATION_REQUIRED,,,PENDING_PHYSICAL_CONFIRMATION,Missing physical version/printing attribute cannot be proven from local text/catalogue. No price used.,false,true,"Mirar frente y dorso: confirmar Fixed Reprint y el texto/copyright de errata, distinguir V1 o V2 y descartar OP01E Pre-Errata. Responder: Item 154: Fixed Reprint V2.","JP: 768358 OP01-JP V1 https://www.cardmarket.com/en/OnePiece/Products/Singles/Romance-Dawn-Japanese/King-OP01-096-V1; 768359 OP01-JP V2 https://www.cardmarket.com/en/OnePiece/Products/Singles/Romance-Dawn-Japanese/King-OP01-096-V2. EN: 690929 V1, 690930 V2."
155,One Piece,Rebecca,OP05-091,jp,OP05,V1,,WEB_RULE_CANDIDATE,EXACT,733426,https://www.cardmarket.com/en/OnePiece/Products/Singles/Awakening-of-the-New-Era-Japanese/Rebecca-OP05-091-V1,ONE_PIECE_OPXX_JP_LANGUAGE_FAMILY,Validated language-family convention: 6/6 matches. JP + exact name/card number/set selects Japanese/Non-English family; no price used.,false,false,,EN candidate rejected by language family; Japanese/Non-English family selected.
