collection_item_id,printing_id,game,card_name,set,card_number,collector_number,language,variant,finish,treatment,candidate_cardmarket_product_id,candidate_product_name,candidate_expansion,evidence,proposed_status,row_hash,approved,selected_cardmarket_product_id,manifest_id
133,17163,one_piece,Borsalino,op05,OP05-051,OP05-051,jp,Base,,,733344|747506,Borsalino (OP05-051)|Borsalino (OP05-051),5481|5426,"{""external_provenance"": [{""exact_language"": false, ""id"": 733344, ""metadata"": {""allowed_languages"": [""en"", ""jp"", ""zh-CN"", ""kr"", ""fr""]}, ""scope"": ""mixed""}, {""exact_language"": false, ""id"": 747506, ""metadata"": {""allowed_languages"": [""en"", ""jp"", ""zh-CN"", ""kr"", ""fr""]}, ""scope"": ""mixed""}], ""scryfall_cardmarket_id"": null, ""stored_ids"": [733344, 747506], ""validated_stored_ids"": [733344, 747506]} Manual approval: validated OPxx=EN and OPxx-JP/Non-English=JP convention; selected JP product 733344; no price used.",EXACT,024f82f87db0459203031d1e0a023d60de7668cdd3b0f428082083d2d8330426,true,733344,54189435f777e9746d116ff2e4e83ab5071dc63465a645a923edce2b1307fb2c
134,15439,one_piece,Dracule Mihawk,op01,OP01-070,OP01-070,jp,Alternate Art | Fixed Reprint,,,690897|768325,Dracule Mihawk (OP01-070)|Dracule Mihawk (OP01-070),5229|5484,"{""external_provenance"": [{""exact_language"": false, ""id"": 690897, ""metadata"": {""allowed_languages"": [""en"", ""jp"", ""zh-CN"", ""kr"", ""fr""]}, ""scope"": ""mixed""}, {""exact_language"": false, ""id"": 768325, ""metadata"": {""allowed_languages"": [""en"", ""jp"", ""zh-CN"", ""kr"", ""fr""]}, ""scope"": ""mixed""}], ""scryfall_cardmarket_id"": null, ""stored_ids"": [690897, 768325], ""validated_stored_ids"": [690897, 768325]} Manual approval: Blueprint 244585 exact; JP OP01 V2 Alternate Art | Fixed Reprint; selected 768325.",EXACT,b035242a5fc6f6a0a59909c99b90531b4937297b954b93137217f33ed9934286,true,768325,54189435f777e9746d116ff2e4e83ab5071dc63465a645a923edce2b1307fb2c
135,15437,one_piece,Dracule Mihawk,op01,OP01-070,OP01-070,jp,Fixed Reprint,,,690896|768324,Dracule Mihawk (OP01-070)|Dracule Mihawk (OP01-070),5229|5484,"{""external_provenance"": [{""exact_language"": false, ""id"": 690896, ""metadata"": {""allowed_languages"": [""en"", ""jp"", ""zh-CN"", ""kr"", ""fr""]}, ""scope"": ""mixed""}, {""exact_language"": false, ""id"": 768324, ""metadata"": {""allowed_languages"": [""en"", ""jp"", ""zh-CN"", ""kr"", ""fr""]}, ""scope"": ""mixed""}], ""scryfall_cardmarket_id"": null, ""stored_ids"": [690896, 768324], ""validated_stored_ids"": [690896, 768324]} Manual physical confirmation: JP OP01 V1 base Fixed Reprint; selected 768324.",EXACT,b48a2f52f17118175bc9cfe87881b59e398ab7fbc64ac520e7b58d8ba0be983a,true,768324,54189435f777e9746d116ff2e4e83ab5071dc63465a645a923edce2b1307fb2c
136,22263,one_piece,Yamato,op13,OP13-054,OP13-054,jp,Base,,,845324|857251,Yamato (OP13-054)|Yamato (OP13-054),6277|6187,"{""external_provenance"": [{""exact_language"": false, ""id"": 845324, ""metadata"": {""allowed_languages"": [""en"", ""jp"", ""zh-CN"", ""kr"", ""fr""]}, ""scope"": ""mixed""}, {""exact_language"": false, ""id"": 857251, ""metadata"": {""allowed_languages"": [""en"", ""jp"", ""zh-CN"", ""kr"", ""fr""]}, ""scope"": ""mixed""}], ""scryfall_cardmarket_id"": null, ""stored_ids"": [845324, 857251], ""validated_stored_ids"": [845324, 857251]} Manual approval: validated OPxx=EN and OPxx-JP/Non-English=JP convention; selected JP product 857251; no price used.",EXACT,1c1abdbf60264719a6847e76be66e4c1aaf40fa08db4fdbd16985e55f7f68048,true,857251,54189435f777e9746d116ff2e4e83ab5071dc63465a645a923edce2b1307fb2c
137,22215,one_piece,Lilith,op13,OP13-113,OP13-113,jp,Alternate Art,,,845665|857331,Lilith (OP13-113)|Lilith (OP13-113),6277|6187,"{""external_provenance"": [{""exact_language"": false, ""id"": 845665, ""metadata"": {""allowed_languages"": [""en"", ""jp"", ""zh-CN"", ""kr"", ""fr""]}, ""scope"": ""mixed""}, {""exact_language"": false, ""id"": 857331, ""metadata"": {""allowed_languages"": [""en"", ""jp"", ""zh-CN"", ""kr"", ""fr""]}, ""scope"": ""mixed""}], ""scryfall_cardmarket_id"": null, ""stored_ids"": [845665, 857331], ""validated_stored_ids"": [845665, 857331]} Manual approval: validated OPxx=EN and OPxx-JP/Non-English=JP convention; selected JP product 857331; no price used.",EXACT,ee32202adc00b14678fd961d609ffa77819887ef5831b0824d87a35e6b2a4897,true,857331,54189435f777e9746d116ff2e4e83ab5071dc63465a645a923edce2b1307fb2c
138,21131,one_piece,Monkey.D.Luffy,eb-02,EB02-061A,EB02-061A,jp,Secret Rare | Alternate Art,,,808171|808172|808173|823515|823516|823517|838704|838705|852319|852320,Monkey.D.Luffy (EB02-061)|Monkey.D.Luffy (EB02-061)|Monkey.D.Luffy (EB02-061)|Monkey.D.Luffy (EB02-061)|Monkey.D.Luffy (EB02-061)|Monkey.D.Luffy (EB02-061)|Monkey.D.Luffy (EB02-061)|Monkey.D.Luffy (EB02-061)|Monkey.D.Luffy (EB02-061)|Monkey.D.Luffy (EB02-061),6018|6018|6018|6028|6028|6028|6233|6233|6242|6242,"{""diagnostic_candidates"": [808171, 808172, 808173, 823515, 823516, 823517, 838704, 838705, 852319, 852320], ""external_provenance"": [{""exact_language"": false, ""id"": 823516, ""metadata"": {""allowed_languages"": [""en"", ""jp"", ""zh-CN"", ""kr"", ""fr""]}, ""scope"": ""mixed""}], ""mismatch_reasons"": [""wrong_cardmarket_id""], ""scryfall_cardmarket_id"": null, ""stored_ids"": [823516], ""validated_stored_ids"": [823516]} Manual approval: EB02-061A remains EB02 JP V2; PRB02 rejected; selected 808172.",EXACT,8c7a66d01031dfa7c35caefd80773d568ac07a3e937abf5aee30e4e269a41a91,true,808172,54189435f777e9746d116ff2e4e83ab5071dc63465a645a923edce2b1307fb2c
139,17143,one_piece,Rob Lucci,op05,OP05-093,OP05-093,jp,093 | Alternate Art,,,733430|747782,Rob Lucci (OP05-093)|Rob Lucci (OP05-093),5481|5426,"{""external_provenance"": [{""exact_language"": false, ""id"": 733430, ""metadata"": {""allowed_languages"": [""en"", ""jp"", ""zh-CN"", ""kr"", ""fr""]}, ""scope"": ""mixed""}, {""exact_language"": false, ""id"": 747782, ""metadata"": {""allowed_languages"": [""en"", ""jp"", ""zh-CN"", ""kr"", ""fr""]}, ""scope"": ""mixed""}], ""scryfall_cardmarket_id"": null, ""stored_ids"": [733430, 747782], ""validated_stored_ids"": [733430, 747782]} Manual approval: validated OPxx=EN and OPxx-JP/Non-English=JP convention; selected JP product 733430; no price used.",EXACT,533359a991fc455f4bc993f1ead70f75eb4c7ee18e30c5e31f2a1347e3f27d36,true,733430,54189435f777e9746d116ff2e4e83ab5071dc63465a645a923edce2b1307fb2c
140,17185,one_piece,X.Drake,op05,OP05-055,OP05-055,jp,Alternate Art,,,733352|747512,X.Drake (OP05-055)|X.Drake (OP05-055),5481|5426,"{""external_provenance"": [{""exact_language"": false, ""id"": 733352, ""metadata"": {""allowed_languages"": [""en"", ""jp"", ""zh-CN"", ""kr"", ""fr""]}, ""scope"": ""mixed""}, {""exact_language"": false, ""id"": 747512, ""metadata"": {""allowed_languages"": [""en"", ""jp"", ""zh-CN"", ""kr"", ""fr""]}, ""scope"": ""mixed""}], ""scryfall_cardmarket_id"": null, ""stored_ids"": [733352, 747512], ""validated_stored_ids"": [733352, 747512]} Manual approval: validated OPxx=EN and OPxx-JP/Non-English=JP convention; selected JP product 733352; no price used.",EXACT,e29c771815d7af8f9326f420e555dbb45e1dc177caae4340734d2e64b6d06788,true,733352,54189435f777e9746d116ff2e4e83ab5071dc63465a645a923edce2b1307fb2c
141,15290,one_piece,Cavendish,op01,OP01-008,OP01-008,jp,Box Topper,,,690804|768247,Cavendish (OP01-008)|Cavendish (OP01-008),5229|5484,"{""external_provenance"": [{""exact_language"": false, ""id"": 690804, ""metadata"": {""allowed_languages"": [""en"", ""jp"", ""zh-CN"", ""kr"", ""fr""]}, ""scope"": ""mixed""}, {""exact_language"": false, ""id"": 768247, ""metadata"": {""allowed_languages"": [""en"", ""jp"", ""zh-CN"", ""kr"", ""fr""]}, ""scope"": ""mixed""}], ""scryfall_cardmarket_id"": null, ""stored_ids"": [690804, 768247], ""validated_stored_ids"": [690804, 768247]} Manual physical confirmation: JP OP01 Box Topper V2; selected 768247.",EXACT,5c666693891e7d37079a616686dd69b00c2282e192958034def9858836d54b75,true,768247,54189435f777e9746d116ff2e4e83ab5071dc63465a645a923edce2b1307fb2c
142,22265,one_piece,Gol.D.Roger,op13,OP13-064,OP13-064,jp,Base,,,845596|857262,Gol.D.Roger (OP13-064)|Gol.D.Roger (OP13-064),6277|6187,"{""external_provenance"": [{""exact_language"": false, ""id"": 845596, ""metadata"": {""allowed_languages"": [""en"", ""jp"", ""zh-CN"", ""kr"", ""fr""]}, ""scope"": ""mixed""}, {""exact_language"": false, ""id"": 857262, ""metadata"": {""allowed_languages"": [""en"", ""jp"", ""zh-CN"", ""kr"", ""fr""]}, ""scope"": ""mixed""}], ""scryfall_cardmarket_id"": null, ""stored_ids"": [845596, 857262], ""validated_stored_ids"": [845596, 857262]} Manual approval: validated OPxx=EN and OPxx-JP/Non-English=JP convention; selected JP product 857262; no price used.",EXACT,ad5a11a8dab068da2a15c643bda5b78333b5f13d1dc585d84a81a7c104401dc5,true,857262,54189435f777e9746d116ff2e4e83ab5071dc63465a645a923edce2b1307fb2c
143,21085,one_piece,Nefeltari Vivi,eb-02,EB02-026,EB02-026,jp,Base,,,823455|808127,Nefeltari Vivi (EB02-026)|Nefeltari Vivi (EB02-026),6028|6018,"{""external_provenance"": [{""exact_language"": false, ""id"": 823455, ""metadata"": {""allowed_languages"": [""en"", ""jp"", ""zh-CN"", ""kr"", ""fr""]}, ""scope"": ""mixed""}], ""scryfall_cardmarket_id"": null, ""stored_ids"": [823455], ""validated_stored_ids"": [823455]} Manual approval: validated OPxx=EN and OPxx-JP/Non-English=JP convention; selected JP product 808127; no price used.",EXACT,587050cb975ead53c29bde56887db9a360568f7e26eaaaa7ae77a48729ca2403,true,808127,54189435f777e9746d116ff2e4e83ab5071dc63465a645a923edce2b1307fb2c
144,19531,one_piece,S-Snake,op08,OP08-112,OP08-112,jp,Base,,,771756|788021,S-Snake (OP08-112)|S-Snake (OP08-112),5744|5610,"{""external_provenance"": [{""exact_language"": false, ""id"": 771756, ""metadata"": {""allowed_languages"": [""en"", ""jp"", ""zh-CN"", ""kr"", ""fr""]}, ""scope"": ""mixed""}, {""exact_language"": false, ""id"": 788021, ""metadata"": {""allowed_languages"": [""en"", ""jp"", ""zh-CN"", ""kr"", ""fr""]}, ""scope"": ""mixed""}], ""scryfall_cardmarket_id"": null, ""stored_ids"": [771756, 788021], ""validated_stored_ids"": [771756, 788021]} Manual approval: validated OPxx=EN and OPxx-JP/Non-English=JP convention; selected JP product 771756; no price used.",EXACT,59d31526c9bc64d3a550919b97ab57428c11afda25ac53be11e5cc0a776e5cb4,true,771756,54189435f777e9746d116ff2e4e83ab5071dc63465a645a923edce2b1307fb2c
145,17141,one_piece,Koala,op05,OP05-006,OP05-006,jp,Base,,,733281|747444,Koala (OP05-006)|Koala (OP05-006),5481|5426,"{""external_provenance"": [{""exact_language"": false, ""id"": 733281, ""metadata"": {""allowed_languages"": [""en"", ""jp"", ""zh-CN"", ""kr"", ""fr""]}, ""scope"": ""mixed""}, {""exact_language"": false, ""id"": 747444, ""metadata"": {""allowed_languages"": [""en"", ""jp"", ""zh-CN"", ""kr"", ""fr""]}, ""scope"": ""mixed""}], ""scryfall_cardmarket_id"": null, ""stored_ids"": [733281, 747444], ""validated_stored_ids"": [733281, 747444]} Manual approval: validated OPxx=EN and OPxx-JP/Non-English=JP convention; selected JP product 733281; no price used.",EXACT,5a1e691c5f48796af2f8fd47ae703576ca60ade2a6fecfdbf228d63cc8b81ca2,true,733281,54189435f777e9746d116ff2e4e83ab5071dc63465a645a923edce2b1307fb2c
146,15326,one_piece,Monkey.D.Luffy,op01,OP01-024,OP01-024,jp,Base,,,690823|768265,Monkey.D.Luffy (OP01-024)|Monkey.D.Luffy (OP01-024),5229|5484,"{""external_provenance"": [{""exact_language"": false, ""id"": 690823, ""metadata"": {""allowed_languages"": [""en"", ""jp"", ""zh-CN"", ""kr"", ""fr""]}, ""scope"": ""mixed""}, {""exact_language"": false, ""id"": 768265, ""metadata"": {""allowed_languages"": [""en"", ""jp"", ""zh-CN"", ""kr"", ""fr""]}, ""scope"": ""mixed""}], ""scryfall_cardmarket_id"": null, ""stored_ids"": [690823, 768265], ""validated_stored_ids"": [690823, 768265]} Manual approval: validated OPxx=EN and OPxx-JP/Non-English=JP convention; selected JP product 768265; no price used.",EXACT,9acfb8953e2b7e72dfb1f1cf7b629b182000fc82f9450bf77dc24df4ca330fbf,true,768265,54189435f777e9746d116ff2e4e83ab5071dc63465a645a923edce2b1307fb2c
147,21059,one_piece,Yamato,eb-02,EB02-006,EB02-006,jp,Base,,,823429|808101,Yamato (EB02-006)|Yamato (EB02-006),6028|6018,"{""external_provenance"": [{""exact_language"": false, ""id"": 823429, ""metadata"": {""allowed_languages"": [""en"", ""jp"", ""zh-CN"", ""kr"", ""fr""]}, ""scope"": ""mixed""}], ""scryfall_cardmarket_id"": null, ""stored_ids"": [823429], ""validated_stored_ids"": [823429]} Manual approval: validated OPxx=EN and OPxx-JP/Non-English=JP convention; selected JP product 808101; no price used.",EXACT,31dc34e7ac7221a3262a335ed1959efbb3429489cea6975d30f23375b81b333c,true,808101,54189435f777e9746d116ff2e4e83ab5071dc63465a645a923edce2b1307fb2c
148,17335,one_piece,Pica,op05,OP05-032,OP05-032,jp,Base,,,733317|747476,Pica (OP05-032)|Pica (OP05-032),5481|5426,"{""external_provenance"": [{""exact_language"": false, ""id"": 733317, ""metadata"": {""allowed_languages"": [""en"", ""jp"", ""zh-CN"", ""kr"", ""fr""]}, ""scope"": ""mixed""}, {""exact_language"": false, ""id"": 747476, ""metadata"": {""allowed_languages"": [""en"", ""jp"", ""zh-CN"", ""kr"", ""fr""]}, ""scope"": ""mixed""}], ""scryfall_cardmarket_id"": null, ""stored_ids"": [733317, 747476], ""validated_stored_ids"": [733317, 747476]} Manual approval: validated OPxx=EN and OPxx-JP/Non-English=JP convention; selected JP product 733317; no price used.",EXACT,35adcd8cb5ace0706af58c9f72b0f0dad8fcf01ec76bacf7f35c77c08e930a45,true,733317,54189435f777e9746d116ff2e4e83ab5071dc63465a645a923edce2b1307fb2c
149,15366,one_piece,Kin'emon,op01,OP01-040,OP01-040,jp,Base,,,690844|768285,Kin'emon (OP01-040)|Kin'emon (OP01-040),5229|5484,"{""external_provenance"": [{""exact_language"": false, ""id"": 690844, ""metadata"": {""allowed_languages"": [""en"", ""jp"", ""zh-CN"", ""kr"", ""fr""]}, ""scope"": ""mixed""}, {""exact_language"": false, ""id"": 768285, ""metadata"": {""allowed_languages"": [""en"", ""jp"", ""zh-CN"", ""kr"", ""fr""]}, ""scope"": ""mixed""}], ""scryfall_cardmarket_id"": null, ""stored_ids"": [690844, 768285], ""validated_stored_ids"": [690844, 768285]} Manual approval: validated OPxx=EN and OPxx-JP/Non-English=JP convention; selected JP product 768285; no price used.",EXACT,b06929a4a82880a4d61258f3d6a422f185b81527151a44b287f10a72c62b4e55,true,768285,54189435f777e9746d116ff2e4e83ab5071dc63465a645a923edce2b1307fb2c
150,21108,one_piece,Trafalgar Law,eb-02,EB02-045,EB02-045,jp,Base,,,823481|808150,Trafalgar Law (EB02-045)|Trafalgar Law (EB02-045),6028|6018,"{""external_provenance"": [{""exact_language"": false, ""id"": 823481, ""metadata"": {""allowed_languages"": [""en"", ""jp"", ""zh-CN"", ""kr"", ""fr""]}, ""scope"": ""mixed""}], ""scryfall_cardmarket_id"": null, ""stored_ids"": [823481], ""validated_stored_ids"": [823481]} Manual approval: validated OPxx=EN and OPxx-JP/Non-English=JP convention; selected JP product 808150; no price used.",EXACT,59a21c16e1f70cb8f9660402f9e13d3f8541b2a2bae80c5dc072b3e382e3b6b7,true,808150,54189435f777e9746d116ff2e4e83ab5071dc63465a645a923edce2b1307fb2c
151,22257,one_piece,Uta,op13,OP13-023,OP13-023,jp,Base,,,845271|857215,Uta (OP13-023)|Uta (OP13-023),6277|6187,"{""external_provenance"": [{""exact_language"": false, ""id"": 845271, ""metadata"": {""allowed_languages"": [""en"", ""jp"", ""zh-CN"", ""kr"", ""fr""]}, ""scope"": ""mixed""}, {""exact_language"": false, ""id"": 857215, ""metadata"": {""allowed_languages"": [""en"", ""jp"", ""zh-CN"", ""kr"", ""fr""]}, ""scope"": ""mixed""}], ""scryfall_cardmarket_id"": null, ""stored_ids"": [845271, 857215], ""validated_stored_ids"": [845271, 857215]} Manual approval: validated OPxx=EN and OPxx-JP/Non-English=JP convention; selected JP product 857215; no price used.",EXACT,cb9677be29e0645d37201ab7ca21066df9b669da281eb17fa3fea9cd3d73f633,true,857215,54189435f777e9746d116ff2e4e83ab5071dc63465a645a923edce2b1307fb2c
152,14625,one_piece,Trafalgar Law,promo,P-038,P-038,jp,Base,,,722798,Trafalgar Law (P-038),5511,"{""external_provenance"": [{""exact_language"": false, ""id"": 722798, ""metadata"": {""allowed_languages"": [""en"", ""jp"", ""zh-CN"", ""kr"", ""fr""]}, ""scope"": ""mixed""}], ""scryfall_cardmarket_id"": null, ""stored_ids"": [722798], ""validated_stored_ids"": [722798]} Manual approval: JP P-038 promo family; selected 722798.",EXACT,091c25ddf0a33deb7feb4fd5c865be03b8bf2df77d1ff8ce7183fb29f2ea4481,true,722798,54189435f777e9746d116ff2e4e83ab5071dc63465a645a923edce2b1307fb2c
153,22273,one_piece,Stussy,op13,OP13-110,OP13-110,jp,Base,,,845660|857326,Stussy (OP13-110)|Stussy (OP13-110),6277|6187,"{""external_provenance"": [{""exact_language"": false, ""id"": 845660, ""metadata"": {""allowed_languages"": [""en"", ""jp"", ""zh-CN"", ""kr"", ""fr""]}, ""scope"": ""mixed""}, {""exact_language"": false, ""id"": 857326, ""metadata"": {""allowed_languages"": [""en"", ""jp"", ""zh-CN"", ""kr"", ""fr""]}, ""scope"": ""mixed""}], ""scryfall_cardmarket_id"": null, ""stored_ids"": [845660, 857326], ""validated_stored_ids"": [845660, 857326]} Manual approval: validated OPxx=EN and OPxx-JP/Non-English=JP convention; selected JP product 857326; no price used.",EXACT,69493ebb33b2bc35ceef7ad33e692980b795b9824772a6a9022211613ef5e8b6,true,857326,54189435f777e9746d116ff2e4e83ab5071dc63465a645a923edce2b1307fb2c
154,15505,one_piece,King,op01,OP01-096,OP01-096,jp,Fixed Reprint,,,690930|768359,King (OP01-096)|King (OP01-096),5229|5484,"{""external_provenance"": [{""exact_language"": false, ""id"": 690929, ""metadata"": {""allowed_languages"": [""en"", ""jp"", ""zh-CN"", ""kr"", ""fr""]}, ""scope"": ""mixed""}, {""exact_language"": false, ""id"": 768358, ""metadata"": {""allowed_languages"": [""en"", ""jp"", ""zh-CN"", ""kr"", ""fr""]}, ""scope"": ""mixed""}], ""scryfall_cardmarket_id"": null, ""stored_ids"": [690929, 768358], ""validated_stored_ids"": [690929, 768358]} Manual physical confirmation: target local printing 15505, JP OP01-096 Alternate Art | Fixed Reprint V2; base 15503 and other families rejected; selected 768359.",EXACT,2d569c65aa9b09cb4cd4ffd9b8c3dbd8f81eafa236e47de179d0eff81718e3a6,true,768359,54189435f777e9746d116ff2e4e83ab5071dc63465a645a923edce2b1307fb2c
155,17179,one_piece,Rebecca,op05,OP05-091,OP05-091,jp,Base,,,733426|747775,Rebecca (OP05-091)|Rebecca (OP05-091),5481|5426,"{""external_provenance"": [{""exact_language"": false, ""id"": 733426, ""metadata"": {""allowed_languages"": [""en"", ""jp"", ""zh-CN"", ""kr"", ""fr""]}, ""scope"": ""mixed""}, {""exact_language"": false, ""id"": 747775, ""metadata"": {""allowed_languages"": [""en"", ""jp"", ""zh-CN"", ""kr"", ""fr""]}, ""scope"": ""mixed""}], ""scryfall_cardmarket_id"": null, ""stored_ids"": [733426, 747775], ""validated_stored_ids"": [733426, 747775]} Manual approval: validated OPxx=EN and OPxx-JP/Non-English=JP convention; selected JP product 733426; no price used.",EXACT,1d11ac79eb6f9d6e72be8f8c15b4a3620afbafbc4890ee5280021902b6581507,true,733426,54189435f777e9746d116ff2e4e83ab5071dc63465a645a923edce2b1307fb2c
34,12872,magic,"Frodo, Sauron's Bane",ltr,304,304,en,Showcase,foil,Showcase,701765,,,"{""ambiguity_reasons"": [""unproven_treatment""], ""external_provenance"": [], ""scryfall_cardmarket_id"": 701765, ""stored_ids"": [701765], ""validated_stored_ids"": [701765]} Manual approval: EXACT_RECOVERED; provenance_gap=true retained.",EXACT,a31fe3bc3dabaf7f816bdc3b9f49f77f4ad7990c989e51eb89271dc650febf73,true,701765,54189435f777e9746d116ff2e4e83ab5071dc63465a645a923edce2b1307fb2c
41,12896,magic,"Aragorn, Company Leader",ltr,316,316,en,Showcase,foil,Showcase,717763,,,"{""ambiguity_reasons"": [""unproven_treatment""], ""external_provenance"": [], ""scryfall_cardmarket_id"": 717763, ""stored_ids"": [717763], ""validated_stored_ids"": [717763]} Manual approval: EXACT_RECOVERED; provenance_gap=true retained.",EXACT,051962090755ddf4472f88f7cc1cfc1c33e652bf1a9efa64935fc58e44baa4fc,true,717763,54189435f777e9746d116ff2e4e83ab5071dc63465a645a923edce2b1307fb2c
42,12898,magic,"Aragorn, the Uniter",ltr,317,317,en,Showcase,foil,Showcase,716022,,,"{""ambiguity_reasons"": [""unproven_treatment""], ""external_provenance"": [], ""scryfall_cardmarket_id"": 716022, ""stored_ids"": [716022], ""validated_stored_ids"": [716022]} Manual approval: EXACT_RECOVERED; provenance_gap=true retained.",EXACT,356bcf5fbad109587460c2acd2ae3b8c40f66711ac4c0c32eb2fa700fc75f5de,true,716022,54189435f777e9746d116ff2e4e83ab5071dc63465a645a923edce2b1307fb2c
46,13804,magic,"Gimli, Mournful Avenger",ltr,815,815,en,Surge Foil,foil,Surge Foil,737034,,,"{""ambiguity_reasons"": [""unproven_treatment""], ""external_provenance"": [], ""scryfall_cardmarket_id"": 737034, ""stored_ids"": [737034], ""validated_stored_ids"": [737034]} Manual approval: EXACT_RECOVERED; provenance_gap=true retained.",EXACT,688191736c0d4e5cdc2ae18c135f05899d10000c0a9e492105db2a6055c9a319,true,737034,54189435f777e9746d116ff2e4e83ab5071dc63465a645a923edce2b1307fb2c
47,12868,magic,"Boromir, Warden of the Tower",ltr,302,302,en,Showcase,foil,Showcase,716042,,,"{""ambiguity_reasons"": [""unproven_treatment""], ""external_provenance"": [], ""scryfall_cardmarket_id"": 716042, ""stored_ids"": [716042], ""validated_stored_ids"": [716042]} Manual approval: EXACT_RECOVERED; provenance_gap=true retained.",EXACT,412ee466088c841502d180c783a0243dbee9ab3b2932bb8f174087f11896369d,true,716042,54189435f777e9746d116ff2e4e83ab5071dc63465a645a923edce2b1307fb2c
65,13505,magic,Shortcut to Mushrooms,ltr,638,638,en,Showcase,foil,Showcase,717004|738134,|,|,"{""external_provenance"": [], ""mapped_ids"": [717004], ""mapping_conflicts_with_scryfall_id"": true, ""scryfall_cardmarket_id"": 738134, ""stored_ids"": [717004, 738134], ""validated_stored_ids"": [717004, 738134]} Manual approval: EXACT_RECOVERED; provenance_gap=true retained.",EXACT,c982f445d6d401b35649b34891beeddccd028b16b94f03f1293633254b289364,true,738134,54189435f777e9746d116ff2e4e83ab5071dc63465a645a923edce2b1307fb2c
70,13211,magic,The Bath Song,ltr,491,491,en,Showcase,foil,Showcase,716138|737570|737571,||,||,"{""external_provenance"": [], ""mapped_ids"": [716138, 737570], ""mapping_conflicts_with_scryfall_id"": true, ""scryfall_cardmarket_id"": 737571, ""stored_ids"": [716138, 737570, 737571], ""validated_stored_ids"": [716138, 737570, 737571]} Manual approval: EXACT_RECOVERED; provenance_gap=true retained.",EXACT,2a7eac198d772f486c93fd194e2d1b9b445ca20670ff6dbb1c4aa21f952ecbb3,true,737571,54189435f777e9746d116ff2e4e83ab5071dc63465a645a923edce2b1307fb2c
82,13101,magic,"Gimli, Mournful Avenger",ltr,436,436,en,Scene,foil,Scene,716059,,,"{""ambiguity_reasons"": [""unproven_treatment""], ""external_provenance"": [], ""scryfall_cardmarket_id"": 716059, ""stored_ids"": [716059], ""validated_stored_ids"": [716059]} Manual approval: EXACT_RECOVERED; provenance_gap=true retained.",EXACT,31fd10aa764d603b59cceae85cf6a71e42eb323e6a3b43b7ab93f2b1f7e423a8,true,716059,54189435f777e9746d116ff2e4e83ab5071dc63465a645a923edce2b1307fb2c
84,545,magic,Art Series: Fog on the Barrow-Downs,ltr,ART-2,ART-2,en,Art Series,nonfoil,Art Series Gold-Stamped,718546,,,"{""ambiguity_reasons"": [""unproven_treatment""], ""external_provenance"": [], ""scryfall_cardmarket_id"": null, ""stored_ids"": [718546], ""validated_stored_ids"": [718546]} Manual approval: EXACT_RECOVERED; provenance_gap=true retained.",EXACT,d8a29302fb023d1e3da996c563f382aca98f2da24d8ec3581db77ffec9b15c91,true,718546,54189435f777e9746d116ff2e4e83ab5071dc63465a645a923edce2b1307fb2c
86,553,magic,"Art Series: Goldberry, River-Daughter",ltr,ART-6,ART-6,en,Art Series,nonfoil,Art Series Gold-Stamped,718554,,,"{""ambiguity_reasons"": [""unproven_treatment""], ""external_provenance"": [], ""scryfall_cardmarket_id"": null, ""stored_ids"": [718554], ""validated_stored_ids"": [718554]} Manual approval: EXACT_RECOVERED; provenance_gap=true retained.",EXACT,8c6948f6ec39f66c2a16a442b1720c9463f0b867ac11b48f69b2885b3aff5de2,true,718554,54189435f777e9746d116ff2e4e83ab5071dc63465a645a923edce2b1307fb2c
87,554,magic,Art Series: The Watcher in the Water,ltr,ART-7,ART-7,en,Art Series,nonfoil,Art Series Gold-Stamped,718555,,,"{""ambiguity_reasons"": [""unproven_treatment""], ""external_provenance"": [], ""scryfall_cardmarket_id"": null, ""stored_ids"": [718555], ""validated_stored_ids"": [718555]} Manual approval: EXACT_RECOVERED; provenance_gap=true retained.",EXACT,43e70eb06c91fb76397513339d4557ebe73c15f497eba913966b1f56d9273a75,true,718555,54189435f777e9746d116ff2e4e83ab5071dc63465a645a923edce2b1307fb2c
88,558,magic,Art Series: Éomer of the Riddermark,ltr,ART-9,ART-9,en,Art Series,nonfoil,Art Series Gold-Stamped,718559,,,"{""ambiguity_reasons"": [""unproven_treatment""], ""external_provenance"": [], ""scryfall_cardmarket_id"": null, ""stored_ids"": [718559], ""validated_stored_ids"": [718559]} Manual approval: EXACT_RECOVERED; provenance_gap=true retained.",EXACT,77937edfeed0884063dc556106fad9daf593e9f0c5231b2a5cf334a4b085a446,true,718559,54189435f777e9746d116ff2e4e83ab5071dc63465a645a923edce2b1307fb2c
89,560,magic,"Art Series: Gimli, Counter of Kills",ltr,ART-10,ART-10,en,Gold-Stamped,nonfoil,Art Series Gold-Stamped,718561,,,"{""ambiguity_reasons"": [""unproven_treatment""], ""external_provenance"": [], ""scryfall_cardmarket_id"": null, ""stored_ids"": [718561], ""validated_stored_ids"": [718561]} Manual approval: EXACT_RECOVERED; provenance_gap=true retained.",EXACT,4480a8ed617afda95fc51b1f07e9c3ecc0f0428b17c1ee5f501e531b20fd7014,true,718561,54189435f777e9746d116ff2e4e83ab5071dc63465a645a923edce2b1307fb2c
90,562,magic,Art Series: Generous Ent,ltr,ART-11,ART-11,en,Art Series,nonfoil,Art Series Gold-Stamped,718563,,,"{""ambiguity_reasons"": [""unproven_treatment""], ""external_provenance"": [], ""scryfall_cardmarket_id"": null, ""stored_ids"": [718563], ""validated_stored_ids"": [718563]} Manual approval: EXACT_RECOVERED; provenance_gap=true retained.",EXACT,16e272cbad84611929efb6114a3004ef3a0af72435bec2fe8fa15e9151abb982,true,718563,54189435f777e9746d116ff2e4e83ab5071dc63465a645a923edce2b1307fb2c
91,565,magic,Art Series: Mirrormere Guardian,ltr,ART-12,ART-12,en,Art Series,nonfoil,Art Series Gold-Stamped,718566|718565,|,|,"{""ambiguity_reasons"": [""unproven_treatment""], ""external_provenance"": [], ""scryfall_cardmarket_id"": null, ""stored_ids"": [718566], ""validated_stored_ids"": [718566]} Manual approval: EXACT_RECOVERED; provenance_gap=true retained.",EXACT,bc807258021331133c55aa3bb8275aa1b6e1761e768d899413f3fb452d7f5b38,true,718565,54189435f777e9746d116ff2e4e83ab5071dc63465a645a923edce2b1307fb2c
92,569,magic,"Art Series: Bilbo, Retired Burglar",ltr,ART-14,ART-14,en,Art Series,nonfoil,Art Series Gold-Stamped,718575,,,"{""ambiguity_reasons"": [""unproven_treatment""], ""external_provenance"": [], ""scryfall_cardmarket_id"": null, ""stored_ids"": [718575], ""validated_stored_ids"": [718575]} Manual approval: EXACT_RECOVERED; provenance_gap=true retained.",EXACT,f468dc90744cd129000a71f0dcbef856c9cbd548af34deb96b7dca1278c37bb7,true,718575,54189435f777e9746d116ff2e4e83ab5071dc63465a645a923edce2b1307fb2c
93,574,magic,"Art Series: Legolas, Counter of Kills",ltr,ART-17,ART-17,en,Art Series,nonfoil,Art Series Gold-Stamped,718582,,,"{""ambiguity_reasons"": [""unproven_treatment""], ""external_provenance"": [], ""scryfall_cardmarket_id"": null, ""stored_ids"": [718582], ""validated_stored_ids"": [718582]} Manual approval: EXACT_RECOVERED; provenance_gap=true retained.",EXACT,e6658ae734f8a5a9dbefa02a0514edd6021b385f116faa3323b195bb2afb3564,true,718582,54189435f777e9746d116ff2e4e83ab5071dc63465a645a923edce2b1307fb2c
94,581,magic,Art Series: Saruman of Many Colors,ltr,ART-20,ART-20,en,Art Series,nonfoil,Art Series Gold-Stamped,718601,,,"{""ambiguity_reasons"": [""unproven_treatment""], ""external_provenance"": [], ""scryfall_cardmarket_id"": null, ""stored_ids"": [718601], ""validated_stored_ids"": [718601]} Manual approval: EXACT_RECOVERED; provenance_gap=true retained.",EXACT,15ba21eb6fdfda9becef4db2fcfc895f69818d32b7450eb713a083a6ad24b6f1,true,718601,54189435f777e9746d116ff2e4e83ab5071dc63465a645a923edce2b1307fb2c
95,585,magic,"Art Series: Sharkey, Tyrant of the Shire",ltr,ART-22,ART-22,en,Art Series,nonfoil,Art Series Gold-Stamped,718605,,,"{""ambiguity_reasons"": [""unproven_treatment""], ""external_provenance"": [], ""scryfall_cardmarket_id"": null, ""stored_ids"": [718605], ""validated_stored_ids"": [718605]} Manual approval: EXACT_RECOVERED; provenance_gap=true retained.",EXACT,f5a7bee6a231f80f6943aa79495c4e5aa5f3a686f931b8486313bcef1bcb8e06,true,718605,54189435f777e9746d116ff2e4e83ab5071dc63465a645a923edce2b1307fb2c
96,586,magic,"Art Series: Shelob, Child of Ungoliant",ltr,ART-23,ART-23,en,Art Series,nonfoil,Art Series Gold-Stamped,718606,,,"{""ambiguity_reasons"": [""unproven_treatment""], ""external_provenance"": [], ""scryfall_cardmarket_id"": null, ""stored_ids"": [718606], ""validated_stored_ids"": [718606]} Manual approval: EXACT_RECOVERED; provenance_gap=true retained.",EXACT,34a7c19f004a34f7517c0b541e02e087fd754ce4ffa1f8bbadb3148f40c7e971,true,718606,54189435f777e9746d116ff2e4e83ab5071dc63465a645a923edce2b1307fb2c
97,590,magic,"Art Series: Théoden, King of Rohan",ltr,ART-25,ART-25,en,Art Series,nonfoil,Art Series Gold-Stamped,718610,,,"{""ambiguity_reasons"": [""unproven_treatment""], ""external_provenance"": [], ""scryfall_cardmarket_id"": null, ""stored_ids"": [718610], ""validated_stored_ids"": [718610]} Manual approval: EXACT_RECOVERED; provenance_gap=true retained.",EXACT,2a428a07898400586a323587974c7eb24bbc0f89574902706ad6de0e978f6454,true,718610,54189435f777e9746d116ff2e4e83ab5071dc63465a645a923edce2b1307fb2c
98,593,magic,Art Series: Tom Bombadil,ltr,ART-26,ART-26,en,Art Series,nonfoil,Art Series Gold-Stamped,718613,,,"{""ambiguity_reasons"": [""unproven_treatment""], ""external_provenance"": [], ""scryfall_cardmarket_id"": null, ""stored_ids"": [718613], ""validated_stored_ids"": [718613]} Manual approval: EXACT_RECOVERED; provenance_gap=true retained.",EXACT,4812c5c75a62c08f4f3073a627c621305b8f8f25f46ec8de3fcee53c5badb622,true,718613,54189435f777e9746d116ff2e4e83ab5071dc63465a645a923edce2b1307fb2c
99,594,magic,Art Series: Uglúk of the White Hand,ltr,ART-27,ART-27,en,Art Series,nonfoil,Art Series Gold-Stamped,718614,,,"{""ambiguity_reasons"": [""unproven_treatment""], ""external_provenance"": [], ""scryfall_cardmarket_id"": null, ""stored_ids"": [718614], ""validated_stored_ids"": [718614]} Manual approval: EXACT_RECOVERED; provenance_gap=true retained.",EXACT,0e209abe9b259ca444941c40417095c701e1ff936b9dd3e73acc44c7093f5784,true,718614,54189435f777e9746d116ff2e4e83ab5071dc63465a645a923edce2b1307fb2c
100,601,magic,Art Series: Plains,ltr,ART-30,ART-30,en,Art Series,nonfoil,Art Series Gold-Stamped,718621,,,"{""ambiguity_reasons"": [""unproven_treatment""], ""external_provenance"": [], ""scryfall_cardmarket_id"": null, ""stored_ids"": [718621], ""validated_stored_ids"": [718621]} Manual approval: EXACT_RECOVERED; provenance_gap=true retained.",EXACT,15e5161752f7f020de7cbee14db9b5a49e010b809755962860d23565e3dad7ed,true,718621,54189435f777e9746d116ff2e4e83ab5071dc63465a645a923edce2b1307fb2c
101,602,magic,Art Series: Mountain,ltr,ART-31,ART-31,en,Art Series,nonfoil,Art Series Gold-Stamped,718622,,,"{""ambiguity_reasons"": [""unproven_treatment""], ""external_provenance"": [], ""scryfall_cardmarket_id"": null, ""stored_ids"": [718622], ""validated_stored_ids"": [718622]} Manual approval: EXACT_RECOVERED; provenance_gap=true retained.",EXACT,8ee68fd70acd0f3a8719cd73646fc693ce73165ee1e1a7c2c219b25193b338f9,true,718622,54189435f777e9746d116ff2e4e83ab5071dc63465a645a923edce2b1307fb2c
102,605,magic,Art Series: Elanor Gardner,ltr,ART-32,ART-32,en,Art Series,nonfoil,Art Series Gold-Stamped,718625,,,"{""ambiguity_reasons"": [""unproven_treatment""], ""external_provenance"": [], ""scryfall_cardmarket_id"": null, ""stored_ids"": [718625], ""validated_stored_ids"": [718625]} Manual approval: EXACT_RECOVERED; provenance_gap=true retained.",EXACT,282a15359d239f62bfe2e2ef793d35a7e202604f346ab4a0de1c13bfc6a1a780,true,718625,54189435f777e9746d116ff2e4e83ab5071dc63465a645a923edce2b1307fb2c
103,606,magic,"Art Series: Aragorn and Arwen, Wed",ltr,ART-33,ART-33,en,Art Series,nonfoil,Art Series Gold-Stamped,718626,,,"{""ambiguity_reasons"": [""unproven_treatment""], ""external_provenance"": [], ""scryfall_cardmarket_id"": null, ""stored_ids"": [718626], ""validated_stored_ids"": [718626]} Manual approval: EXACT_RECOVERED; provenance_gap=true retained.",EXACT,de2c37922a0c5191b7d0c7c8ab3bc833397968688766882da5913379f3a4d1be,true,718626,54189435f777e9746d116ff2e4e83ab5071dc63465a645a923edce2b1307fb2c
104,614,magic,Art Series: Bilbo's Ring,ltr,ART-37,ART-37,en,Art Series,nonfoil,Art Series Gold-Stamped,718640,,,"{""ambiguity_reasons"": [""unproven_treatment""], ""external_provenance"": [], ""scryfall_cardmarket_id"": null, ""stored_ids"": [718640], ""validated_stored_ids"": [718640]} Manual approval: EXACT_RECOVERED; provenance_gap=true retained.",EXACT,e4fa702caf5aaf17fe4bbe3d2a2b400af1513aa989fece48fdc5b45482e8054e,true,718640,54189435f777e9746d116ff2e4e83ab5071dc63465a645a923edce2b1307fb2c
105,617,magic,"Art Series: Faramir, Field Commander",ltr,ART-38,ART-38,en,Art Series,nonfoil,Art Series Gold-Stamped,718643,,,"{""ambiguity_reasons"": [""unproven_treatment""], ""external_provenance"": [], ""scryfall_cardmarket_id"": null, ""stored_ids"": [718643], ""validated_stored_ids"": [718643]} Manual approval: EXACT_RECOVERED; provenance_gap=true retained.",EXACT,36d3e1b007b40502ce0d775e90645fb116f41ae4d009c11615c34facb4164d63,true,718643,54189435f777e9746d116ff2e4e83ab5071dc63465a645a923edce2b1307fb2c
106,620,magic,"Art Series: Elrond, Lord of Rivendell",ltr,ART-40,ART-40,en,Art Series,nonfoil,Art Series Gold-Stamped,718646,,,"{""ambiguity_reasons"": [""unproven_treatment""], ""external_provenance"": [], ""scryfall_cardmarket_id"": null, ""stored_ids"": [718646], ""validated_stored_ids"": [718646]} Manual approval: EXACT_RECOVERED; provenance_gap=true retained.",EXACT,9f25aafc303fe05528c607796a5400c0be4a2336204b90f976e729f25cb56d83,true,718646,54189435f777e9746d116ff2e4e83ab5071dc63465a645a923edce2b1307fb2c
107,626,magic,Art Series: Witch-king of Angmar,ltr,ART-43,ART-43,en,Gold-Stamped,nonfoil,Art Series Gold-Stamped,718652,,,"{""ambiguity_reasons"": [""unproven_treatment""], ""external_provenance"": [], ""scryfall_cardmarket_id"": null, ""stored_ids"": [718652], ""validated_stored_ids"": [718652]} Manual approval: EXACT_RECOVERED; provenance_gap=true retained.",EXACT,0d35ed38aba9dcb35bc04a15b2a68da3737a7454ae60fbe4198f356ef92d781b,true,718652,54189435f777e9746d116ff2e4e83ab5071dc63465a645a923edce2b1307fb2c
108,572,magic,Art Series: Frodo Baggins,ltr,ART-47,ART-47,en,Gold-Stamped,nonfoil,Art Series Gold-Stamped,718580,,,"{""ambiguity_reasons"": [""unproven_treatment""], ""external_provenance"": [], ""scryfall_cardmarket_id"": null, ""stored_ids"": [718580], ""validated_stored_ids"": [718580]} Manual approval: EXACT_RECOVERED; provenance_gap=true retained. A16g recorded as conflicting provenance and incorrect for this Collection item.",EXACT,7ab715f0f0f5aa2a07c0c4aac99b1a8fb875d71cfe4003ba17889deb0bcaca02,true,718580,54189435f777e9746d116ff2e4e83ab5071dc63465a645a923edce2b1307fb2c
109,636,magic,Art Series: Galadriel of Lothlórien,ltr,ART-48,ART-48,en,Art Series,nonfoil,Art Series Gold-Stamped,718662,,,"{""ambiguity_reasons"": [""unproven_treatment""], ""external_provenance"": [], ""scryfall_cardmarket_id"": null, ""stored_ids"": [718662], ""validated_stored_ids"": [718662]} Manual approval: EXACT_RECOVERED; provenance_gap=true retained.",EXACT,0a3318d827e8c2901afe6ad27eb0043b2df29d05614cbf61d63a40af27ef7bf6,true,718662,54189435f777e9746d116ff2e4e83ab5071dc63465a645a923edce2b1307fb2c
110,640,magic,"Art Series: Merry, Esquire of Rohan",ltr,ART-50,ART-50,en,Art Series,nonfoil,Art Series Gold-Stamped,718666,,,"{""ambiguity_reasons"": [""unproven_treatment""], ""external_provenance"": [], ""scryfall_cardmarket_id"": null, ""stored_ids"": [718666], ""validated_stored_ids"": [718666]} Manual approval: EXACT_RECOVERED; provenance_gap=true retained.",EXACT,6cc805c1cf5cbf96127a806de70dc29fefe3b3a0f58553f9f483a23f8bacbf79,true,718666,54189435f777e9746d116ff2e4e83ab5071dc63465a645a923edce2b1307fb2c
111,643,magic,"Art Series: Pippin, Guard of the Citadel",ltr,ART-51,ART-51,en,Art Series,nonfoil,Art Series Gold-Stamped,718669,,,"{""ambiguity_reasons"": [""unproven_treatment""], ""external_provenance"": [], ""scryfall_cardmarket_id"": null, ""stored_ids"": [718669], ""validated_stored_ids"": [718669]} Manual approval: EXACT_RECOVERED; provenance_gap=true retained.",EXACT,9ed10f44051de2799f4981c45a0e5a68468c7a36af25847c0c2a66803976c41f,true,718669,54189435f777e9746d116ff2e4e83ab5071dc63465a645a923edce2b1307fb2c
112,653,magic,Art Series: Mines of Moria,ltr,ART-56,ART-56,en,Art Series,nonfoil,Art Series Gold-Stamped,718683,,,"{""ambiguity_reasons"": [""unproven_treatment""], ""external_provenance"": [], ""scryfall_cardmarket_id"": null, ""stored_ids"": [718683], ""validated_stored_ids"": [718683]} Manual approval: EXACT_RECOVERED; provenance_gap=true retained.",EXACT,e78c4e50d75908062897b90bd214b7c5a05e7fe576e2eded6123630abfee4d97,true,718683,54189435f777e9746d116ff2e4e83ab5071dc63465a645a923edce2b1307fb2c
113,654,magic,"Art Series: Aragorn, King of Gondor",ltr,ART-57,ART-57,en,Art Series,nonfoil,Art Series Gold-Stamped,718685,,,"{""ambiguity_reasons"": [""unproven_treatment""], ""external_provenance"": [], ""scryfall_cardmarket_id"": null, ""stored_ids"": [718685], ""validated_stored_ids"": [718685]} Manual approval: EXACT_RECOVERED; provenance_gap=true retained.",EXACT,f51f4bb59687d58075c5eb3d07797d72d7dbdd5fa79dd7e6044f8bacf56293f1,true,718685,54189435f777e9746d116ff2e4e83ab5071dc63465a645a923edce2b1307fb2c
114,659,magic,"Art Series: Gwaihir, Greatest of the Eagles",ltr,ART-59,ART-59,en,Art Series,nonfoil,Art Series Gold-Stamped,718693,,,"{""ambiguity_reasons"": [""unproven_treatment""], ""external_provenance"": [], ""scryfall_cardmarket_id"": null, ""stored_ids"": [718693], ""validated_stored_ids"": [718693]} Manual approval: EXACT_RECOVERED; provenance_gap=true retained.",EXACT,2c66b711012ae1d6b7c637d1d99c2851a5037106778e66dbd33b19f78562ebb6,true,718693,54189435f777e9746d116ff2e4e83ab5071dc63465a645a923edce2b1307fb2c
115,660,magic,Art Series: Call for Aid,ltr,ART-60,ART-60,en,Art Series,nonfoil,Art Series Gold-Stamped,718694,,,"{""ambiguity_reasons"": [""unproven_treatment""], ""external_provenance"": [], ""scryfall_cardmarket_id"": null, ""stored_ids"": [718694], ""validated_stored_ids"": [718694]} Manual approval: EXACT_RECOVERED; provenance_gap=true retained.",EXACT,6ee3fd6fc3866b598f8a6bc14d650ae573f006ccae412780351d5802004a923e,true,718694,54189435f777e9746d116ff2e4e83ab5071dc63465a645a923edce2b1307fb2c
116,663,magic,Art Series: Cavern-Hoard Dragon,ltr,ART-61,ART-61,en,Art Series,nonfoil,Art Series Gold-Stamped,718700,,,"{""ambiguity_reasons"": [""unproven_treatment""], ""external_provenance"": [], ""scryfall_cardmarket_id"": null, ""stored_ids"": [718700], ""validated_stored_ids"": [718700]} Manual approval: EXACT_RECOVERED; provenance_gap=true retained.",EXACT,61505ee20b0778a25217588af58b15f36269fa58957bfa8d3e1719e6cc6d8a33,true,718700,54189435f777e9746d116ff2e4e83ab5071dc63465a645a923edce2b1307fb2c
117,667,magic,"Art Series: Gríma, Saruman's Footman",ltr,ART-63,ART-63,en,Art Series,nonfoil,Art Series Gold-Stamped,718708,,,"{""ambiguity_reasons"": [""unproven_treatment""], ""external_provenance"": [], ""scryfall_cardmarket_id"": null, ""stored_ids"": [718708], ""validated_stored_ids"": [718708]} Manual approval: EXACT_RECOVERED; provenance_gap=true retained.",EXACT,72a3c5c66e29a53729f109ca23d70caa9a9d4ef1eb876eef8d3c95971e20afb9,true,718708,54189435f777e9746d116ff2e4e83ab5071dc63465a645a923edce2b1307fb2c
118,671,magic,"Art Series: Merry, Warden of Isengard",ltr,ART-65,ART-65,en,Art Series,nonfoil,Art Series Gold-Stamped,718715,,,"{""ambiguity_reasons"": [""unproven_treatment""], ""external_provenance"": [], ""scryfall_cardmarket_id"": null, ""stored_ids"": [718715], ""validated_stored_ids"": [718715]} Manual approval: EXACT_RECOVERED; provenance_gap=true retained.",EXACT,5fe45b930e7609fec7815d9b4bc224460d01a5a473f0335f03142bfd103ae009,true,718715,54189435f777e9746d116ff2e4e83ab5071dc63465a645a923edce2b1307fb2c
119,674,magic,"Art Series: Treebeard, Gracious Host",ltr,ART-67,ART-67,en,Gold-Stamped,nonfoil,Art Series Gold-Stamped,718719,,,"{""ambiguity_reasons"": [""unproven_treatment""], ""external_provenance"": [], ""scryfall_cardmarket_id"": null, ""stored_ids"": [718719], ""validated_stored_ids"": [718719]} Manual approval: EXACT_RECOVERED; provenance_gap=true retained.",EXACT,718042798a0a8899dccfd3a36b2dcd9af533cfa9b60889ca47975d1c220d1b2e,true,718719,54189435f777e9746d116ff2e4e83ab5071dc63465a645a923edce2b1307fb2c
120,684,magic,Art Series: Asceticism,ltr,ART-72,ART-72,en,Art Series,nonfoil,Art Series Gold-Stamped,718740,,,"{""ambiguity_reasons"": [""unproven_treatment""], ""external_provenance"": [], ""scryfall_cardmarket_id"": null, ""stored_ids"": [718740], ""validated_stored_ids"": [718740]} Manual approval: EXACT_RECOVERED; provenance_gap=true retained.",EXACT,d7995ad4cef8cf2b780cd1b7c72be2bb1b968ac6bcf00941b23d607c3858b077,true,718740,54189435f777e9746d116ff2e4e83ab5071dc63465a645a923edce2b1307fb2c
121,689,magic,Art Series: Realm Seekers,ltr,ART-74,ART-74,en,Gold-Stamped,nonfoil,Art Series Gold-Stamped,718747,,,"{""ambiguity_reasons"": [""unproven_treatment""], ""external_provenance"": [], ""scryfall_cardmarket_id"": null, ""stored_ids"": [718747], ""validated_stored_ids"": [718747]} Manual approval: EXACT_RECOVERED; provenance_gap=true retained.",EXACT,744a4647704b154e231d83e88c2916cbad5e20b06f7123e5599277f425704480,true,718747,54189435f777e9746d116ff2e4e83ab5071dc63465a645a923edce2b1307fb2c
122,696,magic,Art Series: Ghost Quarter,ltr,ART-78,ART-78,en,Art Series,nonfoil,Art Series Gold-Stamped,718757,,,"{""ambiguity_reasons"": [""unproven_treatment""], ""external_provenance"": [], ""scryfall_cardmarket_id"": null, ""stored_ids"": [718757], ""validated_stored_ids"": [718757]} Manual approval: EXACT_RECOVERED; provenance_gap=true retained.",EXACT,f1590cd412eaec8eed73d1d01bad9fb3ad42af7360f596477a5453fb2d6024e6,true,718757,54189435f777e9746d116ff2e4e83ab5071dc63465a645a923edce2b1307fb2c
123,701,magic,Art Series: Valley of Gorgoroth,ltr,ART-80,ART-80,en,Art Series,nonfoil,Art Series Gold-Stamped,718763,,,"{""ambiguity_reasons"": [""unproven_treatment""], ""external_provenance"": [], ""scryfall_cardmarket_id"": null, ""stored_ids"": [718763], ""validated_stored_ids"": [718763]} Manual approval: EXACT_RECOVERED; provenance_gap=true retained.",EXACT,0593f358f8bcaef9d3e7a2608e85c838deb1792eb233a6f19b3392ff442d1349,true,718763,54189435f777e9746d116ff2e4e83ab5071dc63465a645a923edce2b1307fb2c
124,664,magic,"Art Series: Faramir, Steward of Gondor",ltr,ART-62,ART-62,en,Art Series,nonfoil,Art Series Gold-Stamped,718704,,,"{""ambiguity_reasons"": [""unproven_treatment""], ""external_provenance"": [], ""scryfall_cardmarket_id"": null, ""stored_ids"": [718704], ""validated_stored_ids"": [718704]} Manual approval: EXACT_RECOVERED; provenance_gap=true retained.",EXACT,bc2e18cfa335ff2b69ff67da337d0365faf2fe8c1d065a758e8d0ee527c35acf,true,718704,54189435f777e9746d116ff2e4e83ab5071dc63465a645a923edce2b1307fb2c
125,646,magic,Art Series: Nazgûl,ltr,ART-53,ART-53,en,Art Series,nonfoil,Art Series Gold-Stamped,718672,,,"{""ambiguity_reasons"": [""unproven_treatment""], ""external_provenance"": [], ""scryfall_cardmarket_id"": null, ""stored_ids"": [718672], ""validated_stored_ids"": [718672]} Manual approval: EXACT_RECOVERED; provenance_gap=true retained.",EXACT,d601cb860f27c9078674c4b3b71974eef68830df9b468cb31c971e2e0a273af1,true,718672,54189435f777e9746d116ff2e4e83ab5071dc63465a645a923edce2b1307fb2c
126,582,magic,"Art Series: Sauron, the Dark Lord",ltr,ART-21,ART-21,en,Art Series,nonfoil,Art Series Gold-Stamped,718602,,,"{""ambiguity_reasons"": [""unproven_treatment""], ""external_provenance"": [], ""scryfall_cardmarket_id"": null, ""stored_ids"": [718602], ""validated_stored_ids"": [718602]} Manual approval: EXACT_RECOVERED; provenance_gap=true retained.",EXACT,bb9f643216daafb680188c4fb204155867ec34303cde2d74f9ecc99281f401ef,true,718602,54189435f777e9746d116ff2e4e83ab5071dc63465a645a923edce2b1307fb2c
127,570,magic,"Art Series: Éowyn, Fearless Knight",ltr,ART-15,ART-15,en,Art Series,nonfoil,Art Series Gold-Stamped,718577,,,"{""ambiguity_reasons"": [""unproven_treatment""], ""external_provenance"": [], ""scryfall_cardmarket_id"": null, ""stored_ids"": [718577], ""validated_stored_ids"": [718577]} Manual approval: EXACT_RECOVERED; provenance_gap=true retained.",EXACT,1c5fd8e775b2530f4e7237096da9e6ac56bda331cc31eff56688a9e634d15a31,true,718577,54189435f777e9746d116ff2e4e83ab5071dc63465a645a923edce2b1307fb2c
128,645,magic,Art Series: Samwise Gamgee,ltr,ART-19,ART-19,en,Gold-Stamped,nonfoil,Art Series Gold-Stamped,718671,,,"{""ambiguity_reasons"": [""unproven_treatment""], ""external_provenance"": [], ""scryfall_cardmarket_id"": null, ""stored_ids"": [718671], ""validated_stored_ids"": [718671]} Manual approval: EXACT_RECOVERED; provenance_gap=true retained. A52g recorded as conflicting provenance and incorrect for this Collection item.",EXACT,c98cf03a7af231a01c925526bad33757fc397bd3c722988f1ea483c055c94076,true,718671,54189435f777e9746d116ff2e4e83ab5071dc63465a645a923edce2b1307fb2c
131,546,magic,Art Series: Gandalf the White,ltr,ART-3,ART-3,en,Art Series,nonfoil,Art Series Gold-Stamped,718547,,,"{""ambiguity_reasons"": [""unproven_treatment""], ""external_provenance"": [], ""scryfall_cardmarket_id"": null, ""stored_ids"": [718547], ""validated_stored_ids"": [718547]} Manual approval: EXACT_RECOVERED; provenance_gap=true retained.",EXACT,b1837d3c0e5d5fbdf54bb84ed3a2bfc46242f9bd259320ac473370d07fcee216,true,718547,54189435f777e9746d116ff2e4e83ab5071dc63465a645a923edce2b1307fb2c
