local_printing_id,game,card_name,card_number,local_set_code,set_name,language,local_version,rarity,finish,treatment,canonical_id,canonical_identity,blueprint_id,cardtrader_ids,scryfall_id,stored_cardmarket_id,resolved_cardmarket_id,cardmarket_candidates,cardmarket_product_name,cardmarket_expansion_id,cardmarket_expansion,cardmarket_version,cardmarket_number,cardmarket_language_scope,low,trend,avg1,avg7,avg30,low_alt,trend_alt,avg1_alt,avg7_alt,avg30_alt,cardmarket_metric_used,current_price,current_currency,display_currency,current_source,current_source_product_id,current_confidence,current_metric,current_timestamp,current_provenance,match_status,match_reason,identity_mismatch,currency_mismatch,metric_mismatch,price_difference,absolute_difference,percentage_difference,ratio,low_difference,low_percentage_difference,low_ratio,low_severity,low_vs_trend_difference,low_vs_trend_percentage,low_vs_trend_ratio,price_severity,primary_cause,secondary_tags,evidence,collection_item_id,collection_quantity,collection_current_contribution,collection_cardmarket_contribution,collection_difference
17163,one_piece,Borsalino,OP05-051,op05,OP-05: Awakening of the New Era,jp,Base,Common,,,2326,one_piece:OP05-051,268604,268604,,"733344,747506",,"733344,747506",Borsalino (OP05-051),5481,,,OP05-051,mixed/unknown,0.08,0.39,0.16,0.31,0.43,,0,,,,Low,0.2,EUR,EUR,cardtrader,268604,high,Low,2026-08-29T12:19:30.162830+00:00,"""{\""cardmarket_exact_candidates\"": [], \""snapshot_fingerprint\"": \""1bc70b638e5f72e44eadf4a01ad28a6adcca97049f8effe170864d3c07827e3c\""}""",AMBIGUOUS,Cardmarket product language/version is not provably exact,false,false,false,,,,,,,,NO_COMPARISON,,,,NO_COMPARISON,ambiguous_identity,,"{""external_provenance"": [{""exact_language"": false, ""id"": 733344, ""metadata"": {""allowed_languages"": [""en"", ""jp"", ""zh-CN"", ""kr"", ""fr""]}, ""scope"": ""mixed""}, {""exact_language"": false, ""id"": 747506, ""metadata"": {""allowed_languages"": [""en"", ""jp"", ""zh-CN"", ""kr"", ""fr""]}, ""scope"": ""mixed""}], ""scryfall_cardmarket_id"": null, ""stored_ids"": [733344, 747506], ""validated_stored_ids"": [733344, 747506]}",133,1,0.2,,
15439,one_piece,Dracule Mihawk,OP01-070,op01,OP-01: Romance Dawn,jp,Alternate Art | Fixed Reprint,Alternate Art,,,1319,one_piece:OP01-070,244585,244585,,"690897,768325",,"690897,768325",Dracule Mihawk (OP01-070),5229,,,OP01-070,mixed/unknown,40,64.99,55,59.94,57.2,,0,,,,Low,20.27,EUR,EUR,cardtrader,244585,high,Low,2026-08-29T12:19:30.162830+00:00,"""{\""cardmarket_exact_candidates\"": [], \""snapshot_fingerprint\"": \""ed63f1149851e6bc56cd82046b8e8e14437baff5486bccf530f81e7986c3589e\""}""",AMBIGUOUS,Cardmarket product language/version is not provably exact,false,false,false,,,,,,,,NO_COMPARISON,,,,NO_COMPARISON,ambiguous_identity,,"{""external_provenance"": [{""exact_language"": false, ""id"": 690897, ""metadata"": {""allowed_languages"": [""en"", ""jp"", ""zh-CN"", ""kr"", ""fr""]}, ""scope"": ""mixed""}, {""exact_language"": false, ""id"": 768325, ""metadata"": {""allowed_languages"": [""en"", ""jp"", ""zh-CN"", ""kr"", ""fr""]}, ""scope"": ""mixed""}], ""scryfall_cardmarket_id"": null, ""stored_ids"": [690897, 768325], ""validated_stored_ids"": [690897, 768325]}",134,1,20.27,,
15437,one_piece,Dracule Mihawk,OP01-070,op01,OP-01: Romance Dawn,jp,Fixed Reprint,Super Rare,,,1319,one_piece:OP01-070,244584,244584,,"690896,768324",,"690896,768324",Dracule Mihawk (OP01-070),5229,,,OP01-070,mixed/unknown,0.15,0.71,0.94,0.53,0.7,,0,,,,Low,0.33,EUR,EUR,cardtrader,244584,high,Low,2026-08-29T12:19:30.162830+00:00,"""{\""cardmarket_exact_candidates\"": [], \""snapshot_fingerprint\"": \""92e8017393fdf46722e6939861834c2a24bb2d61f8f044ccd0ecdb9815c645aa\""}""",AMBIGUOUS,Cardmarket product language/version is not provably exact,false,false,false,,,,,,,,NO_COMPARISON,,,,NO_COMPARISON,ambiguous_identity,,"{""external_provenance"": [{""exact_language"": false, ""id"": 690896, ""metadata"": {""allowed_languages"": [""en"", ""jp"", ""zh-CN"", ""kr"", ""fr""]}, ""scope"": ""mixed""}, {""exact_language"": false, ""id"": 768324, ""metadata"": {""allowed_languages"": [""en"", ""jp"", ""zh-CN"", ""kr"", ""fr""]}, ""scope"": ""mixed""}], ""scryfall_cardmarket_id"": null, ""stored_ids"": [690896, 768324], ""validated_stored_ids"": [690896, 768324]}",135,1,0.33,,
22263,one_piece,Yamato,OP13-054,op13,OP-13: Carrying on his Will,jp,Base,Super Rare,,,5901,one_piece:OP13-054,354348,354348,,"845324,857251",,"845324,857251",Yamato (OP13-054),6277,,,OP13-054,mixed/unknown,0.02,0.22,0.06,0.14,0.17,,0,,,,Low,0.24,EUR,EUR,cardtrader,354348,high,Low,2026-08-29T12:19:30.162830+00:00,"""{\""cardmarket_exact_candidates\"": [], \""snapshot_fingerprint\"": \""f140c9f06ae149287b63588b650b00ffb6b392672def9fb67474bf8a3073c3f5\""}""",AMBIGUOUS,Cardmarket product language/version is not provably exact,false,false,false,,,,,,,,NO_COMPARISON,,,,NO_COMPARISON,ambiguous_identity,,"{""external_provenance"": [{""exact_language"": false, ""id"": 845324, ""metadata"": {""allowed_languages"": [""en"", ""jp"", ""zh-CN"", ""kr"", ""fr""]}, ""scope"": ""mixed""}, {""exact_language"": false, ""id"": 857251, ""metadata"": {""allowed_languages"": [""en"", ""jp"", ""zh-CN"", ""kr"", ""fr""]}, ""scope"": ""mixed""}], ""scryfall_cardmarket_id"": null, ""stored_ids"": [845324, 857251], ""validated_stored_ids"": [845324, 857251]}",136,1,0.24,,
22215,one_piece,Lilith,OP13-113,op13,OP-13: Carrying on his Will,jp,Alternate Art,Alternate Art,,,5932,one_piece:OP13-113,354323,354323,,"845665,857331",,"845665,857331",Lilith (OP13-113),6277,,,OP13-113,mixed/unknown,1.48,2.43,1.4,2.53,2.58,,0,,,,Low,6.89,EUR,EUR,cardtrader,354323,high,Low,2026-08-29T12:19:30.162830+00:00,"""{\""cardmarket_exact_candidates\"": [], \""snapshot_fingerprint\"": \""4dc37fcf8a52ec8214bcaeacd115a174a4282f633be8c939411b4b6cf4fd4f88\""}""",AMBIGUOUS,Cardmarket product language/version is not provably exact,false,false,false,,,,,,,,NO_COMPARISON,,,,NO_COMPARISON,ambiguous_identity,,"{""external_provenance"": [{""exact_language"": false, ""id"": 845665, ""metadata"": {""allowed_languages"": [""en"", ""jp"", ""zh-CN"", ""kr"", ""fr""]}, ""scope"": ""mixed""}, {""exact_language"": false, ""id"": 857331, ""metadata"": {""allowed_languages"": [""en"", ""jp"", ""zh-CN"", ""kr"", ""fr""]}, ""scope"": ""mixed""}], ""scryfall_cardmarket_id"": null, ""stored_ids"": [845665, 857331], ""validated_stored_ids"": [845665, 857331]}",137,1,6.89,,
21131,one_piece,Monkey.D.Luffy,EB02-061A,eb-02,EB-02: Anime 25th Collection,jp,Secret Rare | Alternate Art,Alternate Art,,,5201,one_piece:EB02-061A,330432,330432,,823516,,"808171,808172,808173,823515,823516,823517,838704,838705,852319,852320",,,,,,,,,,,,,,,,,Low,200.64,EUR,EUR,cardtrader,330432,low,Low,2026-08-28T15:00:15.994637+00:00,"""{\""cardmarket_exact_candidates\"": [], \""snapshot_fingerprint\"": \""f977bead1032ce74feda6ef56ab04c70cbb0c35aa5f7e77dd29f972b411c587c\""}""",MISMATCH,stored Cardmarket product conflicts with local printing,true,false,false,,,,,,,,CRITICAL,,,,CRITICAL,wrong_cardmarket_id,,"{""diagnostic_candidates"": [808171, 808172, 808173, 823515, 823516, 823517, 838704, 838705, 852319, 852320], ""external_provenance"": [{""exact_language"": false, ""id"": 823516, ""metadata"": {""allowed_languages"": [""en"", ""jp"", ""zh-CN"", ""kr"", ""fr""]}, ""scope"": ""mixed""}], ""mismatch_reasons"": [""wrong_cardmarket_id""], ""scryfall_cardmarket_id"": null, ""stored_ids"": [823516], ""validated_stored_ids"": [823516]}",138,1,200.64,,
17143,one_piece,Rob Lucci,OP05-093,op05,OP-05: Awakening of the New Era,jp,093 | Alternate Art,Alternate Art,,,744,one_piece:OP05-093,268464,268464,,"733430,747782",,"733430,747782",Rob Lucci (OP05-093),5481,,,OP05-093,mixed/unknown,2.95,4.23,3,3.63,3.98,,0,,,,Low,4.9,EUR,EUR,cardtrader,268464,high,Low,2026-08-29T12:19:30.162830+00:00,"""{\""cardmarket_exact_candidates\"": [], \""snapshot_fingerprint\"": \""a7795c069cf959cb1f622804d9832b61a3feda75c910feb3d580005acb1bac77\""}""",AMBIGUOUS,Cardmarket product language/version is not provably exact,false,false,false,,,,,,,,NO_COMPARISON,,,,NO_COMPARISON,ambiguous_identity,,"{""external_provenance"": [{""exact_language"": false, ""id"": 733430, ""metadata"": {""allowed_languages"": [""en"", ""jp"", ""zh-CN"", ""kr"", ""fr""]}, ""scope"": ""mixed""}, {""exact_language"": false, ""id"": 747782, ""metadata"": {""allowed_languages"": [""en"", ""jp"", ""zh-CN"", ""kr"", ""fr""]}, ""scope"": ""mixed""}], ""scryfall_cardmarket_id"": null, ""stored_ids"": [733430, 747782], ""validated_stored_ids"": [733430, 747782]}",139,1,4.9,,
17185,one_piece,X.Drake,OP05-055,op05,OP-05: Awakening of the New Era,jp,Alternate Art,Alternate Art,,,2338,one_piece:OP05-055,269569,269569,,"733352,747512",,"733352,747512",X.Drake (OP05-055),5481,,,OP05-055,mixed/unknown,1.89,4.28,1,4.58,3.07,,0,,,,Low,1.99,EUR,EUR,cardtrader,269569,high,Low,2026-08-29T12:19:30.162830+00:00,"""{\""cardmarket_exact_candidates\"": [], \""snapshot_fingerprint\"": \""3c143b17998a365e5fb3b2a2543ec817daefb69f3de1c914d6b98664d3988453\""}""",AMBIGUOUS,Cardmarket product language/version is not provably exact,false,false,false,,,,,,,,NO_COMPARISON,,,,NO_COMPARISON,ambiguous_identity,,"{""external_provenance"": [{""exact_language"": false, ""id"": 733352, ""metadata"": {""allowed_languages"": [""en"", ""jp"", ""zh-CN"", ""kr"", ""fr""]}, ""scope"": ""mixed""}, {""exact_language"": false, ""id"": 747512, ""metadata"": {""allowed_languages"": [""en"", ""jp"", ""zh-CN"", ""kr"", ""fr""]}, ""scope"": ""mixed""}], ""scryfall_cardmarket_id"": null, ""stored_ids"": [733352, 747512], ""validated_stored_ids"": [733352, 747512]}",140,1,1.99,,
15290,one_piece,Cavendish,OP01-008,op01,OP-01: Romance Dawn,jp,Box Topper,Alternate Art,,,1244,one_piece:OP01-008,244478,244478,,"690804,768247",,"690804,768247",Cavendish (OP01-008),5229,,,OP01-008,mixed/unknown,3,6.77,5,6.1,6.01,,0,,,,Low,3.84,EUR,EUR,cardtrader,244478,high,Low,2026-08-29T12:19:30.162830+00:00,"""{\""cardmarket_exact_candidates\"": [], \""snapshot_fingerprint\"": \""3515ccc17c77db15cabc75b28f516f1a2d9d974ac494556692da037eebaf6633\""}""",AMBIGUOUS,Cardmarket product language/version is not provably exact,false,false,false,,,,,,,,NO_COMPARISON,,,,NO_COMPARISON,ambiguous_identity,,"{""external_provenance"": [{""exact_language"": false, ""id"": 690804, ""metadata"": {""allowed_languages"": [""en"", ""jp"", ""zh-CN"", ""kr"", ""fr""]}, ""scope"": ""mixed""}, {""exact_language"": false, ""id"": 768247, ""metadata"": {""allowed_languages"": [""en"", ""jp"", ""zh-CN"", ""kr"", ""fr""]}, ""scope"": ""mixed""}], ""scryfall_cardmarket_id"": null, ""stored_ids"": [690804, 768247], ""validated_stored_ids"": [690804, 768247]}",141,1,3.84,,
22265,one_piece,Gol.D.Roger,OP13-064,op13,OP-13: Carrying on his Will,jp,Base,Super Rare,,,5893,one_piece:OP13-064,354349,354349,,"845596,857262",,"845596,857262",Gol.D.Roger (OP13-064),6277,,,OP13-064,mixed/unknown,0.02,0.1,0.3,0.17,0.16,,0,,,,Low,0.34,EUR,EUR,cardtrader,354349,high,Low,2026-08-29T12:19:30.162830+00:00,"""{\""cardmarket_exact_candidates\"": [], \""snapshot_fingerprint\"": \""ec9aab8ed8e2d8c93816de913033d242c7a86cbcc65d42dfa60cca26cc741379\""}""",AMBIGUOUS,Cardmarket product language/version is not provably exact,false,false,false,,,,,,,,NO_COMPARISON,,,,NO_COMPARISON,ambiguous_identity,,"{""external_provenance"": [{""exact_language"": false, ""id"": 845596, ""metadata"": {""allowed_languages"": [""en"", ""jp"", ""zh-CN"", ""kr"", ""fr""]}, ""scope"": ""mixed""}, {""exact_language"": false, ""id"": 857262, ""metadata"": {""allowed_languages"": [""en"", ""jp"", ""zh-CN"", ""kr"", ""fr""]}, ""scope"": ""mixed""}], ""scryfall_cardmarket_id"": null, ""stored_ids"": [845596, 857262], ""validated_stored_ids"": [845596, 857262]}",142,1,0.34,,
21085,one_piece,Nefeltari Vivi,EB02-026,eb-02,EB-02: Anime 25th Collection,jp,Base,Super Rare,,,5156,one_piece:EB02-026,330373,330373,,823455,,823455,Nefeltari Vivi (EB02-026),6028,,,EB02-026,mixed/unknown,1.2,2.26,2.1,2.28,2.42,,0,,,,Low,2.31,EUR,EUR,cardtrader,330373,high,Low,2026-08-28T15:00:15.994637+00:00,"""{\""cardmarket_exact_candidates\"": [], \""snapshot_fingerprint\"": \""7b8549e9bfe4a760add4338fdf78eff23009e52797a9ea6634bd32ba97c34585\""}""",AMBIGUOUS,Cardmarket product language/version is not provably exact,false,false,false,,,,,,,,NO_COMPARISON,,,,NO_COMPARISON,ambiguous_identity,,"{""external_provenance"": [{""exact_language"": false, ""id"": 823455, ""metadata"": {""allowed_languages"": [""en"", ""jp"", ""zh-CN"", ""kr"", ""fr""]}, ""scope"": ""mixed""}], ""scryfall_cardmarket_id"": null, ""stored_ids"": [823455], ""validated_stored_ids"": [823455]}",143,1,2.31,,
19531,one_piece,S-Snake,OP08-112,op08,OP-08: Two Legends,jp,Base,Super Rare,,,3997,one_piece:OP08-112,299411,299411,,"771756,788021",,"771756,788021",S-Snake (OP08-112),5744,,,OP08-112,mixed/unknown,0.05,0.29,0.24,0.26,0.27,,0,,,,Low,0.78,EUR,EUR,cardtrader,299411,high,Low,2026-08-29T12:19:30.162830+00:00,"""{\""cardmarket_exact_candidates\"": [], \""snapshot_fingerprint\"": \""ce42bf35070f60fa20037da6302d51808d8b8bdcc5c3f67bcaccc9ae588d4432\""}""",AMBIGUOUS,Cardmarket product language/version is not provably exact,false,false,false,,,,,,,,NO_COMPARISON,,,,NO_COMPARISON,ambiguous_identity,,"{""external_provenance"": [{""exact_language"": false, ""id"": 771756, ""metadata"": {""allowed_languages"": [""en"", ""jp"", ""zh-CN"", ""kr"", ""fr""]}, ""scope"": ""mixed""}, {""exact_language"": false, ""id"": 788021, ""metadata"": {""allowed_languages"": [""en"", ""jp"", ""zh-CN"", ""kr"", ""fr""]}, ""scope"": ""mixed""}], ""scryfall_cardmarket_id"": null, ""stored_ids"": [771756, 788021], ""validated_stored_ids"": [771756, 788021]}",144,1,0.78,,
17141,one_piece,Koala,OP05-006,op05,OP-05: Awakening of the New Era,jp,Base,Super Rare,,,2316,one_piece:OP05-006,268463,268463,,"733281,747444",,"733281,747444",Koala (OP05-006),5481,,,OP05-006,mixed/unknown,0.02,0.11,0.05,0.08,0.13,,0,,,,Low,0.11,EUR,EUR,cardtrader,268463,high,Low,2026-08-29T12:19:30.162830+00:00,"""{\""cardmarket_exact_candidates\"": [], \""snapshot_fingerprint\"": \""65c164f9e4e9b5f141a687e3a0ba76f15a3914f0b368424423bbfe64fb551e5a\""}""",AMBIGUOUS,Cardmarket product language/version is not provably exact,false,false,false,,,,,,,,NO_COMPARISON,,,,NO_COMPARISON,ambiguous_identity,,"{""external_provenance"": [{""exact_language"": false, ""id"": 733281, ""metadata"": {""allowed_languages"": [""en"", ""jp"", ""zh-CN"", ""kr"", ""fr""]}, ""scope"": ""mixed""}, {""exact_language"": false, ""id"": 747444, ""metadata"": {""allowed_languages"": [""en"", ""jp"", ""zh-CN"", ""kr"", ""fr""]}, ""scope"": ""mixed""}], ""scryfall_cardmarket_id"": null, ""stored_ids"": [733281, 747444], ""validated_stored_ids"": [733281, 747444]}",145,1,0.11,,
15326,one_piece,Monkey.D.Luffy,OP01-024,op01,OP-01: Romance Dawn,jp,Base,Super Rare,,,1263,one_piece:OP01-024,244509,244509,,"690823,768265",,"690823,768265",Monkey.D.Luffy (OP01-024),5229,,,OP01-024,mixed/unknown,0.2,0.84,1.16,0.97,0.88,,0,,,,Low,0.27,EUR,EUR,cardtrader,244509,high,Low,2026-08-29T12:19:30.162830+00:00,"""{\""cardmarket_exact_candidates\"": [], \""snapshot_fingerprint\"": \""25322e5e741e5df1218891d38ef62046a09d469f6b852631930f235a0356b94c\""}""",AMBIGUOUS,Cardmarket product language/version is not provably exact,false,false,false,,,,,,,,NO_COMPARISON,,,,NO_COMPARISON,ambiguous_identity,,"{""external_provenance"": [{""exact_language"": false, ""id"": 690823, ""metadata"": {""allowed_languages"": [""en"", ""jp"", ""zh-CN"", ""kr"", ""fr""]}, ""scope"": ""mixed""}, {""exact_language"": false, ""id"": 768265, ""metadata"": {""allowed_languages"": [""en"", ""jp"", ""zh-CN"", ""kr"", ""fr""]}, ""scope"": ""mixed""}], ""scryfall_cardmarket_id"": null, ""stored_ids"": [690823, 768265], ""validated_stored_ids"": [690823, 768265]}",146,1,0.27,,
21059,one_piece,Yamato,EB02-006,eb-02,EB-02: Anime 25th Collection,jp,Base,Super Rare,,,3576,one_piece:EB02-006,330347,330347,,823429,,823429,Yamato (EB02-006),6028,,,EB02-006,mixed/unknown,2,3.59,4,4.23,4.32,,0,,,,Low,5.2,EUR,EUR,cardtrader,330347,high,Low,2026-08-28T15:00:15.994637+00:00,"""{\""cardmarket_exact_candidates\"": [], \""snapshot_fingerprint\"": \""f7eb1ecbf75efaa7fd4c78d510509ea646bfb33733eb6d3f405e127406374f91\""}""",AMBIGUOUS,Cardmarket product language/version is not provably exact,false,false,false,,,,,,,,NO_COMPARISON,,,,NO_COMPARISON,ambiguous_identity,,"{""external_provenance"": [{""exact_language"": false, ""id"": 823429, ""metadata"": {""allowed_languages"": [""en"", ""jp"", ""zh-CN"", ""kr"", ""fr""]}, ""scope"": ""mixed""}], ""scryfall_cardmarket_id"": null, ""stored_ids"": [823429], ""validated_stored_ids"": [823429]}",147,1,5.2,,
17335,one_piece,Pica,OP05-032,op05,OP-05: Awakening of the New Era,jp,Base,Super Rare,,,2414,one_piece:OP05-032,270404,270404,,"733317,747476",,"733317,747476",Pica (OP05-032),5481,,,OP05-032,mixed/unknown,0.02,0.36,0.02,0.44,0.35,,0,,,,Low,0.11,EUR,EUR,cardtrader,270404,high,Low,2026-08-29T12:19:30.162830+00:00,"""{\""cardmarket_exact_candidates\"": [], \""snapshot_fingerprint\"": \""f64083a018d129a2ce9f3973d0d018f4cd12ce44beb2a52ae76b5f10dc1708e3\""}""",AMBIGUOUS,Cardmarket product language/version is not provably exact,false,false,false,,,,,,,,NO_COMPARISON,,,,NO_COMPARISON,ambiguous_identity,,"{""external_provenance"": [{""exact_language"": false, ""id"": 733317, ""metadata"": {""allowed_languages"": [""en"", ""jp"", ""zh-CN"", ""kr"", ""fr""]}, ""scope"": ""mixed""}, {""exact_language"": false, ""id"": 747476, ""metadata"": {""allowed_languages"": [""en"", ""jp"", ""zh-CN"", ""kr"", ""fr""]}, ""scope"": ""mixed""}], ""scryfall_cardmarket_id"": null, ""stored_ids"": [733317, 747476], ""validated_stored_ids"": [733317, 747476]}",148,1,0.11,,
15366,one_piece,Kin'emon,OP01-040,op01,OP-01: Romance Dawn,jp,Base,Super Rare,,,1283,one_piece:OP01-040,244548,244548,,"690844,768285",,"690844,768285",Kin'emon (OP01-040),5229,,,OP01-040,mixed/unknown,0.49,0.99,0.9,1.05,0.94,,0,,,,Low,0.89,EUR,EUR,cardtrader,244548,high,Low,2026-08-29T12:19:30.162830+00:00,"""{\""cardmarket_exact_candidates\"": [], \""snapshot_fingerprint\"": \""b75dfc4c99a28228e113fa0415ff6912ddf0548e027efd950458db94cfc4a6ed\""}""",AMBIGUOUS,Cardmarket product language/version is not provably exact,false,false,false,,,,,,,,NO_COMPARISON,,,,NO_COMPARISON,ambiguous_identity,,"{""external_provenance"": [{""exact_language"": false, ""id"": 690844, ""metadata"": {""allowed_languages"": [""en"", ""jp"", ""zh-CN"", ""kr"", ""fr""]}, ""scope"": ""mixed""}, {""exact_language"": false, ""id"": 768285, ""metadata"": {""allowed_languages"": [""en"", ""jp"", ""zh-CN"", ""kr"", ""fr""]}, ""scope"": ""mixed""}], ""scryfall_cardmarket_id"": null, ""stored_ids"": [690844, 768285], ""validated_stored_ids"": [690844, 768285]}",149,1,0.89,,
21108,one_piece,Trafalgar Law,EB02-045,eb-02,EB-02: Anime 25th Collection,jp,Base,Super Rare,,,5179,one_piece:EB02-045,330404,330404,,823481,,823481,Trafalgar Law (EB02-045),6028,,,EB02-045,mixed/unknown,0.25,1.38,1.64,1.13,1.1,,0,,,,Low,0.99,EUR,EUR,cardtrader,330404,high,Low,2026-08-28T15:00:15.994637+00:00,"""{\""cardmarket_exact_candidates\"": [], \""snapshot_fingerprint\"": \""c1a429ddfcb162c535c42e3493dbb3fd291ab1504af91d157ba551a4fae8ffaa\""}""",AMBIGUOUS,Cardmarket product language/version is not provably exact,false,false,false,,,,,,,,NO_COMPARISON,,,,NO_COMPARISON,ambiguous_identity,,"{""external_provenance"": [{""exact_language"": false, ""id"": 823481, ""metadata"": {""allowed_languages"": [""en"", ""jp"", ""zh-CN"", ""kr"", ""fr""]}, ""scope"": ""mixed""}], ""scryfall_cardmarket_id"": null, ""stored_ids"": [823481], ""validated_stored_ids"": [823481]}",150,1,0.99,,
22257,one_piece,Uta,OP13-023,op13,OP-13: Carrying on his Will,jp,Base,Super Rare,,,5900,one_piece:OP13-023,354345,354345,,"845271,857215",,"845271,857215",Uta (OP13-023),6277,,,OP13-023,mixed/unknown,0.02,0.26,0.1,0.17,0.16,,0,,,,Low,0.23,EUR,EUR,cardtrader,354345,high,Low,2026-08-29T12:19:30.162830+00:00,"""{\""cardmarket_exact_candidates\"": [], \""snapshot_fingerprint\"": \""5401543e45f5aca00835d1c4a17f41d226f93cb2a24cd235c8cae63333d99bd5\""}""",AMBIGUOUS,Cardmarket product language/version is not provably exact,false,false,false,,,,,,,,NO_COMPARISON,,,,NO_COMPARISON,ambiguous_identity,,"{""external_provenance"": [{""exact_language"": false, ""id"": 845271, ""metadata"": {""allowed_languages"": [""en"", ""jp"", ""zh-CN"", ""kr"", ""fr""]}, ""scope"": ""mixed""}, {""exact_language"": false, ""id"": 857215, ""metadata"": {""allowed_languages"": [""en"", ""jp"", ""zh-CN"", ""kr"", ""fr""]}, ""scope"": ""mixed""}], ""scryfall_cardmarket_id"": null, ""stored_ids"": [845271, 857215], ""validated_stored_ids"": [845271, 857215]}",151,1,0.23,,
14625,one_piece,Trafalgar Law,P-038,promo,One Piece Promos,jp,Base,Promo,,,675,one_piece:P-038,256657,256657,,722798,,722798,Trafalgar Law (P-038),5511,,,P-038,mixed/unknown,1.8,2.45,2,2.35,1.5,,0,,,,Low,7.02,EUR,EUR,cardtrader,256657,medium,Low,2026-08-28T15:00:15.994637+00:00,"""{\""cardmarket_exact_candidates\"": [], \""snapshot_fingerprint\"": \""6a7dffcb92d639ce1a04499ba1532152536383cc9109c95e8e2f175d8c751ef8\""}""",AMBIGUOUS,Cardmarket product language/version is not provably exact,false,false,false,,,,,,,,NO_COMPARISON,,,,NO_COMPARISON,ambiguous_identity,,"{""external_provenance"": [{""exact_language"": false, ""id"": 722798, ""metadata"": {""allowed_languages"": [""en"", ""jp"", ""zh-CN"", ""kr"", ""fr""]}, ""scope"": ""mixed""}], ""scryfall_cardmarket_id"": null, ""stored_ids"": [722798], ""validated_stored_ids"": [722798]}",152,1,7.02,,
22273,one_piece,Stussy,OP13-110,op13,OP-13: Carrying on his Will,jp,Base,Super Rare,,,5899,one_piece:OP13-110,354353,354353,,"845660,857326",,"845660,857326",Stussy (OP13-110),6277,,,OP13-110,mixed/unknown,0.02,0.12,0.02,0.12,0.15,,0,,,,Low,0.19,EUR,EUR,cardtrader,354353,high,Low,2026-08-29T12:19:30.162830+00:00,"""{\""cardmarket_exact_candidates\"": [], \""snapshot_fingerprint\"": \""9504475a96388cda4d4dc32f6b31cd129a79bc1c9f4f32867d17ea35ef6121b9\""}""",AMBIGUOUS,Cardmarket product language/version is not provably exact,false,false,false,,,,,,,,NO_COMPARISON,,,,NO_COMPARISON,ambiguous_identity,,"{""external_provenance"": [{""exact_language"": false, ""id"": 845660, ""metadata"": {""allowed_languages"": [""en"", ""jp"", ""zh-CN"", ""kr"", ""fr""]}, ""scope"": ""mixed""}, {""exact_language"": false, ""id"": 857326, ""metadata"": {""allowed_languages"": [""en"", ""jp"", ""zh-CN"", ""kr"", ""fr""]}, ""scope"": ""mixed""}], ""scryfall_cardmarket_id"": null, ""stored_ids"": [845660, 857326], ""validated_stored_ids"": [845660, 857326]}",153,1,0.19,,
15503,one_piece,King,OP01-096,op01,OP-01: Romance Dawn,jp,Fixed Reprint,Super Rare,,,1352,one_piece:OP01-096,244639,244639,,"690929,768358",,"690929,768358",King (OP01-096),5229,,,OP01-096,mixed/unknown,0.29,0.87,1.1,1.02,1.05,,0,,,,Low,0.9,EUR,EUR,cardtrader,244639,high,Low,2026-08-29T12:19:30.162830+00:00,"""{\""cardmarket_exact_candidates\"": [], \""snapshot_fingerprint\"": \""2942a3fa8622c2ec10a21693e2e8be7ad35225b8f6efae2bb625eda278cc71ce\""}""",AMBIGUOUS,Cardmarket product language/version is not provably exact,false,false,false,,,,,,,,NO_COMPARISON,,,,NO_COMPARISON,ambiguous_identity,,"{""external_provenance"": [{""exact_language"": false, ""id"": 690929, ""metadata"": {""allowed_languages"": [""en"", ""jp"", ""zh-CN"", ""kr"", ""fr""]}, ""scope"": ""mixed""}, {""exact_language"": false, ""id"": 768358, ""metadata"": {""allowed_languages"": [""en"", ""jp"", ""zh-CN"", ""kr"", ""fr""]}, ""scope"": ""mixed""}], ""scryfall_cardmarket_id"": null, ""stored_ids"": [690929, 768358], ""validated_stored_ids"": [690929, 768358]}",154,1,0.9,,
17179,one_piece,Rebecca,OP05-091,op05,OP-05: Awakening of the New Era,jp,Base,Super Rare,,,1526,one_piece:OP05-091,269205,269205,,"733426,747775",,"733426,747775",Rebecca (OP05-091),5481,,,OP05-091,mixed/unknown,0.05,0.17,0.37,0.24,0.79,,0,,,,Low,0.44,EUR,EUR,cardtrader,269205,high,Low,2026-08-29T12:19:30.162830+00:00,"""{\""cardmarket_exact_candidates\"": [], \""snapshot_fingerprint\"": \""6541f58b2946b446eacf5b428c18cb0c704e82899303223df6d6cc37bbbaa064\""}""",AMBIGUOUS,Cardmarket product language/version is not provably exact,false,false,false,,,,,,,,NO_COMPARISON,,,,NO_COMPARISON,ambiguous_identity,,"{""external_provenance"": [{""exact_language"": false, ""id"": 733426, ""metadata"": {""allowed_languages"": [""en"", ""jp"", ""zh-CN"", ""kr"", ""fr""]}, ""scope"": ""mixed""}, {""exact_language"": false, ""id"": 747775, ""metadata"": {""allowed_languages"": [""en"", ""jp"", ""zh-CN"", ""kr"", ""fr""]}, ""scope"": ""mixed""}], ""scryfall_cardmarket_id"": null, ""stored_ids"": [733426, 747775], ""validated_stored_ids"": [733426, 747775]}",155,1,0.44,,
